kind,id,file,declaration,axioms,n_axioms,uses_sorry_axiom,beyond_standard,status,elapsed_seconds
certificate,verina_advanced_1__T1_let_intro__0,artifacts/certificates/verina_advanced_1/verina_advanced_1__T1_let_intro__0.lean,rp_equiv_rfl_nosmart,,0,False,,clean,1.316
certificate,verina_advanced_1__T2_helper_extract__0,artifacts/certificates/verina_advanced_1/verina_advanced_1__T2_helper_extract__0.lean,rp_equiv_rfl_nosmart,,0,False,,clean,1.323
certificate,verina_advanced_11__T1_let_intro__0,artifacts/certificates/verina_advanced_11/verina_advanced_11__T1_let_intro__0.lean,rp_equiv_rfl,,0,False,,clean,1.285
certificate,verina_advanced_11__T2_helper_extract__0,artifacts/certificates/verina_advanced_11/verina_advanced_11__T2_helper_extract__0.lean,rp_equiv_rfl,,0,False,,clean,1.283
certificate,verina_advanced_12__T1_let_intro__0,artifacts/certificates/verina_advanced_12/verina_advanced_12__T1_let_intro__0.lean,rp_equiv_rfl_nosmart,,0,False,,clean,1.282
certificate,verina_advanced_12__T2_helper_extract__0,artifacts/certificates/verina_advanced_12/verina_advanced_12__T2_helper_extract__0.lean,rp_equiv_rfl_nosmart,,0,False,,clean,1.273
certificate,verina_advanced_13__T1_let_intro__0,artifacts/certificates/verina_advanced_13/verina_advanced_13__T1_let_intro__0.lean,rp_equiv_rfl_nosmart,,0,False,,clean,1.494
certificate,verina_advanced_13__T2_helper_extract__0,artifacts/certificates/verina_advanced_13/verina_advanced_13__T2_helper_extract__0.lean,rp_equiv_rfl_nosmart,,0,False,,clean,1.498
certificate,verina_advanced_14__T1_let_intro__0,artifacts/certificates/verina_advanced_14/verina_advanced_14__T1_let_intro__0.lean,rp_equiv_delta_rfl,"propext, Quot.sound",2,False,,clean,1.609
certificate,verina_advanced_14__T2_helper_extract__0,artifacts/certificates/verina_advanced_14/verina_advanced_14__T2_helper_extract__0.lean,rp_equiv_delta_rfl,"propext, Quot.sound",2,False,,clean,1.557
certificate,verina_advanced_15__T1_let_intro__0,artifacts/certificates/verina_advanced_15/verina_advanced_15__T1_let_intro__0.lean,rp_equiv_rfl_nosmart,,0,False,,clean,1.338
certificate,verina_advanced_15__T2_helper_extract__0,artifacts/certificates/verina_advanced_15/verina_advanced_15__T2_helper_extract__0.lean,rp_equiv_rfl_nosmart,,0,False,,clean,1.328
certificate,verina_advanced_15__T4_cond_invert__0,artifacts/certificates/verina_advanced_15/verina_advanced_15__T4_cond_invert__0.lean,rp_equiv_simp_only,propext,1,False,,clean,1.716
certificate,verina_advanced_16__T1_let_intro__0,artifacts/certificates/verina_advanced_16/verina_advanced_16__T1_let_intro__0.lean,rp_equiv_rfl_nosmart,,0,False,,clean,1.17
certificate,verina_advanced_16__T2_helper_extract__0,artifacts/certificates/verina_advanced_16/verina_advanced_16__T2_helper_extract__0.lean,rp_equiv_rfl_nosmart,,0,False,,clean,1.241
certificate,verina_advanced_17__T1_let_intro__0,artifacts/certificates/verina_advanced_17/verina_advanced_17__T1_let_intro__0.lean,rp_equiv_rfl,,0,False,,clean,1.2
certificate,verina_advanced_17__T2_helper_extract__0,artifacts/certificates/verina_advanced_17/verina_advanced_17__T2_helper_extract__0.lean,rp_equiv_rfl,,0,False,,clean,1.13
certificate,verina_advanced_18__T1_let_intro__0,artifacts/certificates/verina_advanced_18/verina_advanced_18__T1_let_intro__0.lean,rp_equiv_rfl,"propext, Quot.sound",2,False,,clean,1.447
certificate,verina_advanced_18__T2_helper_extract__0,artifacts/certificates/verina_advanced_18/verina_advanced_18__T2_helper_extract__0.lean,rp_equiv_rfl,"propext, Quot.sound",2,False,,clean,1.514
certificate,verina_advanced_19__T1_let_intro__0,artifacts/certificates/verina_advanced_19/verina_advanced_19__T1_let_intro__0.lean,rp_equiv_rfl,,0,False,,clean,1.16
certificate,verina_advanced_19__T2_helper_extract__0,artifacts/certificates/verina_advanced_19/verina_advanced_19__T2_helper_extract__0.lean,rp_equiv_rfl,,0,False,,clean,1.183
certificate,verina_advanced_2__T1_let_intro__0,artifacts/certificates/verina_advanced_2/verina_advanced_2__T1_let_intro__0.lean,rp_equiv_rfl,propext,1,False,,clean,1.472
certificate,verina_advanced_2__T2_helper_extract__0,artifacts/certificates/verina_advanced_2/verina_advanced_2__T2_helper_extract__0.lean,rp_equiv_rfl,propext,1,False,,clean,1.476
certificate,verina_advanced_2__T3_comm_swap__0,artifacts/certificates/verina_advanced_2/verina_advanced_2__T3_comm_swap__0.lean,rp_equiv_simp_only,"propext, Quot.sound",2,False,,clean,10.263
certificate,verina_advanced_2__T3_comm_swap__1,artifacts/certificates/verina_advanced_2/verina_advanced_2__T3_comm_swap__1.lean,rp_equiv_simp_only,"propext, Quot.sound",2,False,,clean,10.072
certificate,verina_advanced_2__T3_comm_swap__2,artifacts/certificates/verina_advanced_2/verina_advanced_2__T3_comm_swap__2.lean,rp_equiv_simp_only,"propext, Quot.sound",2,False,,clean,9.667
certificate,verina_advanced_20__T1_let_intro__0,artifacts/certificates/verina_advanced_20/verina_advanced_20__T1_let_intro__0.lean,rp_equiv_delta_rfl,"propext, Quot.sound",2,False,,clean,1.248
certificate,verina_advanced_20__T2_helper_extract__0,artifacts/certificates/verina_advanced_20/verina_advanced_20__T2_helper_extract__0.lean,rp_equiv_delta_rfl,"propext, Quot.sound",2,False,,clean,1.283
certificate,verina_advanced_21__T1_let_intro__0,artifacts/certificates/verina_advanced_21/verina_advanced_21__T1_let_intro__0.lean,rp_equiv_delta_rfl,"propext, Quot.sound",2,False,,clean,1.578
certificate,verina_advanced_21__T2_helper_extract__0,artifacts/certificates/verina_advanced_21/verina_advanced_21__T2_helper_extract__0.lean,rp_equiv_delta_rfl,"propext, Quot.sound",2,False,,clean,1.63
certificate,verina_advanced_21__T3_comm_swap__1,artifacts/certificates/verina_advanced_21/verina_advanced_21__T3_comm_swap__1.lean,rp_equiv_simp_only,"propext, Quot.sound",2,False,,clean,1.731
certificate,verina_advanced_21__T4_cond_invert__0,artifacts/certificates/verina_advanced_21/verina_advanced_21__T4_cond_invert__0.lean,rp_equiv_simp_only,"propext, Quot.sound",2,False,,clean,2.328
certificate,verina_advanced_22__T1_let_intro__0,artifacts/certificates/verina_advanced_22/verina_advanced_22__T1_let_intro__0.lean,rp_equiv_rfl_nosmart,,0,False,,clean,1.029
certificate,verina_advanced_22__T2_helper_extract__0,artifacts/certificates/verina_advanced_22/verina_advanced_22__T2_helper_extract__0.lean,rp_equiv_rfl_nosmart,,0,False,,clean,1.049
certificate,verina_advanced_23__T1_let_intro__0,artifacts/certificates/verina_advanced_23/verina_advanced_23__T1_let_intro__0.lean,rp_equiv_delta_rfl,"propext, Quot.sound",2,False,,clean,1.552
certificate,verina_advanced_23__T2_helper_extract__0,artifacts/certificates/verina_advanced_23/verina_advanced_23__T2_helper_extract__0.lean,rp_equiv_delta_rfl,"propext, Quot.sound",2,False,,clean,1.634
certificate,verina_advanced_23__T4_cond_invert__0,artifacts/certificates/verina_advanced_23/verina_advanced_23__T4_cond_invert__0.lean,rp_equiv_simp_only,"propext, Quot.sound",2,False,,clean,1.746
certificate,verina_advanced_24__T1_let_intro__0,artifacts/certificates/verina_advanced_24/verina_advanced_24__T1_let_intro__0.lean,rp_equiv_rfl_nosmart,,0,False,,clean,0.987
certificate,verina_advanced_24__T2_helper_extract__0,artifacts/certificates/verina_advanced_24/verina_advanced_24__T2_helper_extract__0.lean,rp_equiv_rfl_nosmart,,0,False,,clean,1.045
certificate,verina_advanced_25__T1_let_intro__0,artifacts/certificates/verina_advanced_25/verina_advanced_25__T1_let_intro__0.lean,rp_equiv_rfl,"propext, Quot.sound",2,False,,clean,4.808
certificate,verina_advanced_25__T2_helper_extract__0,artifacts/certificates/verina_advanced_25/verina_advanced_25__T2_helper_extract__0.lean,rp_equiv_rfl,"propext, Quot.sound",2,False,,clean,4.795
certificate,verina_advanced_25__T3_comm_swap__0,artifacts/certificates/verina_advanced_25/verina_advanced_25__T3_comm_swap__0.lean,rp_equiv_simp_only,"propext, Quot.sound",2,False,,clean,9.36
certificate,verina_advanced_27__T1_let_intro__0,artifacts/certificates/verina_advanced_27/verina_advanced_27__T1_let_intro__0.lean,rp_equiv_rfl,"propext, Quot.sound",2,False,,clean,1.258
certificate,verina_advanced_27__T2_helper_extract__0,artifacts/certificates/verina_advanced_27/verina_advanced_27__T2_helper_extract__0.lean,rp_equiv_rfl,"propext, Quot.sound",2,False,,clean,1.223
certificate,verina_advanced_29__T1_let_intro__0,artifacts/certificates/verina_advanced_29/verina_advanced_29__T1_let_intro__0.lean,rp_equiv_rfl,"propext, Quot.sound",2,False,,clean,1.95
certificate,verina_advanced_29__T2_helper_extract__0,artifacts/certificates/verina_advanced_29/verina_advanced_29__T2_helper_extract__0.lean,rp_equiv_rfl,"propext, Quot.sound",2,False,,clean,1.772
certificate,verina_advanced_29__T3_comm_swap__0,artifacts/certificates/verina_advanced_29/verina_advanced_29__T3_comm_swap__0.lean,rp_equiv_simp_only,"propext, Quot.sound",2,False,,clean,2.493
certificate,verina_advanced_29__T3_comm_swap__1,artifacts/certificates/verina_advanced_29/verina_advanced_29__T3_comm_swap__1.lean,rp_equiv_simp_only,"propext, Quot.sound",2,False,,clean,3.572
certificate,verina_advanced_3__T1_let_intro__0,artifacts/certificates/verina_advanced_3/verina_advanced_3__T1_let_intro__0.lean,rp_equiv_rfl,propext,1,False,,clean,1.17
certificate,verina_advanced_3__T2_helper_extract__0,artifacts/certificates/verina_advanced_3/verina_advanced_3__T2_helper_extract__0.lean,rp_equiv_rfl,propext,1,False,,clean,1.2
certificate,verina_advanced_3__T3_comm_swap__0,artifacts/certificates/verina_advanced_3/verina_advanced_3__T3_comm_swap__0.lean,rp_equiv_simp_only,"propext, Quot.sound",2,False,,clean,10.184
certificate,verina_advanced_3__T3_comm_swap__1,artifacts/certificates/verina_advanced_3/verina_advanced_3__T3_comm_swap__1.lean,rp_equiv_simp_only,"propext, Quot.sound",2,False,,clean,9.637
certificate,verina_advanced_3__T3_comm_swap__2,artifacts/certificates/verina_advanced_3/verina_advanced_3__T3_comm_swap__2.lean,rp_equiv_simp_only,"propext, Quot.sound",2,False,,clean,10.648
certificate,verina_advanced_30__T1_let_intro__0,artifacts/certificates/verina_advanced_30/verina_advanced_30__T1_let_intro__0.lean,rp_equiv_rfl_nosmart,,0,False,,clean,0.939
certificate,verina_advanced_30__T2_helper_extract__0,artifacts/certificates/verina_advanced_30/verina_advanced_30__T2_helper_extract__0.lean,rp_equiv_rfl_nosmart,,0,False,,clean,0.93
certificate,verina_advanced_31__T1_let_intro__0,artifacts/certificates/verina_advanced_31/verina_advanced_31__T1_let_intro__0.lean,rp_equiv_rfl,,0,False,,clean,3.16
certificate,verina_advanced_31__T2_helper_extract__0,artifacts/certificates/verina_advanced_31/verina_advanced_31__T2_helper_extract__0.lean,rp_equiv_rfl,,0,False,,clean,3.143
certificate,verina_advanced_32__T1_let_intro__0,artifacts/certificates/verina_advanced_32/verina_advanced_32__T1_let_intro__0.lean,rp_equiv_rfl_nosmart,,0,False,,clean,27.343
certificate,verina_advanced_32__T2_helper_extract__0,artifacts/certificates/verina_advanced_32/verina_advanced_32__T2_helper_extract__0.lean,rp_equiv_rfl_nosmart,,0,False,,clean,27.335
certificate,verina_advanced_33__T1_let_intro__0,artifacts/certificates/verina_advanced_33/verina_advanced_33__T1_let_intro__0.lean,rp_equiv_rfl_nosmart,,0,False,,clean,3.057
certificate,verina_advanced_33__T2_helper_extract__0,artifacts/certificates/verina_advanced_33/verina_advanced_33__T2_helper_extract__0.lean,rp_equiv_rfl_nosmart,,0,False,,clean,2.989
certificate,verina_advanced_34__T1_let_intro__0,artifacts/certificates/verina_advanced_34/verina_advanced_34__T1_let_intro__0.lean,rp_equiv_rfl,"propext, Quot.sound",2,False,,clean,3.379
certificate,verina_advanced_34__T2_helper_extract__0,artifacts/certificates/verina_advanced_34/verina_advanced_34__T2_helper_extract__0.lean,rp_equiv_rfl,"propext, Quot.sound",2,False,,clean,3.27
certificate,verina_advanced_35__T1_let_intro__0,artifacts/certificates/verina_advanced_35/verina_advanced_35__T1_let_intro__0.lean,rp_equiv_rfl,"propext, Quot.sound",2,False,,clean,1.181
certificate,verina_advanced_35__T2_helper_extract__0,artifacts/certificates/verina_advanced_35/verina_advanced_35__T2_helper_extract__0.lean,rp_equiv_rfl,"propext, Quot.sound",2,False,,clean,1.146
certificate,verina_advanced_35__T3_comm_swap__0,artifacts/certificates/verina_advanced_35/verina_advanced_35__T3_comm_swap__0.lean,rp_equiv_simp_only,"propext, Quot.sound",2,False,,clean,4.575
certificate,verina_advanced_36__T1_let_intro__0,artifacts/certificates/verina_advanced_36/verina_advanced_36__T1_let_intro__0.lean,rp_equiv_rfl_nosmart,,0,False,,clean,0.878
certificate,verina_advanced_36__T2_helper_extract__0,artifacts/certificates/verina_advanced_36/verina_advanced_36__T2_helper_extract__0.lean,rp_equiv_rfl_nosmart,,0,False,,clean,0.889
certificate,verina_advanced_37__T1_let_intro__0,artifacts/certificates/verina_advanced_37/verina_advanced_37__T1_let_intro__0.lean,rp_equiv_rfl_nosmart,,0,False,,clean,0.898
certificate,verina_advanced_37__T2_helper_extract__0,artifacts/certificates/verina_advanced_37/verina_advanced_37__T2_helper_extract__0.lean,rp_equiv_rfl_nosmart,,0,False,,clean,0.933
certificate,verina_advanced_38__T1_let_intro__0,artifacts/certificates/verina_advanced_38/verina_advanced_38__T1_let_intro__0.lean,rp_equiv_rfl,"propext, Quot.sound",2,False,,clean,0.955
certificate,verina_advanced_38__T2_helper_extract__0,artifacts/certificates/verina_advanced_38/verina_advanced_38__T2_helper_extract__0.lean,rp_equiv_rfl,"propext, Quot.sound",2,False,,clean,0.987
certificate,verina_advanced_38__T3_comm_swap__0,artifacts/certificates/verina_advanced_38/verina_advanced_38__T3_comm_swap__0.lean,rp_equiv_simp_only,"propext, Quot.sound",2,False,,clean,1.369
certificate,verina_advanced_38__T4_cond_invert__0,artifacts/certificates/verina_advanced_38/verina_advanced_38__T4_cond_invert__0.lean,rp_equiv_simp_only,"propext, Quot.sound",2,False,,clean,1.545
certificate,verina_advanced_39__T1_let_intro__0,artifacts/certificates/verina_advanced_39/verina_advanced_39__T1_let_intro__0.lean,rp_equiv_rfl_nosmart,,0,False,,clean,0.932
certificate,verina_advanced_39__T2_helper_extract__0,artifacts/certificates/verina_advanced_39/verina_advanced_39__T2_helper_extract__0.lean,rp_equiv_rfl_nosmart,,0,False,,clean,0.932
certificate,verina_advanced_4__T1_let_intro__0,artifacts/certificates/verina_advanced_4/verina_advanced_4__T1_let_intro__0.lean,rp_equiv_rfl,"propext, Quot.sound",2,False,,clean,24.907
certificate,verina_advanced_4__T2_helper_extract__0,artifacts/certificates/verina_advanced_4/verina_advanced_4__T2_helper_extract__0.lean,rp_equiv_rfl,"propext, Quot.sound",2,False,,clean,24.724
certificate,verina_advanced_40__T1_let_intro__0,artifacts/certificates/verina_advanced_40/verina_advanced_40__T1_let_intro__0.lean,rp_equiv_rfl_nosmart,,0,False,,clean,0.918
certificate,verina_advanced_40__T2_helper_extract__0,artifacts/certificates/verina_advanced_40/verina_advanced_40__T2_helper_extract__0.lean,rp_equiv_rfl_nosmart,,0,False,,clean,0.948
certificate,verina_advanced_41__T1_let_intro__0,artifacts/certificates/verina_advanced_41/verina_advanced_41__T1_let_intro__0.lean,rp_equiv_rfl,,0,False,,clean,0.915
certificate,verina_advanced_41__T2_helper_extract__0,artifacts/certificates/verina_advanced_41/verina_advanced_41__T2_helper_extract__0.lean,rp_equiv_rfl,,0,False,,clean,0.938
certificate,verina_advanced_41__T4_cond_invert__0,artifacts/certificates/verina_advanced_41/verina_advanced_41__T4_cond_invert__0.lean,rp_equiv_simp_only,propext,1,False,,clean,1.366
certificate,verina_advanced_41__T5_branch_extract__0,artifacts/certificates/verina_advanced_41/verina_advanced_41__T5_branch_extract__0.lean,rp_equiv_rfl,,0,False,,clean,0.985
certificate,verina_advanced_42__T1_let_intro__0,artifacts/certificates/verina_advanced_42/verina_advanced_42__T1_let_intro__0.lean,rp_equiv_rfl,,0,False,,clean,0.991
certificate,verina_advanced_42__T2_helper_extract__0,artifacts/certificates/verina_advanced_42/verina_advanced_42__T2_helper_extract__0.lean,rp_equiv_rfl,,0,False,,clean,0.93
certificate,verina_advanced_43__T1_let_intro__0,artifacts/certificates/verina_advanced_43/verina_advanced_43__T1_let_intro__0.lean,rp_equiv_rfl,propext,1,False,,clean,23.709
certificate,verina_advanced_43__T2_helper_extract__0,artifacts/certificates/verina_advanced_43/verina_advanced_43__T2_helper_extract__0.lean,rp_equiv_rfl,propext,1,False,,clean,23.613
certificate,verina_advanced_43__T3_comm_swap__0,artifacts/certificates/verina_advanced_43/verina_advanced_43__T3_comm_swap__0.lean,rp_equiv_simp_only,"propext, Classical.choice, Quot.sound",3,False,,clean,24.933
certificate,verina_advanced_44__T1_let_intro__0,artifacts/certificates/verina_advanced_44/verina_advanced_44__T1_let_intro__0.lean,rp_equiv_rfl,"propext, Quot.sound",2,False,,clean,1.274
certificate,verina_advanced_44__T2_helper_extract__0,artifacts/certificates/verina_advanced_44/verina_advanced_44__T2_helper_extract__0.lean,rp_equiv_rfl,"propext, Quot.sound",2,False,,clean,1.285
certificate,verina_advanced_44__T3_comm_swap__0,artifacts/certificates/verina_advanced_44/verina_advanced_44__T3_comm_swap__0.lean,rp_equiv_simp_only,"propext, Quot.sound",2,False,,clean,11.438
certificate,verina_advanced_44__T3_comm_swap__1,artifacts/certificates/verina_advanced_44/verina_advanced_44__T3_comm_swap__1.lean,rp_equiv_simp_only,"propext, Quot.sound",2,False,,clean,70.152
certificate,verina_advanced_44__T3_comm_swap__2,artifacts/certificates/verina_advanced_44/verina_advanced_44__T3_comm_swap__2.lean,rp_equiv_simp_only,"propext, Quot.sound",2,False,,clean,7.942
certificate,verina_advanced_45__T1_let_intro__0,artifacts/certificates/verina_advanced_45/verina_advanced_45__T1_let_intro__0.lean,rp_equiv_rfl_nosmart,,0,False,,clean,0.854
certificate,verina_advanced_45__T2_helper_extract__0,artifacts/certificates/verina_advanced_45/verina_advanced_45__T2_helper_extract__0.lean,rp_equiv_rfl_nosmart,,0,False,,clean,0.941
certificate,verina_advanced_46__T1_let_intro__0,artifacts/certificates/verina_advanced_46/verina_advanced_46__T1_let_intro__0.lean,rp_equiv_rfl_nosmart,,0,False,,clean,1.018
certificate,verina_advanced_46__T2_helper_extract__0,artifacts/certificates/verina_advanced_46/verina_advanced_46__T2_helper_extract__0.lean,rp_equiv_rfl_nosmart,,0,False,,clean,0.995
certificate,verina_advanced_47__T1_let_intro__0,artifacts/certificates/verina_advanced_47/verina_advanced_47__T1_let_intro__0.lean,rp_equiv_rfl_nosmart,,0,False,,clean,0.96
certificate,verina_advanced_47__T2_helper_extract__0,artifacts/certificates/verina_advanced_47/verina_advanced_47__T2_helper_extract__0.lean,rp_equiv_rfl_nosmart,,0,False,,clean,0.952
certificate,verina_advanced_49__T1_let_intro__0,artifacts/certificates/verina_advanced_49/verina_advanced_49__T1_let_intro__0.lean,rp_equiv_delta_rfl,"propext, Quot.sound",2,False,,clean,1.308
certificate,verina_advanced_49__T2_helper_extract__0,artifacts/certificates/verina_advanced_49/verina_advanced_49__T2_helper_extract__0.lean,rp_equiv_delta_rfl,"propext, Quot.sound",2,False,,clean,1.306
certificate,verina_advanced_5__T1_let_intro__0,artifacts/certificates/verina_advanced_5/verina_advanced_5__T1_let_intro__0.lean,rp_equiv_delta_rfl,"propext, Quot.sound",2,False,,clean,1.655
certificate,verina_advanced_5__T2_helper_extract__0,artifacts/certificates/verina_advanced_5/verina_advanced_5__T2_helper_extract__0.lean,rp_equiv_delta_rfl,"propext, Quot.sound",2,False,,clean,1.679
certificate,verina_advanced_50__T1_let_intro__0,artifacts/certificates/verina_advanced_50/verina_advanced_50__T1_let_intro__0.lean,rp_equiv_rfl,"propext, Quot.sound",2,False,,clean,1.171
certificate,verina_advanced_50__T2_helper_extract__0,artifacts/certificates/verina_advanced_50/verina_advanced_50__T2_helper_extract__0.lean,rp_equiv_rfl,"propext, Quot.sound",2,False,,clean,1.193
certificate,verina_advanced_51__T1_let_intro__0,artifacts/certificates/verina_advanced_51/verina_advanced_51__T1_let_intro__0.lean,rp_equiv_rfl,"propext, Quot.sound",2,False,,clean,1.045
certificate,verina_advanced_51__T2_helper_extract__0,artifacts/certificates/verina_advanced_51/verina_advanced_51__T2_helper_extract__0.lean,rp_equiv_rfl,"propext, Quot.sound",2,False,,clean,1.051
certificate,verina_advanced_52__T1_let_intro__0,artifacts/certificates/verina_advanced_52/verina_advanced_52__T1_let_intro__0.lean,rp_equiv_rfl_nosmart,,0,False,,clean,0.924
certificate,verina_advanced_52__T2_helper_extract__0,artifacts/certificates/verina_advanced_52/verina_advanced_52__T2_helper_extract__0.lean,rp_equiv_rfl_nosmart,,0,False,,clean,0.922
certificate,verina_advanced_52__T4_cond_invert__0,artifacts/certificates/verina_advanced_52/verina_advanced_52__T4_cond_invert__0.lean,rp_equiv_simp_only,propext,1,False,,clean,1.117
certificate,verina_advanced_54__T1_let_intro__0,artifacts/certificates/verina_advanced_54/verina_advanced_54__T1_let_intro__0.lean,rp_equiv_rfl,,0,False,,clean,0.809
certificate,verina_advanced_54__T2_helper_extract__0,artifacts/certificates/verina_advanced_54/verina_advanced_54__T2_helper_extract__0.lean,rp_equiv_rfl,,0,False,,clean,0.828
certificate,verina_advanced_54__T3_comm_swap__0,artifacts/certificates/verina_advanced_54/verina_advanced_54__T3_comm_swap__0.lean,rp_equiv_simp_only,propext,1,False,,clean,0.906
certificate,verina_advanced_56__T1_let_intro__0,artifacts/certificates/verina_advanced_56/verina_advanced_56__T1_let_intro__0.lean,rp_equiv_rfl,,0,False,,clean,0.841
certificate,verina_advanced_56__T2_helper_extract__0,artifacts/certificates/verina_advanced_56/verina_advanced_56__T2_helper_extract__0.lean,rp_equiv_rfl,,0,False,,clean,0.839
certificate,verina_advanced_58__T1_let_intro__0,artifacts/certificates/verina_advanced_58/verina_advanced_58__T1_let_intro__0.lean,rp_equiv_rfl_nosmart,,0,False,,clean,0.931
certificate,verina_advanced_58__T2_helper_extract__0,artifacts/certificates/verina_advanced_58/verina_advanced_58__T2_helper_extract__0.lean,rp_equiv_rfl_nosmart,,0,False,,clean,0.958
certificate,verina_advanced_59__T1_let_intro__0,artifacts/certificates/verina_advanced_59/verina_advanced_59__T1_let_intro__0.lean,rp_equiv_delta_rfl,"propext, Quot.sound",2,False,,clean,1.301
certificate,verina_advanced_59__T2_helper_extract__0,artifacts/certificates/verina_advanced_59/verina_advanced_59__T2_helper_extract__0.lean,rp_equiv_delta_rfl,"propext, Quot.sound",2,False,,clean,1.301
certificate,verina_advanced_59__T3_comm_swap__0,artifacts/certificates/verina_advanced_59/verina_advanced_59__T3_comm_swap__0.lean,rp_equiv_simp_only,"propext, Quot.sound",2,False,,clean,1.478
certificate,verina_advanced_6__T1_let_intro__0,artifacts/certificates/verina_advanced_6/verina_advanced_6__T1_let_intro__0.lean,rp_equiv_rfl,,0,False,,clean,0.846
certificate,verina_advanced_6__T2_helper_extract__0,artifacts/certificates/verina_advanced_6/verina_advanced_6__T2_helper_extract__0.lean,rp_equiv_rfl,,0,False,,clean,0.838
certificate,verina_advanced_60__T1_let_intro__0,artifacts/certificates/verina_advanced_60/verina_advanced_60__T1_let_intro__0.lean,rp_equiv_rfl_nosmart,,0,False,,clean,0.841
certificate,verina_advanced_60__T2_helper_extract__0,artifacts/certificates/verina_advanced_60/verina_advanced_60__T2_helper_extract__0.lean,rp_equiv_rfl_nosmart,,0,False,,clean,0.858
certificate,verina_advanced_61__T1_let_intro__0,artifacts/certificates/verina_advanced_61/verina_advanced_61__T1_let_intro__0.lean,rp_equiv_rfl,,0,False,,clean,0.871
certificate,verina_advanced_61__T2_helper_extract__0,artifacts/certificates/verina_advanced_61/verina_advanced_61__T2_helper_extract__0.lean,rp_equiv_rfl,,0,False,,clean,0.87
certificate,verina_advanced_61__T3_comm_swap__0,artifacts/certificates/verina_advanced_61/verina_advanced_61__T3_comm_swap__0.lean,rp_equiv_simp_only,"propext, Quot.sound",2,False,,clean,1.22
certificate,verina_advanced_61__T4_cond_invert__0,artifacts/certificates/verina_advanced_61/verina_advanced_61__T4_cond_invert__0.lean,rp_equiv_simp_only,propext,1,False,,clean,1.1
certificate,verina_advanced_62__T1_let_intro__0,artifacts/certificates/verina_advanced_62/verina_advanced_62__T1_let_intro__0.lean,rp_equiv_delta_rfl,"propext, Quot.sound",2,False,,clean,1.512
certificate,verina_advanced_62__T2_helper_extract__0,artifacts/certificates/verina_advanced_62/verina_advanced_62__T2_helper_extract__0.lean,rp_equiv_delta_rfl,"propext, Quot.sound",2,False,,clean,1.533
certificate,verina_advanced_62__T4_cond_invert__0,artifacts/certificates/verina_advanced_62/verina_advanced_62__T4_cond_invert__0.lean,rp_equiv_simp_only,"propext, Quot.sound",2,False,,clean,1.794
certificate,verina_advanced_63__T1_let_intro__0,artifacts/certificates/verina_advanced_63/verina_advanced_63__T1_let_intro__0.lean,rp_equiv_rfl_nosmart,,0,False,,clean,0.877
certificate,verina_advanced_63__T2_helper_extract__0,artifacts/certificates/verina_advanced_63/verina_advanced_63__T2_helper_extract__0.lean,rp_equiv_rfl_nosmart,,0,False,,clean,0.914
certificate,verina_advanced_64__T1_let_intro__0,artifacts/certificates/verina_advanced_64/verina_advanced_64__T1_let_intro__0.lean,rp_equiv_rfl_nosmart,,0,False,,clean,0.824
certificate,verina_advanced_64__T2_helper_extract__0,artifacts/certificates/verina_advanced_64/verina_advanced_64__T2_helper_extract__0.lean,rp_equiv_rfl_nosmart,,0,False,,clean,0.86
certificate,verina_advanced_65__T1_let_intro__0,artifacts/certificates/verina_advanced_65/verina_advanced_65__T1_let_intro__0.lean,rp_equiv_rfl_nosmart,,0,False,,clean,0.834
certificate,verina_advanced_65__T2_helper_extract__0,artifacts/certificates/verina_advanced_65/verina_advanced_65__T2_helper_extract__0.lean,rp_equiv_rfl_nosmart,,0,False,,clean,0.832
certificate,verina_advanced_66__T1_let_intro__0,artifacts/certificates/verina_advanced_66/verina_advanced_66__T1_let_intro__0.lean,rp_equiv_rfl_nosmart,propext,1,False,,clean,0.881
certificate,verina_advanced_66__T2_helper_extract__0,artifacts/certificates/verina_advanced_66/verina_advanced_66__T2_helper_extract__0.lean,rp_equiv_rfl_nosmart,propext,1,False,,clean,0.915
certificate,verina_advanced_67__T1_let_intro__0,artifacts/certificates/verina_advanced_67/verina_advanced_67__T1_let_intro__0.lean,rp_equiv_rfl_nosmart,,0,False,,clean,0.863
certificate,verina_advanced_67__T2_helper_extract__0,artifacts/certificates/verina_advanced_67/verina_advanced_67__T2_helper_extract__0.lean,rp_equiv_rfl_nosmart,,0,False,,clean,0.869
certificate,verina_advanced_68__T1_let_intro__0,artifacts/certificates/verina_advanced_68/verina_advanced_68__T1_let_intro__0.lean,rp_equiv_delta_rfl,"propext, Quot.sound",2,False,,clean,1.502
certificate,verina_advanced_68__T2_helper_extract__0,artifacts/certificates/verina_advanced_68/verina_advanced_68__T2_helper_extract__0.lean,rp_equiv_delta_rfl,"propext, Quot.sound",2,False,,clean,1.523
certificate,verina_advanced_68__T4_cond_invert__0,artifacts/certificates/verina_advanced_68/verina_advanced_68__T4_cond_invert__0.lean,rp_equiv_simp_only,"propext, Quot.sound",2,False,,clean,1.786
certificate,verina_advanced_69__T1_let_intro__0,artifacts/certificates/verina_advanced_69/verina_advanced_69__T1_let_intro__0.lean,rp_equiv_rfl_nosmart,,0,False,,clean,0.902
certificate,verina_advanced_69__T2_helper_extract__0,artifacts/certificates/verina_advanced_69/verina_advanced_69__T2_helper_extract__0.lean,rp_equiv_rfl_nosmart,,0,False,,clean,0.902
certificate,verina_advanced_7__T1_let_intro__0,artifacts/certificates/verina_advanced_7/verina_advanced_7__T1_let_intro__0.lean,rp_equiv_rfl_nosmart,,0,False,,clean,0.84
certificate,verina_advanced_7__T2_helper_extract__0,artifacts/certificates/verina_advanced_7/verina_advanced_7__T2_helper_extract__0.lean,rp_equiv_rfl_nosmart,,0,False,,clean,0.882
certificate,verina_advanced_70__T1_let_intro__0,artifacts/certificates/verina_advanced_70/verina_advanced_70__T1_let_intro__0.lean,rp_equiv_rfl,,0,False,,clean,0.947
certificate,verina_advanced_70__T2_helper_extract__0,artifacts/certificates/verina_advanced_70/verina_advanced_70__T2_helper_extract__0.lean,rp_equiv_rfl,,0,False,,clean,0.937
certificate,verina_advanced_70__T3_comm_swap__0,artifacts/certificates/verina_advanced_70/verina_advanced_70__T3_comm_swap__0.lean,rp_equiv_simp_only,propext,1,False,,clean,1.962
certificate,verina_advanced_71__T1_let_intro__0,artifacts/certificates/verina_advanced_71/verina_advanced_71__T1_let_intro__0.lean,rp_equiv_rfl,,0,False,,clean,0.981
certificate,verina_advanced_71__T2_helper_extract__0,artifacts/certificates/verina_advanced_71/verina_advanced_71__T2_helper_extract__0.lean,rp_equiv_rfl,,0,False,,clean,0.957
certificate,verina_advanced_72__T1_let_intro__0,artifacts/certificates/verina_advanced_72/verina_advanced_72__T1_let_intro__0.lean,rp_equiv_rfl,,0,False,,clean,0.865
certificate,verina_advanced_72__T2_helper_extract__0,artifacts/certificates/verina_advanced_72/verina_advanced_72__T2_helper_extract__0.lean,rp_equiv_rfl,,0,False,,clean,0.93
certificate,verina_advanced_72__T4_cond_invert__0,artifacts/certificates/verina_advanced_72/verina_advanced_72__T4_cond_invert__0.lean,rp_equiv_simp_only,propext,1,False,,clean,1.46
certificate,verina_advanced_72__T5_branch_extract__0,artifacts/certificates/verina_advanced_72/verina_advanced_72__T5_branch_extract__0.lean,rp_equiv_rfl,,0,False,,clean,0.905
certificate,verina_advanced_73__T1_let_intro__0,artifacts/certificates/verina_advanced_73/verina_advanced_73__T1_let_intro__0.lean,rp_equiv_rfl_nosmart,,0,False,,clean,0.822
certificate,verina_advanced_73__T2_helper_extract__0,artifacts/certificates/verina_advanced_73/verina_advanced_73__T2_helper_extract__0.lean,rp_equiv_rfl_nosmart,,0,False,,clean,0.849
certificate,verina_advanced_75__T1_let_intro__0,artifacts/certificates/verina_advanced_75/verina_advanced_75__T1_let_intro__0.lean,rp_equiv_rfl,,0,False,,clean,0.934
certificate,verina_advanced_75__T2_helper_extract__0,artifacts/certificates/verina_advanced_75/verina_advanced_75__T2_helper_extract__0.lean,rp_equiv_rfl,,0,False,,clean,0.934
certificate,verina_advanced_75__T3_comm_swap__0,artifacts/certificates/verina_advanced_75/verina_advanced_75__T3_comm_swap__0.lean,rp_equiv_simp_only,"propext, Quot.sound",2,False,,clean,1.449
certificate,verina_advanced_75__T3_comm_swap__1,artifacts/certificates/verina_advanced_75/verina_advanced_75__T3_comm_swap__1.lean,rp_equiv_simp_only,"propext, Quot.sound",2,False,,clean,1.387
certificate,verina_advanced_76__T1_let_intro__0,artifacts/certificates/verina_advanced_76/verina_advanced_76__T1_let_intro__0.lean,rp_equiv_rfl_nosmart,,0,False,,clean,1.037
certificate,verina_advanced_76__T2_helper_extract__0,artifacts/certificates/verina_advanced_76/verina_advanced_76__T2_helper_extract__0.lean,rp_equiv_rfl_nosmart,,0,False,,clean,1.029
certificate,verina_advanced_76__T3_comm_swap__0,artifacts/certificates/verina_advanced_76/verina_advanced_76__T3_comm_swap__0.lean,rp_equiv_simp_only,Quot.sound,1,False,,clean,1.328
certificate,verina_advanced_77__T1_let_intro__0,artifacts/certificates/verina_advanced_77/verina_advanced_77__T1_let_intro__0.lean,rp_equiv_rfl,"propext, Quot.sound",2,False,,clean,1.058
certificate,verina_advanced_77__T2_helper_extract__0,artifacts/certificates/verina_advanced_77/verina_advanced_77__T2_helper_extract__0.lean,rp_equiv_rfl,"propext, Quot.sound",2,False,,clean,1.084
certificate,verina_advanced_78__T1_let_intro__0,artifacts/certificates/verina_advanced_78/verina_advanced_78__T1_let_intro__0.lean,rp_equiv_rfl,,0,False,,clean,0.873
certificate,verina_advanced_78__T2_helper_extract__0,artifacts/certificates/verina_advanced_78/verina_advanced_78__T2_helper_extract__0.lean,rp_equiv_rfl,,0,False,,clean,0.826
certificate,verina_advanced_79__T1_let_intro__0,artifacts/certificates/verina_advanced_79/verina_advanced_79__T1_let_intro__0.lean,rp_equiv_rfl_nosmart,,0,False,,clean,0.884
certificate,verina_advanced_79__T2_helper_extract__0,artifacts/certificates/verina_advanced_79/verina_advanced_79__T2_helper_extract__0.lean,rp_equiv_rfl_nosmart,,0,False,,clean,0.859
certificate,verina_advanced_8__T1_let_intro__0,artifacts/certificates/verina_advanced_8/verina_advanced_8__T1_let_intro__0.lean,rp_equiv_rfl_nosmart,,0,False,,clean,1.025
certificate,verina_advanced_8__T2_helper_extract__0,artifacts/certificates/verina_advanced_8/verina_advanced_8__T2_helper_extract__0.lean,rp_equiv_rfl_nosmart,,0,False,,clean,0.993
certificate,verina_advanced_8__T3_comm_swap__0,artifacts/certificates/verina_advanced_8/verina_advanced_8__T3_comm_swap__0.lean,rp_equiv_rfl_nosmart,,0,False,,clean,1.059
certificate,verina_advanced_8__T3_comm_swap__1,artifacts/certificates/verina_advanced_8/verina_advanced_8__T3_comm_swap__1.lean,rp_equiv_rfl_nosmart,,0,False,,clean,1.045
certificate,verina_advanced_8__T4_cond_invert__0,artifacts/certificates/verina_advanced_8/verina_advanced_8__T4_cond_invert__0.lean,rp_equiv_simp_only,propext,1,False,,clean,1.24
certificate,verina_advanced_80__T1_let_intro__0,artifacts/certificates/verina_advanced_80/verina_advanced_80__T1_let_intro__0.lean,rp_equiv_rfl_nosmart,,0,False,,clean,0.918
certificate,verina_advanced_80__T2_helper_extract__0,artifacts/certificates/verina_advanced_80/verina_advanced_80__T2_helper_extract__0.lean,rp_equiv_rfl_nosmart,,0,False,,clean,0.977
certificate,verina_advanced_81__T1_let_intro__0,artifacts/certificates/verina_advanced_81/verina_advanced_81__T1_let_intro__0.lean,rp_equiv_rfl_nosmart,"propext, Quot.sound",2,False,,clean,0.947
certificate,verina_advanced_81__T2_helper_extract__0,artifacts/certificates/verina_advanced_81/verina_advanced_81__T2_helper_extract__0.lean,rp_equiv_rfl_nosmart,"propext, Quot.sound",2,False,,clean,0.896
certificate,verina_advanced_9__T1_let_intro__0,artifacts/certificates/verina_advanced_9/verina_advanced_9__T1_let_intro__0.lean,rp_equiv_rfl_nosmart,"propext, Quot.sound",2,False,,clean,1.057
certificate,verina_advanced_9__T2_helper_extract__0,artifacts/certificates/verina_advanced_9/verina_advanced_9__T2_helper_extract__0.lean,rp_equiv_rfl_nosmart,"propext, Quot.sound",2,False,,clean,1.012
certificate,verina_basic_1__T1_let_intro__0,artifacts/certificates/verina_basic_1/verina_basic_1__T1_let_intro__0.lean,rp_equiv_rfl,,0,False,,clean,14.194
certificate,verina_basic_1__T2_helper_extract__0,artifacts/certificates/verina_basic_1/verina_basic_1__T2_helper_extract__0.lean,rp_equiv_rfl,,0,False,,clean,14.137
certificate,verina_basic_1__T3_comm_swap__0,artifacts/certificates/verina_basic_1/verina_basic_1__T3_comm_swap__0.lean,rp_equiv_simp_only,"propext, Classical.choice, Quot.sound",3,False,,clean,14.954
certificate,verina_basic_10__T1_let_intro__0,artifacts/certificates/verina_basic_10/verina_basic_10__T1_let_intro__0.lean,rp_equiv_rfl,propext,1,False,,clean,0.857
certificate,verina_basic_10__T2_helper_extract__0,artifacts/certificates/verina_basic_10/verina_basic_10__T2_helper_extract__0.lean,rp_equiv_rfl,propext,1,False,,clean,0.852
certificate,verina_basic_100__T1_let_intro__0,artifacts/certificates/verina_basic_100/verina_basic_100__T1_let_intro__0.lean,rp_equiv_rfl,,0,False,,clean,13.744
certificate,verina_basic_100__T2_helper_extract__0,artifacts/certificates/verina_basic_100/verina_basic_100__T2_helper_extract__0.lean,rp_equiv_rfl,,0,False,,clean,13.569
certificate,verina_basic_100__T3_comm_swap__0,artifacts/certificates/verina_basic_100/verina_basic_100__T3_comm_swap__0.lean,rp_equiv_simp_only,"propext, Classical.choice, Quot.sound",3,False,,clean,14.166
certificate,verina_basic_100__T3_comm_swap__1,artifacts/certificates/verina_basic_100/verina_basic_100__T3_comm_swap__1.lean,rp_equiv_simp_only,"propext, Classical.choice, Quot.sound",3,False,,clean,14.041
certificate,verina_basic_100__T4_cond_invert__0,artifacts/certificates/verina_basic_100/verina_basic_100__T4_cond_invert__0.lean,rp_equiv_simp_only,propext,1,False,,clean,13.553
certificate,verina_basic_100__T5_branch_extract__0,artifacts/certificates/verina_basic_100/verina_basic_100__T5_branch_extract__0.lean,rp_equiv_rfl,,0,False,,clean,13.5
certificate,verina_basic_101__T1_let_intro__0,artifacts/certificates/verina_basic_101/verina_basic_101__T1_let_intro__0.lean,rp_equiv_rfl,,0,False,,clean,0.874
certificate,verina_basic_101__T2_helper_extract__0,artifacts/certificates/verina_basic_101/verina_basic_101__T2_helper_extract__0.lean,rp_equiv_rfl,,0,False,,clean,0.862
certificate,verina_basic_101__T3_comm_swap__0,artifacts/certificates/verina_basic_101/verina_basic_101__T3_comm_swap__0.lean,rp_equiv_simp_only,propext,1,False,,clean,0.952
certificate,verina_basic_101__T3_comm_swap__1,artifacts/certificates/verina_basic_101/verina_basic_101__T3_comm_swap__1.lean,rp_equiv_simp_only,propext,1,False,,clean,0.898
certificate,verina_basic_102__T1_let_intro__0,artifacts/certificates/verina_basic_102/verina_basic_102__T1_let_intro__0.lean,rp_equiv_delta_rfl,"propext, Quot.sound",2,False,,clean,1.931
certificate,verina_basic_103__T1_let_intro__0,artifacts/certificates/verina_basic_103/verina_basic_103__T1_let_intro__0.lean,rp_equiv_rfl,,0,False,,clean,0.832
certificate,verina_basic_103__T2_helper_extract__0,artifacts/certificates/verina_basic_103/verina_basic_103__T2_helper_extract__0.lean,rp_equiv_rfl,,0,False,,clean,0.871
certificate,verina_basic_103__T3_comm_swap__0,artifacts/certificates/verina_basic_103/verina_basic_103__T3_comm_swap__0.lean,rp_equiv_simp_only,propext,1,False,,clean,1.95
certificate,verina_basic_104__T1_let_intro__0,artifacts/certificates/verina_basic_104/verina_basic_104__T1_let_intro__0.lean,rp_equiv_rfl,"propext, Quot.sound",2,False,,clean,1.029
certificate,verina_basic_104__T2_helper_extract__0,artifacts/certificates/verina_basic_104/verina_basic_104__T2_helper_extract__0.lean,rp_equiv_rfl,"propext, Quot.sound",2,False,,clean,1.024
certificate,verina_basic_105__T1_let_intro__0,artifacts/certificates/verina_basic_105/verina_basic_105__T1_let_intro__0.lean,rp_equiv_rfl,"propext, Quot.sound",2,False,,clean,1.282
certificate,verina_basic_105__T2_helper_extract__0,artifacts/certificates/verina_basic_105/verina_basic_105__T2_helper_extract__0.lean,rp_equiv_rfl,"propext, Quot.sound",2,False,,clean,1.288
certificate,verina_basic_106__T1_let_intro__0,artifacts/certificates/verina_basic_106/verina_basic_106__T1_let_intro__0.lean,rp_equiv_delta_rfl,"propext, Quot.sound",2,False,,clean,2.908
certificate,verina_basic_106__T2_helper_extract__0,artifacts/certificates/verina_basic_106/verina_basic_106__T2_helper_extract__0.lean,rp_equiv_delta_rfl,"propext, Quot.sound",2,False,,clean,3.066
certificate,verina_basic_106__T4_cond_invert__0,artifacts/certificates/verina_basic_106/verina_basic_106__T4_cond_invert__0.lean,rp_equiv_simp_only,"propext, Quot.sound",2,False,,clean,3.479
certificate,verina_basic_107__T1_let_intro__0,artifacts/certificates/verina_basic_107/verina_basic_107__T1_let_intro__0.lean,rp_equiv_rfl,,0,False,,clean,0.805
certificate,verina_basic_107__T2_helper_extract__0,artifacts/certificates/verina_basic_107/verina_basic_107__T2_helper_extract__0.lean,rp_equiv_rfl,,0,False,,clean,0.798
certificate,verina_basic_107__T3_comm_swap__0,artifacts/certificates/verina_basic_107/verina_basic_107__T3_comm_swap__0.lean,rp_equiv_simp_only,propext,1,False,,clean,0.905
certificate,verina_basic_108__T1_let_intro__0,artifacts/certificates/verina_basic_108/verina_basic_108__T1_let_intro__0.lean,rp_equiv_rfl_nosmart,,0,False,,clean,0.864
certificate,verina_basic_108__T2_helper_extract__0,artifacts/certificates/verina_basic_108/verina_basic_108__T2_helper_extract__0.lean,rp_equiv_rfl_nosmart,,0,False,,clean,0.856
certificate,verina_basic_11__T1_let_intro__0,artifacts/certificates/verina_basic_11/verina_basic_11__T1_let_intro__0.lean,rp_equiv_rfl,,0,False,,clean,0.847
certificate,verina_basic_11__T2_helper_extract__0,artifacts/certificates/verina_basic_11/verina_basic_11__T2_helper_extract__0.lean,rp_equiv_rfl,,0,False,,clean,0.818
certificate,verina_basic_12__T1_let_intro__0,artifacts/certificates/verina_basic_12/verina_basic_12__T1_let_intro__0.lean,rp_equiv_rfl,,0,False,,clean,0.784
certificate,verina_basic_12__T2_helper_extract__0,artifacts/certificates/verina_basic_12/verina_basic_12__T2_helper_extract__0.lean,rp_equiv_rfl,,0,False,,clean,0.82
certificate,verina_basic_12__T3_comm_swap__0,artifacts/certificates/verina_basic_12/verina_basic_12__T3_comm_swap__0.lean,rp_equiv_simp_only,propext,1,False,,clean,0.837
certificate,verina_basic_13__T1_let_intro__0,artifacts/certificates/verina_basic_13/verina_basic_13__T1_let_intro__0.lean,rp_equiv_rfl,propext,1,False,,clean,0.811
certificate,verina_basic_13__T2_helper_extract__0,artifacts/certificates/verina_basic_13/verina_basic_13__T2_helper_extract__0.lean,rp_equiv_rfl,propext,1,False,,clean,0.822
certificate,verina_basic_14__T1_let_intro__0,artifacts/certificates/verina_basic_14/verina_basic_14__T1_let_intro__0.lean,rp_equiv_rfl,,0,False,,clean,0.801
certificate,verina_basic_14__T2_helper_extract__0,artifacts/certificates/verina_basic_14/verina_basic_14__T2_helper_extract__0.lean,rp_equiv_rfl,,0,False,,clean,0.841
certificate,verina_basic_15__T1_let_intro__0,artifacts/certificates/verina_basic_15/verina_basic_15__T1_let_intro__0.lean,rp_equiv_rfl,propext,1,False,,clean,8.436
certificate,verina_basic_15__T2_helper_extract__0,artifacts/certificates/verina_basic_15/verina_basic_15__T2_helper_extract__0.lean,rp_equiv_rfl,propext,1,False,,clean,8.327
certificate,verina_basic_15__T4_cond_invert__0,artifacts/certificates/verina_basic_15/verina_basic_15__T4_cond_invert__0.lean,rp_equiv_simp_only,"propext, Quot.sound",2,False,,clean,8.735
certificate,verina_basic_15__T5_branch_extract__0,artifacts/certificates/verina_basic_15/verina_basic_15__T5_branch_extract__0.lean,rp_equiv_rfl,propext,1,False,,clean,8.07
certificate,verina_basic_16__T1_let_intro__0,artifacts/certificates/verina_basic_16/verina_basic_16__T1_let_intro__0.lean,rp_equiv_rfl,,0,False,,clean,0.821
certificate,verina_basic_16__T2_helper_extract__0,artifacts/certificates/verina_basic_16/verina_basic_16__T2_helper_extract__0.lean,rp_equiv_rfl,,0,False,,clean,0.827
certificate,verina_basic_17__T1_let_intro__0,artifacts/certificates/verina_basic_17/verina_basic_17__T1_let_intro__0.lean,rp_equiv_rfl,,0,False,,clean,0.817
certificate,verina_basic_17__T2_helper_extract__0,artifacts/certificates/verina_basic_17/verina_basic_17__T2_helper_extract__0.lean,rp_equiv_rfl,,0,False,,clean,0.865
certificate,verina_basic_18__T1_let_intro__0,artifacts/certificates/verina_basic_18/verina_basic_18__T1_let_intro__0.lean,rp_equiv_delta_rfl,"propext, Quot.sound",2,False,,clean,1.115
certificate,verina_basic_18__T2_helper_extract__0,artifacts/certificates/verina_basic_18/verina_basic_18__T2_helper_extract__0.lean,rp_equiv_delta_rfl,"propext, Quot.sound",2,False,,clean,1.13
certificate,verina_basic_19__T1_let_intro__0,artifacts/certificates/verina_basic_19/verina_basic_19__T1_let_intro__0.lean,rp_equiv_rfl,propext,1,False,,clean,0.865
certificate,verina_basic_19__T2_helper_extract__0,artifacts/certificates/verina_basic_19/verina_basic_19__T2_helper_extract__0.lean,rp_equiv_rfl,propext,1,False,,clean,0.905
certificate,verina_basic_19__T3_comm_swap__0,artifacts/certificates/verina_basic_19/verina_basic_19__T3_comm_swap__0.lean,rp_equiv_simp_only,"propext, Quot.sound",2,False,,clean,4.595
certificate,verina_basic_19__T4_cond_invert__0,artifacts/certificates/verina_basic_19/verina_basic_19__T4_cond_invert__0.lean,rp_equiv_simp_only,propext,1,False,,clean,1.293
certificate,verina_basic_19__T5_branch_extract__0,artifacts/certificates/verina_basic_19/verina_basic_19__T5_branch_extract__0.lean,rp_equiv_rfl,propext,1,False,,clean,0.854
certificate,verina_basic_2__T1_let_intro__0,artifacts/certificates/verina_basic_2/verina_basic_2__T1_let_intro__0.lean,rp_equiv_rfl,,0,False,,clean,0.768
certificate,verina_basic_2__T2_helper_extract__0,artifacts/certificates/verina_basic_2/verina_basic_2__T2_helper_extract__0.lean,rp_equiv_rfl,,0,False,,clean,0.819
certificate,verina_basic_20__T1_let_intro__0,artifacts/certificates/verina_basic_20/verina_basic_20__T1_let_intro__0.lean,rp_equiv_delta_rfl,"propext, Quot.sound",2,False,,clean,1.933
certificate,verina_basic_20__T2_helper_extract__0,artifacts/certificates/verina_basic_20/verina_basic_20__T2_helper_extract__0.lean,rp_equiv_delta_rfl,"propext, Quot.sound",2,False,,clean,1.837
certificate,verina_basic_21__T1_let_intro__0,artifacts/certificates/verina_basic_21/verina_basic_21__T1_let_intro__0.lean,rp_equiv_delta_rfl,"propext, Quot.sound",2,False,,clean,1.131
certificate,verina_basic_21__T2_helper_extract__0,artifacts/certificates/verina_basic_21/verina_basic_21__T2_helper_extract__0.lean,rp_equiv_delta_rfl,"propext, Quot.sound",2,False,,clean,1.122
certificate,verina_basic_21__T4_cond_invert__0,artifacts/certificates/verina_basic_21/verina_basic_21__T4_cond_invert__0.lean,rp_equiv_simp_only,"propext, Quot.sound",2,False,,clean,1.365
certificate,verina_basic_23__T1_let_intro__0,artifacts/certificates/verina_basic_23/verina_basic_23__T1_let_intro__0.lean,rp_equiv_delta_rfl,"propext, Quot.sound",2,False,,clean,2.105
certificate,verina_basic_23__T2_helper_extract__0,artifacts/certificates/verina_basic_23/verina_basic_23__T2_helper_extract__0.lean,rp_equiv_delta_rfl,"propext, Quot.sound",2,False,,clean,2.198
certificate,verina_basic_24__T1_let_intro__0,artifacts/certificates/verina_basic_24/verina_basic_24__T1_let_intro__0.lean,rp_equiv_delta_rfl,"propext, Quot.sound",2,False,,clean,2.143
certificate,verina_basic_24__T2_helper_extract__0,artifacts/certificates/verina_basic_24/verina_basic_24__T2_helper_extract__0.lean,rp_equiv_delta_rfl,"propext, Quot.sound",2,False,,clean,2.099
certificate,verina_basic_25__T1_let_intro__0,artifacts/certificates/verina_basic_25/verina_basic_25__T1_let_intro__0.lean,rp_equiv_rfl,"propext, Classical.choice",2,False,,clean,1.013
certificate,verina_basic_25__T2_helper_extract__0,artifacts/certificates/verina_basic_25/verina_basic_25__T2_helper_extract__0.lean,rp_equiv_rfl,"propext, Classical.choice",2,False,,clean,0.978
certificate,verina_basic_25__T3_comm_swap__0,artifacts/certificates/verina_basic_25/verina_basic_25__T3_comm_swap__0.lean,rp_equiv_simp_only,"propext, Classical.choice",2,False,,clean,1.146
certificate,verina_basic_25__T4_cond_invert__0,artifacts/certificates/verina_basic_25/verina_basic_25__T4_cond_invert__0.lean,rp_equiv_simp_only,"propext, Classical.choice",2,False,,clean,1.101
certificate,verina_basic_25__T5_branch_extract__0,artifacts/certificates/verina_basic_25/verina_basic_25__T5_branch_extract__0.lean,rp_equiv_rfl,"propext, Classical.choice",2,False,,clean,1.007
certificate,verina_basic_26__T1_let_intro__0,artifacts/certificates/verina_basic_26/verina_basic_26__T1_let_intro__0.lean,rp_equiv_rfl,,0,False,,clean,0.973
certificate,verina_basic_26__T2_helper_extract__0,artifacts/certificates/verina_basic_26/verina_basic_26__T2_helper_extract__0.lean,rp_equiv_rfl,,0,False,,clean,0.932
certificate,verina_basic_27__T1_let_intro__0,artifacts/certificates/verina_basic_27/verina_basic_27__T1_let_intro__0.lean,rp_equiv_delta_rfl,"propext, Quot.sound",2,False,,clean,1.564
certificate,verina_basic_27__T2_helper_extract__0,artifacts/certificates/verina_basic_27/verina_basic_27__T2_helper_extract__0.lean,rp_equiv_delta_rfl,"propext, Quot.sound",2,False,,clean,1.553
certificate,verina_basic_28__T1_let_intro__0,artifacts/certificates/verina_basic_28/verina_basic_28__T1_let_intro__0.lean,rp_equiv_delta_rfl,"propext, Quot.sound",2,False,,clean,1.404
certificate,verina_basic_28__T2_helper_extract__0,artifacts/certificates/verina_basic_28/verina_basic_28__T2_helper_extract__0.lean,rp_equiv_delta_rfl,"propext, Quot.sound",2,False,,clean,1.444
certificate,verina_basic_29__T1_let_intro__0,artifacts/certificates/verina_basic_29/verina_basic_29__T1_let_intro__0.lean,rp_equiv_rfl,propext,1,False,,clean,0.928
certificate,verina_basic_29__T2_helper_extract__0,artifacts/certificates/verina_basic_29/verina_basic_29__T2_helper_extract__0.lean,rp_equiv_rfl,propext,1,False,,clean,0.88
certificate,verina_basic_3__T1_let_intro__0,artifacts/certificates/verina_basic_3/verina_basic_3__T1_let_intro__0.lean,rp_equiv_rfl,,0,False,,clean,9.278
certificate,verina_basic_3__T2_helper_extract__0,artifacts/certificates/verina_basic_3/verina_basic_3__T2_helper_extract__0.lean,rp_equiv_rfl,,0,False,,clean,9.249
certificate,verina_basic_30__T1_let_intro__0,artifacts/certificates/verina_basic_30/verina_basic_30__T1_let_intro__0.lean,rp_equiv_rfl,,0,False,,clean,0.88
certificate,verina_basic_30__T2_helper_extract__0,artifacts/certificates/verina_basic_30/verina_basic_30__T2_helper_extract__0.lean,rp_equiv_rfl,,0,False,,clean,0.941
certificate,verina_basic_31__T1_let_intro__0,artifacts/certificates/verina_basic_31/verina_basic_31__T1_let_intro__0.lean,rp_equiv_rfl,,0,False,,clean,0.952
certificate,verina_basic_31__T2_helper_extract__0,artifacts/certificates/verina_basic_31/verina_basic_31__T2_helper_extract__0.lean,rp_equiv_rfl,,0,False,,clean,0.969
certificate,verina_basic_32__T1_let_intro__0,artifacts/certificates/verina_basic_32/verina_basic_32__T1_let_intro__0.lean,rp_equiv_rfl,,0,False,,clean,8.891
certificate,verina_basic_32__T2_helper_extract__0,artifacts/certificates/verina_basic_32/verina_basic_32__T2_helper_extract__0.lean,rp_equiv_rfl,,0,False,,clean,8.813
certificate,verina_basic_33__T1_let_intro__0,artifacts/certificates/verina_basic_33/verina_basic_33__T1_let_intro__0.lean,rp_equiv_rfl_nosmart,,0,False,,clean,0.941
certificate,verina_basic_33__T2_helper_extract__0,artifacts/certificates/verina_basic_33/verina_basic_33__T2_helper_extract__0.lean,rp_equiv_rfl_nosmart,,0,False,,clean,0.982
certificate,verina_basic_34__T1_let_intro__0,artifacts/certificates/verina_basic_34/verina_basic_34__T1_let_intro__0.lean,rp_equiv_rfl,,0,False,,clean,0.984
certificate,verina_basic_34__T2_helper_extract__0,artifacts/certificates/verina_basic_34/verina_basic_34__T2_helper_extract__0.lean,rp_equiv_rfl,,0,False,,clean,0.948
certificate,verina_basic_35__T1_let_intro__0,artifacts/certificates/verina_basic_35/verina_basic_35__T1_let_intro__0.lean,rp_equiv_rfl,,0,False,,clean,0.983
certificate,verina_basic_35__T2_helper_extract__0,artifacts/certificates/verina_basic_35/verina_basic_35__T2_helper_extract__0.lean,rp_equiv_rfl,,0,False,,clean,0.917
certificate,verina_basic_36__T1_let_intro__0,artifacts/certificates/verina_basic_36/verina_basic_36__T1_let_intro__0.lean,rp_equiv_rfl,,0,False,,clean,0.935
certificate,verina_basic_36__T2_helper_extract__0,artifacts/certificates/verina_basic_36/verina_basic_36__T2_helper_extract__0.lean,rp_equiv_rfl,,0,False,,clean,0.962
certificate,verina_basic_37__T1_let_intro__0,artifacts/certificates/verina_basic_37/verina_basic_37__T1_let_intro__0.lean,rp_equiv_delta_rfl,"propext, Quot.sound",2,False,,clean,1.409
certificate,verina_basic_37__T2_helper_extract__0,artifacts/certificates/verina_basic_37/verina_basic_37__T2_helper_extract__0.lean,rp_equiv_delta_rfl,"propext, Quot.sound",2,False,,clean,1.415
certificate,verina_basic_38__T1_let_intro__0,artifacts/certificates/verina_basic_38/verina_basic_38__T1_let_intro__0.lean,rp_equiv_rfl,,0,False,,clean,0.887
certificate,verina_basic_38__T2_helper_extract__0,artifacts/certificates/verina_basic_38/verina_basic_38__T2_helper_extract__0.lean,rp_equiv_rfl,,0,False,,clean,0.962
certificate,verina_basic_39__T1_let_intro__0,artifacts/certificates/verina_basic_39/verina_basic_39__T1_let_intro__0.lean,rp_equiv_rfl,,0,False,,clean,0.955
certificate,verina_basic_39__T2_helper_extract__0,artifacts/certificates/verina_basic_39/verina_basic_39__T2_helper_extract__0.lean,rp_equiv_rfl,,0,False,,clean,0.995
certificate,verina_basic_39__T4_cond_invert__0,artifacts/certificates/verina_basic_39/verina_basic_39__T4_cond_invert__0.lean,rp_equiv_simp_only,propext,1,False,,clean,1.289
certificate,verina_basic_4__T1_let_intro__0,artifacts/certificates/verina_basic_4/verina_basic_4__T1_let_intro__0.lean,rp_equiv_rfl,,0,False,,clean,0.943
certificate,verina_basic_4__T2_helper_extract__0,artifacts/certificates/verina_basic_4/verina_basic_4__T2_helper_extract__0.lean,rp_equiv_rfl,,0,False,,clean,0.967
certificate,verina_basic_40__T1_let_intro__0,artifacts/certificates/verina_basic_40/verina_basic_40__T1_let_intro__0.lean,rp_equiv_rfl,"propext, Quot.sound",2,False,,clean,1.396
certificate,verina_basic_40__T2_helper_extract__0,artifacts/certificates/verina_basic_40/verina_basic_40__T2_helper_extract__0.lean,rp_equiv_rfl,"propext, Quot.sound",2,False,,clean,1.354
certificate,verina_basic_41__T1_let_intro__0,artifacts/certificates/verina_basic_41/verina_basic_41__T1_let_intro__0.lean,rp_equiv_delta_rfl,"propext, Quot.sound",2,False,,clean,1.48
certificate,verina_basic_41__T2_helper_extract__0,artifacts/certificates/verina_basic_41/verina_basic_41__T2_helper_extract__0.lean,rp_equiv_delta_rfl,"propext, Quot.sound",2,False,,clean,1.509
certificate,verina_basic_41__T4_cond_invert__0,artifacts/certificates/verina_basic_41/verina_basic_41__T4_cond_invert__0.lean,rp_equiv_simp_only,"propext, Quot.sound",2,False,,clean,1.602
certificate,verina_basic_42__T1_let_intro__0,artifacts/certificates/verina_basic_42/verina_basic_42__T1_let_intro__0.lean,rp_equiv_rfl,,0,False,,clean,0.89
certificate,verina_basic_42__T2_helper_extract__0,artifacts/certificates/verina_basic_42/verina_basic_42__T2_helper_extract__0.lean,rp_equiv_rfl,,0,False,,clean,0.916
certificate,verina_basic_43__T1_let_intro__0,artifacts/certificates/verina_basic_43/verina_basic_43__T1_let_intro__0.lean,rp_equiv_rfl_nosmart,,0,False,,clean,0.931
certificate,verina_basic_44__T1_let_intro__0,artifacts/certificates/verina_basic_44/verina_basic_44__T1_let_intro__0.lean,rp_equiv_rfl,propext,1,False,,clean,0.96
certificate,verina_basic_44__T2_helper_extract__0,artifacts/certificates/verina_basic_44/verina_basic_44__T2_helper_extract__0.lean,rp_equiv_rfl,propext,1,False,,clean,0.973
certificate,verina_basic_45__T1_let_intro__0,artifacts/certificates/verina_basic_45/verina_basic_45__T1_let_intro__0.lean,rp_equiv_rfl,,0,False,,clean,0.969
certificate,verina_basic_45__T2_helper_extract__0,artifacts/certificates/verina_basic_45/verina_basic_45__T2_helper_extract__0.lean,rp_equiv_rfl,,0,False,,clean,0.942
certificate,verina_basic_45__T3_comm_swap__0,artifacts/certificates/verina_basic_45/verina_basic_45__T3_comm_swap__0.lean,rp_equiv_simp_only,"propext, Quot.sound",2,False,,clean,1.102
certificate,verina_basic_46__T1_let_intro__0,artifacts/certificates/verina_basic_46/verina_basic_46__T1_let_intro__0.lean,rp_equiv_delta_rfl,"propext, Quot.sound",2,False,,clean,1.742
certificate,verina_basic_46__T2_helper_extract__0,artifacts/certificates/verina_basic_46/verina_basic_46__T2_helper_extract__0.lean,rp_equiv_delta_rfl,"propext, Quot.sound",2,False,,clean,1.756
certificate,verina_basic_47__T1_let_intro__0,artifacts/certificates/verina_basic_47/verina_basic_47__T1_let_intro__0.lean,rp_equiv_rfl,,0,False,,clean,0.868
certificate,verina_basic_47__T2_helper_extract__0,artifacts/certificates/verina_basic_47/verina_basic_47__T2_helper_extract__0.lean,rp_equiv_rfl,,0,False,,clean,0.91
certificate,verina_basic_48__T1_let_intro__0,artifacts/certificates/verina_basic_48/verina_basic_48__T1_let_intro__0.lean,rp_equiv_rfl_nosmart,,0,False,,clean,7.263
certificate,verina_basic_48__T2_helper_extract__0,artifacts/certificates/verina_basic_48/verina_basic_48__T2_helper_extract__0.lean,rp_equiv_rfl_nosmart,,0,False,,clean,7.249
certificate,verina_basic_48__T4_cond_invert__0,artifacts/certificates/verina_basic_48/verina_basic_48__T4_cond_invert__0.lean,rp_equiv_simp_only,propext,1,False,,clean,7.472
certificate,verina_basic_49__T1_let_intro__0,artifacts/certificates/verina_basic_49/verina_basic_49__T1_let_intro__0.lean,rp_equiv_rfl,,0,False,,clean,0.895
certificate,verina_basic_49__T2_helper_extract__0,artifacts/certificates/verina_basic_49/verina_basic_49__T2_helper_extract__0.lean,rp_equiv_rfl,,0,False,,clean,0.962
certificate,verina_basic_5__T1_let_intro__0,artifacts/certificates/verina_basic_5/verina_basic_5__T1_let_intro__0.lean,rp_equiv_rfl,,0,False,,clean,0.886
certificate,verina_basic_5__T2_helper_extract__0,artifacts/certificates/verina_basic_5/verina_basic_5__T2_helper_extract__0.lean,rp_equiv_rfl,,0,False,,clean,0.877
certificate,verina_basic_5__T3_comm_swap__0,artifacts/certificates/verina_basic_5/verina_basic_5__T3_comm_swap__0.lean,rp_equiv_simp_only,propext,1,False,,clean,0.971
certificate,verina_basic_50__T1_let_intro__0,artifacts/certificates/verina_basic_50/verina_basic_50__T1_let_intro__0.lean,rp_equiv_rfl,,0,False,,clean,7.342
certificate,verina_basic_50__T2_helper_extract__0,artifacts/certificates/verina_basic_50/verina_basic_50__T2_helper_extract__0.lean,rp_equiv_rfl,,0,False,,clean,7.244
certificate,verina_basic_50__T4_cond_invert__0,artifacts/certificates/verina_basic_50/verina_basic_50__T4_cond_invert__0.lean,rp_equiv_simp_only,propext,1,False,,clean,7.675
certificate,verina_basic_50__T5_branch_extract__0,artifacts/certificates/verina_basic_50/verina_basic_50__T5_branch_extract__0.lean,rp_equiv_rfl,,0,False,,clean,7.267
certificate,verina_basic_51__T1_let_intro__0,artifacts/certificates/verina_basic_51/verina_basic_51__T1_let_intro__0.lean,rp_equiv_rfl,"propext, Quot.sound",2,False,,clean,1.352
certificate,verina_basic_51__T2_helper_extract__0,artifacts/certificates/verina_basic_51/verina_basic_51__T2_helper_extract__0.lean,rp_equiv_rfl,"propext, Quot.sound",2,False,,clean,1.364
certificate,verina_basic_52__T1_let_intro__0,artifacts/certificates/verina_basic_52/verina_basic_52__T1_let_intro__0.lean,rp_equiv_rfl,"propext, Quot.sound",2,False,,clean,1.448
certificate,verina_basic_52__T2_helper_extract__0,artifacts/certificates/verina_basic_52/verina_basic_52__T2_helper_extract__0.lean,rp_equiv_rfl,"propext, Quot.sound",2,False,,clean,1.421
certificate,verina_basic_52__T4_cond_invert__0,artifacts/certificates/verina_basic_52/verina_basic_52__T4_cond_invert__0.lean,rp_equiv_simp_only,"propext, Quot.sound",2,False,,clean,1.554
certificate,verina_basic_52__T5_branch_extract__0,artifacts/certificates/verina_basic_52/verina_basic_52__T5_branch_extract__0.lean,rp_equiv_rfl,"propext, Quot.sound",2,False,,clean,1.429
certificate,verina_basic_53__T1_let_intro__0,artifacts/certificates/verina_basic_53/verina_basic_53__T1_let_intro__0.lean,rp_equiv_delta_rfl,"propext, Quot.sound",2,False,,clean,1.071
certificate,verina_basic_53__T2_helper_extract__0,artifacts/certificates/verina_basic_53/verina_basic_53__T2_helper_extract__0.lean,rp_equiv_delta_rfl,"propext, Quot.sound",2,False,,clean,1.037
certificate,verina_basic_54__T1_let_intro__0,artifacts/certificates/verina_basic_54/verina_basic_54__T1_let_intro__0.lean,rp_equiv_rfl,"propext, Quot.sound",2,False,,clean,1.269
certificate,verina_basic_54__T2_helper_extract__0,artifacts/certificates/verina_basic_54/verina_basic_54__T2_helper_extract__0.lean,rp_equiv_rfl,"propext, Quot.sound",2,False,,clean,1.206
certificate,verina_basic_55__T1_let_intro__0,artifacts/certificates/verina_basic_55/verina_basic_55__T1_let_intro__0.lean,rp_equiv_rfl,,0,False,,clean,0.844
certificate,verina_basic_55__T2_helper_extract__0,artifacts/certificates/verina_basic_55/verina_basic_55__T2_helper_extract__0.lean,rp_equiv_rfl,,0,False,,clean,0.831
certificate,verina_basic_55__T4_cond_invert__0,artifacts/certificates/verina_basic_55/verina_basic_55__T4_cond_invert__0.lean,rp_equiv_simp_only,propext,1,False,,clean,0.988
certificate,verina_basic_55__T5_branch_extract__0,artifacts/certificates/verina_basic_55/verina_basic_55__T5_branch_extract__0.lean,rp_equiv_rfl,,0,False,,clean,1.049
certificate,verina_basic_56__T1_let_intro__0,artifacts/certificates/verina_basic_56/verina_basic_56__T1_let_intro__0.lean,rp_equiv_rfl,,0,False,,clean,0.997
certificate,verina_basic_56__T2_helper_extract__0,artifacts/certificates/verina_basic_56/verina_basic_56__T2_helper_extract__0.lean,rp_equiv_rfl,,0,False,,clean,1.025
certificate,verina_basic_56__T4_cond_invert__0,artifacts/certificates/verina_basic_56/verina_basic_56__T4_cond_invert__0.lean,rp_equiv_simp_only,propext,1,False,,clean,1.082
certificate,verina_basic_56__T5_branch_extract__0,artifacts/certificates/verina_basic_56/verina_basic_56__T5_branch_extract__0.lean,rp_equiv_rfl,,0,False,,clean,1.046
certificate,verina_basic_57__T1_let_intro__0,artifacts/certificates/verina_basic_57/verina_basic_57__T1_let_intro__0.lean,rp_equiv_rfl,"propext, Quot.sound",2,False,,clean,1.297
certificate,verina_basic_57__T2_helper_extract__0,artifacts/certificates/verina_basic_57/verina_basic_57__T2_helper_extract__0.lean,rp_equiv_rfl,"propext, Quot.sound",2,False,,clean,1.382
certificate,verina_basic_58__T1_let_intro__0,artifacts/certificates/verina_basic_58/verina_basic_58__T1_let_intro__0.lean,rp_equiv_rfl,"propext, Quot.sound",2,False,,clean,1.373
certificate,verina_basic_58__T2_helper_extract__0,artifacts/certificates/verina_basic_58/verina_basic_58__T2_helper_extract__0.lean,rp_equiv_rfl,"propext, Quot.sound",2,False,,clean,1.362
certificate,verina_basic_59__T1_let_intro__0,artifacts/certificates/verina_basic_59/verina_basic_59__T1_let_intro__0.lean,rp_equiv_rfl,,0,False,,clean,0.939
certificate,verina_basic_59__T2_helper_extract__0,artifacts/certificates/verina_basic_59/verina_basic_59__T2_helper_extract__0.lean,rp_equiv_rfl,,0,False,,clean,0.942
certificate,verina_basic_59__T3_comm_swap__0,artifacts/certificates/verina_basic_59/verina_basic_59__T3_comm_swap__0.lean,rp_equiv_simp_only,propext,1,False,,clean,1.041
certificate,verina_basic_59__T3_comm_swap__1,artifacts/certificates/verina_basic_59/verina_basic_59__T3_comm_swap__1.lean,rp_equiv_simp_only,propext,1,False,,clean,1.066
certificate,verina_basic_6__T1_let_intro__0,artifacts/certificates/verina_basic_6/verina_basic_6__T1_let_intro__0.lean,rp_equiv_rfl,,0,False,,clean,7.046
certificate,verina_basic_6__T2_helper_extract__0,artifacts/certificates/verina_basic_6/verina_basic_6__T2_helper_extract__0.lean,rp_equiv_rfl,,0,False,,clean,7.1
certificate,verina_basic_6__T4_cond_invert__0,artifacts/certificates/verina_basic_6/verina_basic_6__T4_cond_invert__0.lean,rp_equiv_simp_only,propext,1,False,,clean,7.633
certificate,verina_basic_6__T5_branch_extract__0,artifacts/certificates/verina_basic_6/verina_basic_6__T5_branch_extract__0.lean,rp_equiv_rfl,,0,False,,clean,7.175
certificate,verina_basic_60__T1_let_intro__0,artifacts/certificates/verina_basic_60/verina_basic_60__T1_let_intro__0.lean,rp_equiv_delta_rfl,"propext, Quot.sound",2,False,,clean,1.98
certificate,verina_basic_60__T2_helper_extract__0,artifacts/certificates/verina_basic_60/verina_basic_60__T2_helper_extract__0.lean,rp_equiv_delta_rfl,"propext, Quot.sound",2,False,,clean,1.941
certificate,verina_basic_61__T1_let_intro__0,artifacts/certificates/verina_basic_61/verina_basic_61__T1_let_intro__0.lean,rp_equiv_delta_rfl,propext,1,False,,clean,1.051
certificate,verina_basic_61__T2_helper_extract__0,artifacts/certificates/verina_basic_61/verina_basic_61__T2_helper_extract__0.lean,rp_equiv_delta_rfl,propext,1,False,,clean,1.006
certificate,verina_basic_62__T1_let_intro__0,artifacts/certificates/verina_basic_62/verina_basic_62__T1_let_intro__0.lean,rp_equiv_delta_rfl,"propext, Quot.sound",2,False,,clean,1.409
certificate,verina_basic_62__T2_helper_extract__0,artifacts/certificates/verina_basic_62/verina_basic_62__T2_helper_extract__0.lean,rp_equiv_delta_rfl,"propext, Quot.sound",2,False,,clean,1.392
certificate,verina_basic_63__T1_let_intro__0,artifacts/certificates/verina_basic_63/verina_basic_63__T1_let_intro__0.lean,rp_equiv_delta_rfl,"propext, Classical.choice, Quot.sound",3,False,,clean,1.874
certificate,verina_basic_63__T2_helper_extract__0,artifacts/certificates/verina_basic_63/verina_basic_63__T2_helper_extract__0.lean,rp_equiv_delta_rfl,"propext, Classical.choice, Quot.sound",3,False,,clean,1.824
certificate,verina_basic_64__T1_let_intro__0,artifacts/certificates/verina_basic_64/verina_basic_64__T1_let_intro__0.lean,rp_equiv_rfl,propext,1,False,,clean,1.239
certificate,verina_basic_64__T2_helper_extract__0,artifacts/certificates/verina_basic_64/verina_basic_64__T2_helper_extract__0.lean,rp_equiv_rfl,propext,1,False,,clean,1.205
certificate,verina_basic_64__T3_comm_swap__0,artifacts/certificates/verina_basic_64/verina_basic_64__T3_comm_swap__0.lean,rp_equiv_simp_only,"propext, Quot.sound",2,False,,clean,3.284
certificate,verina_basic_64__T3_comm_swap__1,artifacts/certificates/verina_basic_64/verina_basic_64__T3_comm_swap__1.lean,rp_equiv_simp_only,"propext, Quot.sound",2,False,,clean,5.617
certificate,verina_basic_64__T3_comm_swap__2,artifacts/certificates/verina_basic_64/verina_basic_64__T3_comm_swap__2.lean,rp_equiv_simp_only,"propext, Quot.sound",2,False,,clean,5.068
certificate,verina_basic_65__T1_let_intro__0,artifacts/certificates/verina_basic_65/verina_basic_65__T1_let_intro__0.lean,rp_equiv_rfl_nosmart,,0,False,,clean,1.055
certificate,verina_basic_65__T2_helper_extract__0,artifacts/certificates/verina_basic_65/verina_basic_65__T2_helper_extract__0.lean,rp_equiv_rfl_nosmart,,0,False,,clean,0.943
certificate,verina_basic_66__T1_let_intro__0,artifacts/certificates/verina_basic_66/verina_basic_66__T1_let_intro__0.lean,rp_equiv_rfl,,0,False,,clean,6.959
certificate,verina_basic_66__T2_helper_extract__0,artifacts/certificates/verina_basic_66/verina_basic_66__T2_helper_extract__0.lean,rp_equiv_rfl,,0,False,,clean,6.908
certificate,verina_basic_66__T4_cond_invert__0,artifacts/certificates/verina_basic_66/verina_basic_66__T4_cond_invert__0.lean,rp_equiv_simp_only,propext,1,False,,clean,7.353
certificate,verina_basic_66__T5_branch_extract__0,artifacts/certificates/verina_basic_66/verina_basic_66__T5_branch_extract__0.lean,rp_equiv_rfl,,0,False,,clean,6.842
certificate,verina_basic_67__T1_let_intro__0,artifacts/certificates/verina_basic_67/verina_basic_67__T1_let_intro__0.lean,rp_equiv_rfl,"propext, Quot.sound",2,False,,clean,1.102
certificate,verina_basic_67__T2_helper_extract__0,artifacts/certificates/verina_basic_67/verina_basic_67__T2_helper_extract__0.lean,rp_equiv_rfl,"propext, Quot.sound",2,False,,clean,1.123
certificate,verina_basic_67__T4_cond_invert__0,artifacts/certificates/verina_basic_67/verina_basic_67__T4_cond_invert__0.lean,rp_equiv_simp_only,"propext, Quot.sound",2,False,,clean,1.207
certificate,verina_basic_67__T5_branch_extract__0,artifacts/certificates/verina_basic_67/verina_basic_67__T5_branch_extract__0.lean,rp_equiv_rfl,"propext, Quot.sound",2,False,,clean,1.203
certificate,verina_basic_68__T1_let_intro__0,artifacts/certificates/verina_basic_68/verina_basic_68__T1_let_intro__0.lean,rp_equiv_delta_rfl,"propext, Quot.sound",2,False,,clean,9.061
certificate,verina_basic_68__T2_helper_extract__0,artifacts/certificates/verina_basic_68/verina_basic_68__T2_helper_extract__0.lean,rp_equiv_delta_rfl,"propext, Quot.sound",2,False,,clean,8.906
certificate,verina_basic_69__T1_let_intro__0,artifacts/certificates/verina_basic_69/verina_basic_69__T1_let_intro__0.lean,rp_equiv_rfl,"propext, Quot.sound",2,False,,clean,1.148
certificate,verina_basic_69__T2_helper_extract__0,artifacts/certificates/verina_basic_69/verina_basic_69__T2_helper_extract__0.lean,rp_equiv_rfl,"propext, Quot.sound",2,False,,clean,1.192
certificate,verina_basic_7__T1_let_intro__0,artifacts/certificates/verina_basic_7/verina_basic_7__T1_let_intro__0.lean,rp_equiv_delta_rfl,"propext, Quot.sound",2,False,,clean,1.15
certificate,verina_basic_7__T2_helper_extract__0,artifacts/certificates/verina_basic_7/verina_basic_7__T2_helper_extract__0.lean,rp_equiv_delta_rfl,"propext, Quot.sound",2,False,,clean,1.184
certificate,verina_basic_70__T1_let_intro__0,artifacts/certificates/verina_basic_70/verina_basic_70__T1_let_intro__0.lean,rp_equiv_delta_rfl,"propext, Quot.sound",2,False,,clean,1.363
certificate,verina_basic_70__T2_helper_extract__0,artifacts/certificates/verina_basic_70/verina_basic_70__T2_helper_extract__0.lean,rp_equiv_delta_rfl,"propext, Quot.sound",2,False,,clean,1.384
certificate,verina_basic_71__T1_let_intro__0,artifacts/certificates/verina_basic_71/verina_basic_71__T1_let_intro__0.lean,rp_equiv_delta_rfl,"propext, Quot.sound",2,False,,clean,1.57
certificate,verina_basic_71__T2_helper_extract__0,artifacts/certificates/verina_basic_71/verina_basic_71__T2_helper_extract__0.lean,rp_equiv_delta_rfl,"propext, Quot.sound",2,False,,clean,1.592
certificate,verina_basic_72__T1_let_intro__0,artifacts/certificates/verina_basic_72/verina_basic_72__T1_let_intro__0.lean,rp_equiv_rfl,"propext, Quot.sound",2,False,,clean,1.287
certificate,verina_basic_72__T2_helper_extract__0,artifacts/certificates/verina_basic_72/verina_basic_72__T2_helper_extract__0.lean,rp_equiv_rfl,"propext, Quot.sound",2,False,,clean,1.137
certificate,verina_basic_73__T1_let_intro__0,artifacts/certificates/verina_basic_73/verina_basic_73__T1_let_intro__0.lean,rp_equiv_delta_rfl,"propext, Quot.sound",2,False,,clean,1.433
certificate,verina_basic_73__T2_helper_extract__0,artifacts/certificates/verina_basic_73/verina_basic_73__T2_helper_extract__0.lean,rp_equiv_delta_rfl,"propext, Quot.sound",2,False,,clean,1.444
certificate,verina_basic_74__T1_let_intro__0,artifacts/certificates/verina_basic_74/verina_basic_74__T1_let_intro__0.lean,rp_equiv_rfl,"propext, Quot.sound",2,False,,clean,1.374
certificate,verina_basic_74__T2_helper_extract__0,artifacts/certificates/verina_basic_74/verina_basic_74__T2_helper_extract__0.lean,rp_equiv_rfl,"propext, Quot.sound",2,False,,clean,1.31
certificate,verina_basic_75__T1_let_intro__0,artifacts/certificates/verina_basic_75/verina_basic_75__T1_let_intro__0.lean,rp_equiv_rfl,"propext, Quot.sound",2,False,,clean,1.389
certificate,verina_basic_75__T2_helper_extract__0,artifacts/certificates/verina_basic_75/verina_basic_75__T2_helper_extract__0.lean,rp_equiv_rfl,"propext, Quot.sound",2,False,,clean,1.366
certificate,verina_basic_76__T1_let_intro__0,artifacts/certificates/verina_basic_76/verina_basic_76__T1_let_intro__0.lean,rp_equiv_rfl,,0,False,,clean,0.918
certificate,verina_basic_76__T2_helper_extract__0,artifacts/certificates/verina_basic_76/verina_basic_76__T2_helper_extract__0.lean,rp_equiv_rfl,,0,False,,clean,0.884
certificate,verina_basic_76__T4_cond_invert__0,artifacts/certificates/verina_basic_76/verina_basic_76__T4_cond_invert__0.lean,rp_equiv_simp_only,propext,1,False,,clean,1.111
certificate,verina_basic_76__T5_branch_extract__0,artifacts/certificates/verina_basic_76/verina_basic_76__T5_branch_extract__0.lean,rp_equiv_rfl,,0,False,,clean,0.87
certificate,verina_basic_77__T1_let_intro__0,artifacts/certificates/verina_basic_77/verina_basic_77__T1_let_intro__0.lean,rp_equiv_rfl,,0,False,,clean,0.929
certificate,verina_basic_77__T2_helper_extract__0,artifacts/certificates/verina_basic_77/verina_basic_77__T2_helper_extract__0.lean,rp_equiv_rfl,,0,False,,clean,0.925
certificate,verina_basic_78__T1_let_intro__0,artifacts/certificates/verina_basic_78/verina_basic_78__T1_let_intro__0.lean,rp_equiv_rfl,,0,False,,clean,0.954
certificate,verina_basic_78__T2_helper_extract__0,artifacts/certificates/verina_basic_78/verina_basic_78__T2_helper_extract__0.lean,rp_equiv_rfl,,0,False,,clean,0.928
certificate,verina_basic_78__T3_comm_swap__0,artifacts/certificates/verina_basic_78/verina_basic_78__T3_comm_swap__0.lean,rp_equiv_simp_only,propext,1,False,,clean,0.991
certificate,verina_basic_79__T1_let_intro__0,artifacts/certificates/verina_basic_79/verina_basic_79__T1_let_intro__0.lean,rp_equiv_rfl,"propext, Quot.sound",2,False,,clean,1.627
certificate,verina_basic_79__T2_helper_extract__0,artifacts/certificates/verina_basic_79/verina_basic_79__T2_helper_extract__0.lean,rp_equiv_rfl,"propext, Quot.sound",2,False,,clean,1.642
certificate,verina_basic_8__T1_let_intro__0,artifacts/certificates/verina_basic_8/verina_basic_8__T1_let_intro__0.lean,rp_equiv_rfl,,0,False,,clean,0.917
certificate,verina_basic_8__T2_helper_extract__0,artifacts/certificates/verina_basic_8/verina_basic_8__T2_helper_extract__0.lean,rp_equiv_rfl,,0,False,,clean,0.912
certificate,verina_basic_8__T4_cond_invert__0,artifacts/certificates/verina_basic_8/verina_basic_8__T4_cond_invert__0.lean,rp_equiv_simp_only,propext,1,False,,clean,1.084
certificate,verina_basic_8__T5_branch_extract__0,artifacts/certificates/verina_basic_8/verina_basic_8__T5_branch_extract__0.lean,rp_equiv_rfl,,0,False,,clean,0.942
certificate,verina_basic_80__T1_let_intro__0,artifacts/certificates/verina_basic_80/verina_basic_80__T1_let_intro__0.lean,rp_equiv_rfl,"propext, Quot.sound",2,False,,clean,1.263
certificate,verina_basic_80__T2_helper_extract__0,artifacts/certificates/verina_basic_80/verina_basic_80__T2_helper_extract__0.lean,rp_equiv_rfl,"propext, Quot.sound",2,False,,clean,1.349
certificate,verina_basic_81__T1_let_intro__0,artifacts/certificates/verina_basic_81/verina_basic_81__T1_let_intro__0.lean,rp_equiv_rfl,,0,False,,clean,7.229
certificate,verina_basic_81__T2_helper_extract__0,artifacts/certificates/verina_basic_81/verina_basic_81__T2_helper_extract__0.lean,rp_equiv_rfl,,0,False,,clean,7.193
certificate,verina_basic_81__T4_cond_invert__0,artifacts/certificates/verina_basic_81/verina_basic_81__T4_cond_invert__0.lean,rp_equiv_simp_only,propext,1,False,,clean,7.187
certificate,verina_basic_81__T5_branch_extract__0,artifacts/certificates/verina_basic_81/verina_basic_81__T5_branch_extract__0.lean,rp_equiv_rfl,,0,False,,clean,7.112
certificate,verina_basic_82__T1_let_intro__0,artifacts/certificates/verina_basic_82/verina_basic_82__T1_let_intro__0.lean,rp_equiv_rfl,"propext, Quot.sound",2,False,,clean,1.342
certificate,verina_basic_82__T2_helper_extract__0,artifacts/certificates/verina_basic_82/verina_basic_82__T2_helper_extract__0.lean,rp_equiv_rfl,"propext, Quot.sound",2,False,,clean,1.25
certificate,verina_basic_82__T4_cond_invert__0,artifacts/certificates/verina_basic_82/verina_basic_82__T4_cond_invert__0.lean,rp_equiv_simp_only,"propext, Quot.sound",2,False,,clean,1.589
certificate,verina_basic_82__T5_branch_extract__0,artifacts/certificates/verina_basic_82/verina_basic_82__T5_branch_extract__0.lean,rp_equiv_rfl,"propext, Quot.sound",2,False,,clean,1.224
certificate,verina_basic_83__T1_let_intro__0,artifacts/certificates/verina_basic_83/verina_basic_83__T1_let_intro__0.lean,rp_equiv_delta_rfl,"propext, Quot.sound",2,False,,clean,1.762
certificate,verina_basic_83__T2_helper_extract__0,artifacts/certificates/verina_basic_83/verina_basic_83__T2_helper_extract__0.lean,rp_equiv_delta_rfl,"propext, Quot.sound",2,False,,clean,1.695
certificate,verina_basic_83__T3_comm_swap__0,artifacts/certificates/verina_basic_83/verina_basic_83__T3_comm_swap__0.lean,rp_equiv_simp_only,"propext, Quot.sound",2,False,,clean,1.772
certificate,verina_basic_84__T1_let_intro__0,artifacts/certificates/verina_basic_84/verina_basic_84__T1_let_intro__0.lean,rp_equiv_rfl,"propext, Quot.sound",2,False,,clean,1.391
certificate,verina_basic_84__T2_helper_extract__0,artifacts/certificates/verina_basic_84/verina_basic_84__T2_helper_extract__0.lean,rp_equiv_rfl,"propext, Quot.sound",2,False,,clean,1.37
certificate,verina_basic_85__T1_let_intro__0,artifacts/certificates/verina_basic_85/verina_basic_85__T1_let_intro__0.lean,rp_equiv_rfl,"propext, Quot.sound",2,False,,clean,1.514
certificate,verina_basic_85__T2_helper_extract__0,artifacts/certificates/verina_basic_85/verina_basic_85__T2_helper_extract__0.lean,rp_equiv_rfl,"propext, Quot.sound",2,False,,clean,1.553
certificate,verina_basic_86__T1_let_intro__0,artifacts/certificates/verina_basic_86/verina_basic_86__T1_let_intro__0.lean,rp_equiv_rfl,"propext, Quot.sound",2,False,,clean,1.448
certificate,verina_basic_86__T2_helper_extract__0,artifacts/certificates/verina_basic_86/verina_basic_86__T2_helper_extract__0.lean,rp_equiv_rfl,"propext, Quot.sound",2,False,,clean,1.492
certificate,verina_basic_87__T1_let_intro__0,artifacts/certificates/verina_basic_87/verina_basic_87__T1_let_intro__0.lean,rp_equiv_rfl,,0,False,,clean,1.02
certificate,verina_basic_87__T2_helper_extract__0,artifacts/certificates/verina_basic_87/verina_basic_87__T2_helper_extract__0.lean,rp_equiv_rfl,,0,False,,clean,0.929
certificate,verina_basic_88__T1_let_intro__0,artifacts/certificates/verina_basic_88/verina_basic_88__T1_let_intro__0.lean,rp_equiv_rfl,,0,False,,clean,0.905
certificate,verina_basic_88__T2_helper_extract__0,artifacts/certificates/verina_basic_88/verina_basic_88__T2_helper_extract__0.lean,rp_equiv_rfl,,0,False,,clean,0.992
certificate,verina_basic_89__T1_let_intro__0,artifacts/certificates/verina_basic_89/verina_basic_89__T1_let_intro__0.lean,rp_equiv_rfl,,0,False,,clean,0.96
certificate,verina_basic_89__T2_helper_extract__0,artifacts/certificates/verina_basic_89/verina_basic_89__T2_helper_extract__0.lean,rp_equiv_rfl,,0,False,,clean,0.989
certificate,verina_basic_9__T1_let_intro__0,artifacts/certificates/verina_basic_9/verina_basic_9__T1_let_intro__0.lean,rp_equiv_rfl,propext,1,False,,clean,0.925
certificate,verina_basic_9__T2_helper_extract__0,artifacts/certificates/verina_basic_9/verina_basic_9__T2_helper_extract__0.lean,rp_equiv_rfl,propext,1,False,,clean,1.008
certificate,verina_basic_90__T1_let_intro__0,artifacts/certificates/verina_basic_90/verina_basic_90__T1_let_intro__0.lean,rp_equiv_delta_rfl,"propext, Quot.sound",2,False,,clean,1.997
certificate,verina_basic_90__T2_helper_extract__0,artifacts/certificates/verina_basic_90/verina_basic_90__T2_helper_extract__0.lean,rp_equiv_delta_rfl,"propext, Quot.sound",2,False,,clean,1.992
certificate,verina_basic_90__T3_comm_swap__1,artifacts/certificates/verina_basic_90/verina_basic_90__T3_comm_swap__1.lean,rp_equiv_simp_only,"propext, Quot.sound",2,False,,clean,2.017
certificate,verina_basic_91__T1_let_intro__0,artifacts/certificates/verina_basic_91/verina_basic_91__T1_let_intro__0.lean,rp_equiv_rfl,,0,False,,clean,0.952
certificate,verina_basic_91__T2_helper_extract__0,artifacts/certificates/verina_basic_91/verina_basic_91__T2_helper_extract__0.lean,rp_equiv_rfl,,0,False,,clean,0.941
certificate,verina_basic_92__T1_let_intro__0,artifacts/certificates/verina_basic_92/verina_basic_92__T1_let_intro__0.lean,rp_equiv_rfl,,0,False,,clean,0.944
certificate,verina_basic_92__T2_helper_extract__0,artifacts/certificates/verina_basic_92/verina_basic_92__T2_helper_extract__0.lean,rp_equiv_rfl,,0,False,,clean,0.974
certificate,verina_basic_92__T3_comm_swap__0,artifacts/certificates/verina_basic_92/verina_basic_92__T3_comm_swap__0.lean,rp_equiv_simp_only,propext,1,False,,clean,1.027
certificate,verina_basic_93__T1_let_intro__0,artifacts/certificates/verina_basic_93/verina_basic_93__T1_let_intro__0.lean,rp_equiv_rfl,propext,1,False,,clean,0.973
certificate,verina_basic_93__T2_helper_extract__0,artifacts/certificates/verina_basic_93/verina_basic_93__T2_helper_extract__0.lean,rp_equiv_rfl,propext,1,False,,clean,0.879
certificate,verina_basic_94__T1_let_intro__0,artifacts/certificates/verina_basic_94/verina_basic_94__T1_let_intro__0.lean,rp_equiv_delta_rfl,"propext, Quot.sound",2,False,,clean,1.525
certificate,verina_basic_94__T2_helper_extract__0,artifacts/certificates/verina_basic_94/verina_basic_94__T2_helper_extract__0.lean,rp_equiv_delta_rfl,"propext, Quot.sound",2,False,,clean,1.589
certificate,verina_basic_95__T1_let_intro__0,artifacts/certificates/verina_basic_95/verina_basic_95__T1_let_intro__0.lean,rp_equiv_rfl,,0,False,,clean,0.906
certificate,verina_basic_95__T2_helper_extract__0,artifacts/certificates/verina_basic_95/verina_basic_95__T2_helper_extract__0.lean,rp_equiv_rfl,,0,False,,clean,0.906
certificate,verina_basic_96__T1_let_intro__0,artifacts/certificates/verina_basic_96/verina_basic_96__T1_let_intro__0.lean,rp_equiv_rfl,,0,False,,clean,0.945
certificate,verina_basic_96__T2_helper_extract__0,artifacts/certificates/verina_basic_96/verina_basic_96__T2_helper_extract__0.lean,rp_equiv_rfl,,0,False,,clean,0.999
certificate,verina_basic_97__T1_let_intro__0,artifacts/certificates/verina_basic_97/verina_basic_97__T1_let_intro__0.lean,rp_equiv_rfl,,0,False,,clean,0.993
certificate,verina_basic_97__T2_helper_extract__0,artifacts/certificates/verina_basic_97/verina_basic_97__T2_helper_extract__0.lean,rp_equiv_rfl,,0,False,,clean,0.95
certificate,verina_basic_98__T1_let_intro__0,artifacts/certificates/verina_basic_98/verina_basic_98__T1_let_intro__0.lean,rp_equiv_rfl,,0,False,,clean,0.934
certificate,verina_basic_98__T2_helper_extract__0,artifacts/certificates/verina_basic_98/verina_basic_98__T2_helper_extract__0.lean,rp_equiv_rfl,,0,False,,clean,0.926
certificate,verina_basic_98__T3_comm_swap__0,artifacts/certificates/verina_basic_98/verina_basic_98__T3_comm_swap__0.lean,rp_equiv_simp_only,propext,1,False,,clean,0.939
certificate,verina_basic_99__T1_let_intro__0,artifacts/certificates/verina_basic_99/verina_basic_99__T1_let_intro__0.lean,rp_equiv_rfl,,0,False,,clean,7.676
certificate,verina_basic_99__T2_helper_extract__0,artifacts/certificates/verina_basic_99/verina_basic_99__T2_helper_extract__0.lean,rp_equiv_rfl,,0,False,,clean,7.665
certificate,verina_basic_99__T3_comm_swap__0,artifacts/certificates/verina_basic_99/verina_basic_99__T3_comm_swap__0.lean,rp_equiv_simp_only,"propext, Classical.choice, Quot.sound",3,False,,clean,8.534
certificate,verina_basic_99__T3_comm_swap__1,artifacts/certificates/verina_basic_99/verina_basic_99__T3_comm_swap__1.lean,rp_equiv_simp_only,"propext, Classical.choice, Quot.sound",3,False,,clean,8.756
certificate,verina_basic_99__T3_comm_swap__2,artifacts/certificates/verina_basic_99/verina_basic_99__T3_comm_swap__2.lean,rp_equiv_simp_only,"propext, Classical.choice, Quot.sound",3,False,,clean,8.183
certificate,verina_basic_99__T4_cond_invert__0,artifacts/certificates/verina_basic_99/verina_basic_99__T4_cond_invert__0.lean,rp_equiv_simp_only,propext,1,False,,clean,7.941
certificate,verina_basic_99__T5_branch_extract__0,artifacts/certificates/verina_basic_99/verina_basic_99__T5_branch_extract__0.lean,rp_equiv_rfl,,0,False,,clean,7.414
survivor,verina_basic_1__T1_let_intro__0|reference,artifacts/variants/verina_basic_1/verina_basic_1__T1_let_intro__0/reference.lean,hasOppositeSign_spec_satisfied,"propext, Classical.choice, Quot.sound",3,False,,clean,7.885
survivor,verina_basic_10__T1_let_intro__0|reference,artifacts/variants/verina_basic_10/verina_basic_10__T1_let_intro__0/reference.lean,isGreater_spec_satisfied,"propext, Classical.choice, Quot.sound",3,False,,clean,0.975
survivor,verina_basic_100__T1_let_intro__0|reference,artifacts/variants/verina_basic_100/verina_basic_100__T1_let_intro__0/reference.lean,Triple_spec_satisfied,"propext, Classical.choice, Quot.sound",3,False,,clean,7.934
survivor,verina_basic_100__T4_cond_invert__0|reference,artifacts/variants/verina_basic_100/verina_basic_100__T4_cond_invert__0/reference.lean,Triple_spec_satisfied,"propext, Classical.choice, Quot.sound",3,False,,clean,7.923
survivor,verina_basic_101__T1_let_intro__0|reference,artifacts/variants/verina_basic_101/verina_basic_101__T1_let_intro__0/reference.lean,Triple_spec_satisfied,"propext, Quot.sound",2,False,,clean,0.978
survivor,verina_basic_11__T1_let_intro__0|reference,artifacts/variants/verina_basic_11/verina_basic_11__T1_let_intro__0/reference.lean,lastDigit_spec_satisfied,propext,1,False,,clean,0.973
survivor,verina_basic_12__T1_let_intro__0|reference,artifacts/variants/verina_basic_12/verina_basic_12__T1_let_intro__0/reference.lean,cubeSurfaceArea_spec_satisfied,propext,1,False,,clean,0.974
survivor,verina_basic_13__T1_let_intro__0|reference,artifacts/variants/verina_basic_13/verina_basic_13__T1_let_intro__0/reference.lean,cubeElements_spec_satisfied,"propext, Quot.sound",2,False,,clean,1.396
survivor,verina_basic_14__T1_let_intro__0|reference,artifacts/variants/verina_basic_14/verina_basic_14__T1_let_intro__0/reference.lean,containsZ_spec_satisfied,"propext, Quot.sound",2,False,,clean,0.953
survivor,verina_basic_15__T1_let_intro__0|reference,artifacts/variants/verina_basic_15/verina_basic_15__T1_let_intro__0/reference.lean,containsConsecutiveNumbers_spec_satisfied,"propext, Classical.choice, Quot.sound",3,False,,clean,8.877
survivor,verina_basic_15__T4_cond_invert__0|reference,artifacts/variants/verina_basic_15/verina_basic_15__T4_cond_invert__0/reference.lean,containsConsecutiveNumbers_spec_satisfied,"propext, Classical.choice, Quot.sound",3,False,,clean,8.799
survivor,verina_basic_15__T5_branch_extract__0|reference,artifacts/variants/verina_basic_15/verina_basic_15__T5_branch_extract__0/reference.lean,containsConsecutiveNumbers_spec_satisfied,"propext, Classical.choice, Quot.sound",3,False,,clean,8.591
survivor,verina_basic_16__T1_let_intro__0|reference,artifacts/variants/verina_basic_16/verina_basic_16__T1_let_intro__0/reference.lean,replaceChars_spec_satisfied,"propext, Quot.sound",2,False,,clean,1.047
survivor,verina_basic_17__T1_let_intro__0|reference,artifacts/variants/verina_basic_17/verina_basic_17__T1_let_intro__0/reference.lean,toLowercase_spec_satisfied,"propext, Quot.sound",2,False,,clean,1.167
survivor,verina_basic_19__T1_let_intro__0|reference,artifacts/variants/verina_basic_19/verina_basic_19__T1_let_intro__0/reference.lean,isSorted_spec_satisfied,"propext, Classical.choice, Quot.sound",3,False,,clean,1.629
survivor,verina_basic_19__T4_cond_invert__0|reference,artifacts/variants/verina_basic_19/verina_basic_19__T4_cond_invert__0/reference.lean,isSorted_spec_satisfied,"propext, Classical.choice, Quot.sound",3,False,,clean,1.649
survivor,verina_basic_2__T1_let_intro__0|reference,artifacts/variants/verina_basic_2/verina_basic_2__T1_let_intro__0/reference.lean,findSmallest_spec_satisfied,"propext, Quot.sound",2,False,,clean,0.967
survivor,verina_basic_26__T1_let_intro__0|reference,artifacts/variants/verina_basic_26/verina_basic_26__T1_let_intro__0/reference.lean,isEven_spec_satisfied,"propext, Quot.sound",2,False,,clean,0.904
survivor,verina_basic_29__T1_let_intro__0|reference,artifacts/variants/verina_basic_29/verina_basic_29__T1_let_intro__0/reference.lean,removeElement_spec_satisfied,"propext, Classical.choice, Quot.sound",3,False,,clean,1.228
survivor,verina_basic_3__T1_let_intro__0|reference,artifacts/variants/verina_basic_3/verina_basic_3__T1_let_intro__0/reference.lean,isDivisibleBy11_spec_satisfied,"propext, Classical.choice, Quot.sound",3,False,,clean,7.344
survivor,verina_basic_30__T1_let_intro__0|reference,artifacts/variants/verina_basic_30/verina_basic_30__T1_let_intro__0/reference.lean,elementWiseModulo_spec_satisfied,"propext, Quot.sound",2,False,,clean,2.322
survivor,verina_basic_31__T1_let_intro__0|reference,artifacts/variants/verina_basic_31/verina_basic_31__T1_let_intro__0/reference.lean,toUppercase_spec_satisfied,"propext, Quot.sound",2,False,,clean,1.169
survivor,verina_basic_32__T1_let_intro__0|reference,artifacts/variants/verina_basic_32/verina_basic_32__T1_let_intro__0/reference.lean,swapFirstAndLast_spec_satisfied,"propext, Classical.choice, Quot.sound",3,False,,clean,8.668
survivor,verina_basic_36__T1_let_intro__0|reference,artifacts/variants/verina_basic_36/verina_basic_36__T1_let_intro__0/reference.lean,replaceWithColon_spec_satisfied,"propext, Quot.sound",2,False,,clean,1.033
survivor,verina_basic_4__T1_let_intro__0|reference,artifacts/variants/verina_basic_4/verina_basic_4__T1_let_intro__0/reference.lean,kthElement_spec_satisfied,"propext, Quot.sound",2,False,,clean,1.073
survivor,verina_basic_42__T1_let_intro__0|reference,artifacts/variants/verina_basic_42/verina_basic_42__T1_let_intro__0/reference.lean,countDigits_spec_satisfied,propext,1,False,,clean,0.9
survivor,verina_basic_44__T1_let_intro__0|reference,artifacts/variants/verina_basic_44/verina_basic_44__T1_let_intro__0/reference.lean,isOddAtIndexOdd_spec_satisfied,"propext, Quot.sound",2,False,,clean,1.19
survivor,verina_basic_45__T1_let_intro__0|reference,artifacts/variants/verina_basic_45/verina_basic_45__T1_let_intro__0/reference.lean,findProduct_spec_satisfied,propext,1,False,,clean,0.993
survivor,verina_basic_47__T1_let_intro__0|reference,artifacts/variants/verina_basic_47/verina_basic_47__T1_let_intro__0/reference.lean,arraySum_spec_satisfied,"propext, Classical.choice, Quot.sound",3,False,,clean,1.432
survivor,verina_basic_47__T2_helper_extract__0|reference,artifacts/variants/verina_basic_47/verina_basic_47__T2_helper_extract__0/reference.lean,arraySum_spec_satisfied,"propext, Classical.choice, Quot.sound",3,False,,clean,1.355
survivor,verina_basic_48__T1_let_intro__0|reference,artifacts/variants/verina_basic_48/verina_basic_48__T1_let_intro__0/reference.lean,isPerfectSquare_spec_satisfied,"propext, Classical.choice, Quot.sound",3,False,,clean,9.19
survivor,verina_basic_48__T4_cond_invert__0|reference,artifacts/variants/verina_basic_48/verina_basic_48__T4_cond_invert__0/reference.lean,isPerfectSquare_spec_satisfied,"propext, Classical.choice, Quot.sound",3,False,,clean,8.64
survivor,verina_basic_49__T1_let_intro__0|reference,artifacts/variants/verina_basic_49/verina_basic_49__T1_let_intro__0/reference.lean,findFirstOdd_spec_satisfied,"propext, Quot.sound",2,False,,clean,2.076
survivor,verina_basic_5__T1_let_intro__0|reference,artifacts/variants/verina_basic_5/verina_basic_5__T1_let_intro__0/reference.lean,multiply_spec_satisfied,propext,1,False,,clean,0.872
survivor,verina_basic_50__T1_let_intro__0|reference,artifacts/variants/verina_basic_50/verina_basic_50__T1_let_intro__0/reference.lean,Abs_spec_satisfied,propext,1,False,,clean,7.436
survivor,verina_basic_50__T5_branch_extract__0|reference,artifacts/variants/verina_basic_50/verina_basic_50__T5_branch_extract__0/reference.lean,Abs_spec_satisfied,propext,1,False,,clean,7.242
survivor,verina_basic_53__T1_let_intro__0|reference,artifacts/variants/verina_basic_53/verina_basic_53__T1_let_intro__0/reference.lean,CalSum_spec_satisfied,"propext, Quot.sound",2,False,,clean,0.95
survivor,verina_basic_55__T1_let_intro__0|reference,artifacts/variants/verina_basic_55/verina_basic_55__T1_let_intro__0/reference.lean,Compare_spec_satisfied,propext,1,False,,clean,0.797
survivor,verina_basic_55__T4_cond_invert__0|reference,artifacts/variants/verina_basic_55/verina_basic_55__T4_cond_invert__0/reference.lean,Compare_spec_satisfied,propext,1,False,,clean,0.781
survivor,verina_basic_6__T1_let_intro__0|reference,artifacts/variants/verina_basic_6/verina_basic_6__T1_let_intro__0/reference.lean,minOfThree_spec_satisfied,propext,1,False,,clean,7.831
survivor,verina_basic_66__T1_let_intro__0|reference,artifacts/variants/verina_basic_66/verina_basic_66__T1_let_intro__0/reference.lean,ComputeIsEven_spec_satisfied,"propext, Classical.choice, Quot.sound",3,False,,clean,6.832
survivor,verina_basic_66__T4_cond_invert__0|reference,artifacts/variants/verina_basic_66/verina_basic_66__T4_cond_invert__0/reference.lean,ComputeIsEven_spec_satisfied,"propext, Classical.choice, Quot.sound",3,False,,clean,6.791
survivor,verina_basic_68__T1_let_intro__0|reference,artifacts/variants/verina_basic_68/verina_basic_68__T1_let_intro__0/reference.lean,LinearSearch_spec_satisfied,"propext, Classical.choice, Quot.sound",3,False,,clean,9.113
survivor,verina_basic_76__T1_let_intro__0|reference,artifacts/variants/verina_basic_76/verina_basic_76__T1_let_intro__0/reference.lean,myMin_spec_satisfied,propext,1,False,,clean,0.941
survivor,verina_basic_76__T4_cond_invert__0|reference,artifacts/variants/verina_basic_76/verina_basic_76__T4_cond_invert__0/reference.lean,myMin_spec_satisfied,propext,1,False,,clean,0.994
survivor,verina_basic_78__T1_let_intro__0|reference,artifacts/variants/verina_basic_78/verina_basic_78__T1_let_intro__0/reference.lean,MultipleReturns_spec_satisfied,propext,1,False,,clean,0.958
survivor,verina_basic_8__T1_let_intro__0|reference,artifacts/variants/verina_basic_8/verina_basic_8__T1_let_intro__0/reference.lean,myMin_spec_satisfied,propext,1,False,,clean,1.056
survivor,verina_basic_81__T1_let_intro__0|reference,artifacts/variants/verina_basic_81/verina_basic_81__T1_let_intro__0/reference.lean,DivisionFunction_spec_satisfied,"propext, Classical.choice, Quot.sound",3,False,,clean,7.879
survivor,verina_basic_81__T4_cond_invert__0|reference,artifacts/variants/verina_basic_81/verina_basic_81__T4_cond_invert__0/reference.lean,DivisionFunction_spec_satisfied,"propext, Classical.choice, Quot.sound",3,False,,clean,7.85
survivor,verina_basic_9__T1_let_intro__0|reference,artifacts/variants/verina_basic_9/verina_basic_9__T1_let_intro__0/reference.lean,hasCommonElement_spec_satisfied,"propext, Quot.sound",2,False,,clean,1.342
survivor,verina_basic_91__T1_let_intro__0|reference,artifacts/variants/verina_basic_91/verina_basic_91__T1_let_intro__0/reference.lean,Swap_spec_satisfied,propext,1,False,,clean,0.913
survivor,verina_basic_92__T1_let_intro__0|reference,artifacts/variants/verina_basic_92/verina_basic_92__T1_let_intro__0/reference.lean,SwapArithmetic_spec_satisfied,propext,1,False,,clean,0.986
survivor,verina_basic_92__T3_comm_swap__0|reference,artifacts/variants/verina_basic_92/verina_basic_92__T3_comm_swap__0/reference.lean,SwapArithmetic_spec_satisfied,propext,1,False,,clean,0.901
survivor,verina_basic_95__T1_let_intro__0|reference,artifacts/variants/verina_basic_95/verina_basic_95__T1_let_intro__0/reference.lean,swap_spec_satisfied,"propext, Quot.sound",2,False,,clean,1.831
survivor,verina_basic_96__T1_let_intro__0|reference,artifacts/variants/verina_basic_96/verina_basic_96__T1_let_intro__0/reference.lean,SwapSimultaneous_spec_satisfied,propext,1,False,,clean,0.997
survivor,verina_basic_97__T1_let_intro__0|reference,artifacts/variants/verina_basic_97/verina_basic_97__T1_let_intro__0/reference.lean,TestArrayElements_spec_satisfied,"propext, Quot.sound",2,False,,clean,1.024
survivor,verina_basic_98__T1_let_intro__0|reference,artifacts/variants/verina_basic_98/verina_basic_98__T1_let_intro__0/reference.lean,Triple_spec_satisfied,"propext, Quot.sound",2,False,,clean,0.952
survivor,verina_basic_98__T3_comm_swap__0|reference,artifacts/variants/verina_basic_98/verina_basic_98__T3_comm_swap__0/reference.lean,Triple_spec_satisfied,"propext, Quot.sound",2,False,,clean,0.94
survivor,verina_basic_99__T1_let_intro__0|reference,artifacts/variants/verina_basic_99/verina_basic_99__T1_let_intro__0/reference.lean,Triple_spec_satisfied,"propext, Classical.choice, Quot.sound",3,False,,clean,7.735
survivor,verina_advanced_41__T1_let_intro__0|deepseek-prover-v2-7b,artifacts/variants/verina_advanced_41/verina_advanced_41__T1_let_intro__0/model_deepseek-prover-v2-7b.lean,maxOfThree_spec_satisfied,"propext, Classical.choice, Quot.sound",3,False,,clean,7.692
survivor,verina_advanced_41__T1_let_intro__0|deepseek-prover-v2-7b__hard_unfold,artifacts/variants/verina_advanced_41/verina_advanced_41__T1_let_intro__0/model_deepseek-prover-v2-7b__hard_unfold.lean,maxOfThree_spec_satisfied,"propext, Classical.choice, Quot.sound",3,False,,clean,8.121
survivor,verina_advanced_41__T1_let_intro__0|goedel-prover-v2-32b,artifacts/variants/verina_advanced_41/verina_advanced_41__T1_let_intro__0/model_goedel-prover-v2-32b.lean,maxOfThree_spec_satisfied,"propext, Classical.choice, Quot.sound",3,False,,clean,8.9
survivor,verina_advanced_41__T1_let_intro__0|goedel-prover-v2-8b,artifacts/variants/verina_advanced_41/verina_advanced_41__T1_let_intro__0/model_goedel-prover-v2-8b.lean,maxOfThree_spec_satisfied,"propext, Classical.choice, Quot.sound",3,False,,clean,8.52
survivor,verina_advanced_41__T1_let_intro__0|goedel-prover-v2-8b__avoid_unfold,artifacts/variants/verina_advanced_41/verina_advanced_41__T1_let_intro__0/model_goedel-prover-v2-8b__avoid_unfold.lean,maxOfThree_spec_satisfied,"propext, Classical.choice, Quot.sound",3,False,,clean,7.749
survivor,verina_advanced_41__T1_let_intro__0|goedel-prover-v2-8b__hard_unfold,artifacts/variants/verina_advanced_41/verina_advanced_41__T1_let_intro__0/model_goedel-prover-v2-8b__hard_unfold.lean,maxOfThree_spec_satisfied,"propext, Quot.sound",2,False,,clean,8.624
survivor,verina_advanced_41__T2_helper_extract__0|goedel-prover-v2-32b,artifacts/variants/verina_advanced_41/verina_advanced_41__T2_helper_extract__0/model_goedel-prover-v2-32b.lean,maxOfThree_spec_satisfied,"propext, Classical.choice, Quot.sound",3,False,,clean,8.346
survivor,verina_advanced_41__T2_helper_extract__0|goedel-prover-v2-8b,artifacts/variants/verina_advanced_41/verina_advanced_41__T2_helper_extract__0/model_goedel-prover-v2-8b.lean,maxOfThree_spec_satisfied,"propext, Classical.choice, Quot.sound",3,False,,clean,8.327
survivor,verina_advanced_41__T4_cond_invert__0|deepseek-prover-v2-7b,artifacts/variants/verina_advanced_41/verina_advanced_41__T4_cond_invert__0/model_deepseek-prover-v2-7b.lean,maxOfThree_spec_satisfied,"propext, Classical.choice, Quot.sound",3,False,,clean,7.673
survivor,verina_advanced_41__T4_cond_invert__0|deepseek-prover-v2-7b__hard_unfold,artifacts/variants/verina_advanced_41/verina_advanced_41__T4_cond_invert__0/model_deepseek-prover-v2-7b__hard_unfold.lean,maxOfThree_spec_satisfied,"propext, Classical.choice, Quot.sound",3,False,,clean,7.908
survivor,verina_advanced_41__T4_cond_invert__0|goedel-prover-v2-8b__avoid_unfold,artifacts/variants/verina_advanced_41/verina_advanced_41__T4_cond_invert__0/model_goedel-prover-v2-8b__avoid_unfold.lean,maxOfThree_spec_satisfied,"propext, Classical.choice, Quot.sound",3,False,,clean,7.794
survivor,verina_advanced_41__T4_cond_invert__0|goedel-prover-v2-8b__hard_unfold,artifacts/variants/verina_advanced_41/verina_advanced_41__T4_cond_invert__0/model_goedel-prover-v2-8b__hard_unfold.lean,maxOfThree_spec_satisfied,"propext, Quot.sound",2,False,,clean,8.338
survivor,verina_advanced_41__T5_branch_extract__0|goedel-prover-v2-32b,artifacts/variants/verina_advanced_41/verina_advanced_41__T5_branch_extract__0/model_goedel-prover-v2-32b.lean,maxOfThree_spec_satisfied,"propext, Classical.choice, Quot.sound",3,False,,clean,8.626
survivor,verina_advanced_41__T5_branch_extract__0|goedel-prover-v2-8b,artifacts/variants/verina_advanced_41/verina_advanced_41__T5_branch_extract__0/model_goedel-prover-v2-8b.lean,maxOfThree_spec_satisfied,"propext, Classical.choice, Quot.sound",3,False,,clean,8.433
survivor,verina_advanced_6__T1_let_intro__0|deepseek-prover-v2-7b,artifacts/variants/verina_advanced_6/verina_advanced_6__T1_let_intro__0/model_deepseek-prover-v2-7b.lean,allVowels_spec_satisfied,"propext, Quot.sound",2,False,,clean,7.178
survivor,verina_advanced_6__T1_let_intro__0|deepseek-prover-v2-7b__hard_unfold,artifacts/variants/verina_advanced_6/verina_advanced_6__T1_let_intro__0/model_deepseek-prover-v2-7b__hard_unfold.lean,allVowels_spec_satisfied,"propext, Quot.sound",2,False,,clean,7.072
survivor,verina_advanced_6__T1_let_intro__0|goedel-prover-v2-32b,artifacts/variants/verina_advanced_6/verina_advanced_6__T1_let_intro__0/model_goedel-prover-v2-32b.lean,allVowels_spec_satisfied,"propext, Quot.sound",2,False,,clean,7.087
survivor,verina_advanced_6__T1_let_intro__0|goedel-prover-v2-8b,artifacts/variants/verina_advanced_6/verina_advanced_6__T1_let_intro__0/model_goedel-prover-v2-8b.lean,allVowels_spec_satisfied,propext,1,False,,clean,7.119
survivor,verina_advanced_6__T1_let_intro__0|goedel-prover-v2-8b__avoid_unfold,artifacts/variants/verina_advanced_6/verina_advanced_6__T1_let_intro__0/model_goedel-prover-v2-8b__avoid_unfold.lean,allVowels_spec_satisfied,,0,False,,clean,6.918
survivor,verina_advanced_6__T1_let_intro__0|goedel-prover-v2-8b__hard_unfold,artifacts/variants/verina_advanced_6/verina_advanced_6__T1_let_intro__0/model_goedel-prover-v2-8b__hard_unfold.lean,allVowels_spec_satisfied,,0,False,,clean,6.626
survivor,verina_advanced_6__T1_let_intro__0|goedel-prover-v2-8b__unfold,artifacts/variants/verina_advanced_6/verina_advanced_6__T1_let_intro__0/model_goedel-prover-v2-8b__unfold.lean,allVowels_spec_satisfied,"propext, Quot.sound",2,False,,clean,7.234
survivor,verina_advanced_6__T1_let_intro__0|qwen3-14b__neutral,artifacts/variants/verina_advanced_6/verina_advanced_6__T1_let_intro__0/model_qwen3-14b__neutral.lean,allVowels_spec_satisfied,"propext, Quot.sound",2,False,,clean,0.92
survivor,verina_advanced_6__T1_let_intro__0|qwen3-32b,artifacts/variants/verina_advanced_6/verina_advanced_6__T1_let_intro__0/model_qwen3-32b.lean,allVowels_spec_satisfied,,0,False,,clean,7.353
survivor,verina_advanced_6__T2_helper_extract__0|goedel-prover-v2-8b__avoid_unfold,artifacts/variants/verina_advanced_6/verina_advanced_6__T2_helper_extract__0/model_goedel-prover-v2-8b__avoid_unfold.lean,allVowels_spec_satisfied,,0,False,,clean,7.222
survivor,verina_advanced_6__T2_helper_extract__0|goedel-prover-v2-8b__hard_unfold,artifacts/variants/verina_advanced_6/verina_advanced_6__T2_helper_extract__0/model_goedel-prover-v2-8b__hard_unfold.lean,allVowels_spec_satisfied,,0,False,,clean,7.388
survivor,verina_advanced_6__T2_helper_extract__0|qwen3-32b,artifacts/variants/verina_advanced_6/verina_advanced_6__T2_helper_extract__0/model_qwen3-32b.lean,allVowels_spec_satisfied,,0,False,,clean,7.136
survivor,verina_advanced_72__T1_let_intro__0|goedel-prover-v2-8b,artifacts/variants/verina_advanced_72/verina_advanced_72__T1_let_intro__0/model_goedel-prover-v2-8b.lean,singleDigitPrimeFactor_spec_satisfied,"propext, Quot.sound",2,False,,clean,11.045
survivor,verina_advanced_72__T4_cond_invert__0|goedel-prover-v2-8b,artifacts/variants/verina_advanced_72/verina_advanced_72__T4_cond_invert__0/model_goedel-prover-v2-8b.lean,singleDigitPrimeFactor_spec_satisfied,"propext, Quot.sound",2,False,,clean,11.001
survivor,verina_basic_1__T1_let_intro__0|deepseek-prover-v2-7b,artifacts/variants/verina_basic_1/verina_basic_1__T1_let_intro__0/model_deepseek-prover-v2-7b.lean,hasOppositeSign_spec_satisfied,"propext, Classical.choice, Quot.sound",3,False,,clean,11.263
survivor,verina_basic_1__T1_let_intro__0|deepseek-prover-v2-7b__hard_unfold,artifacts/variants/verina_basic_1/verina_basic_1__T1_let_intro__0/model_deepseek-prover-v2-7b__hard_unfold.lean,hasOppositeSign_spec_satisfied,"propext, Classical.choice, Quot.sound",3,False,,clean,8.754
survivor,verina_basic_1__T1_let_intro__0|goedel-prover-v2-32b,artifacts/variants/verina_basic_1/verina_basic_1__T1_let_intro__0/model_goedel-prover-v2-32b.lean,hasOppositeSign_spec_satisfied,"propext, Classical.choice, Quot.sound",3,False,,clean,8.718
survivor,verina_basic_1__T1_let_intro__0|goedel-prover-v2-8b,artifacts/variants/verina_basic_1/verina_basic_1__T1_let_intro__0/model_goedel-prover-v2-8b.lean,hasOppositeSign_spec_satisfied,"propext, Classical.choice, Quot.sound",3,False,,clean,8.993
survivor,verina_basic_1__T1_let_intro__0|goedel-prover-v2-8b__avoid_unfold,artifacts/variants/verina_basic_1/verina_basic_1__T1_let_intro__0/model_goedel-prover-v2-8b__avoid_unfold.lean,hasOppositeSign_spec_satisfied,"propext, Classical.choice, Quot.sound",3,False,,clean,10.501
survivor,verina_basic_1__T1_let_intro__0|goedel-prover-v2-8b__hard_unfold,artifacts/variants/verina_basic_1/verina_basic_1__T1_let_intro__0/model_goedel-prover-v2-8b__hard_unfold.lean,hasOppositeSign_spec_satisfied,"propext, Classical.choice, Quot.sound",3,False,,clean,13.029
survivor,verina_basic_1__T3_comm_swap__0|goedel-prover-v2-8b__hard_unfold,artifacts/variants/verina_basic_1/verina_basic_1__T3_comm_swap__0/model_goedel-prover-v2-8b__hard_unfold.lean,hasOppositeSign_spec_satisfied,"propext, Classical.choice, Quot.sound",3,False,,clean,12.986
survivor,verina_basic_10__T1_let_intro__0|goedel-prover-v2-8b__avoid_unfold,artifacts/variants/verina_basic_10/verina_basic_10__T1_let_intro__0/model_goedel-prover-v2-8b__avoid_unfold.lean,isGreater_spec_satisfied,"propext, Quot.sound",2,False,,clean,6.803
survivor,verina_basic_10__T1_let_intro__0|goedel-prover-v2-8b__hard_unfold,artifacts/variants/verina_basic_10/verina_basic_10__T1_let_intro__0/model_goedel-prover-v2-8b__hard_unfold.lean,isGreater_spec_satisfied,"propext, Classical.choice, Quot.sound",3,False,,clean,7.377
survivor,verina_basic_100__T1_let_intro__0|deepseek-prover-v2-7b,artifacts/variants/verina_basic_100/verina_basic_100__T1_let_intro__0/model_deepseek-prover-v2-7b.lean,Triple_spec_satisfied,"propext, Classical.choice, Quot.sound",3,False,,clean,7.802
survivor,verina_basic_100__T1_let_intro__0|deepseek-prover-v2-7b__hard_unfold,artifacts/variants/verina_basic_100/verina_basic_100__T1_let_intro__0/model_deepseek-prover-v2-7b__hard_unfold.lean,Triple_spec_satisfied,"propext, Classical.choice, Quot.sound",3,False,,clean,7.621
survivor,verina_basic_100__T1_let_intro__0|goedel-prover-v2-32b,artifacts/variants/verina_basic_100/verina_basic_100__T1_let_intro__0/model_goedel-prover-v2-32b.lean,Triple_spec_satisfied,"propext, Classical.choice, Quot.sound",3,False,,clean,7.749
survivor,verina_basic_100__T1_let_intro__0|goedel-prover-v2-8b,artifacts/variants/verina_basic_100/verina_basic_100__T1_let_intro__0/model_goedel-prover-v2-8b.lean,Triple_spec_satisfied,"propext, Classical.choice, Quot.sound",3,False,,clean,7.915
survivor,verina_basic_100__T1_let_intro__0|goedel-prover-v2-8b__avoid_unfold,artifacts/variants/verina_basic_100/verina_basic_100__T1_let_intro__0/model_goedel-prover-v2-8b__avoid_unfold.lean,Triple_spec_satisfied,"propext, Classical.choice, Quot.sound",3,False,,clean,7.983
survivor,verina_basic_100__T1_let_intro__0|goedel-prover-v2-8b__hard_unfold,artifacts/variants/verina_basic_100/verina_basic_100__T1_let_intro__0/model_goedel-prover-v2-8b__hard_unfold.lean,Triple_spec_satisfied,"propext, Classical.choice, Quot.sound",3,False,,clean,7.813
survivor,verina_basic_100__T3_comm_swap__0|deepseek-prover-v2-7b,artifacts/variants/verina_basic_100/verina_basic_100__T3_comm_swap__0/model_deepseek-prover-v2-7b.lean,Triple_spec_satisfied,"propext, Classical.choice, Quot.sound",3,False,,clean,7.402
survivor,verina_basic_100__T3_comm_swap__0|deepseek-prover-v2-7b__hard_unfold,artifacts/variants/verina_basic_100/verina_basic_100__T3_comm_swap__0/model_deepseek-prover-v2-7b__hard_unfold.lean,Triple_spec_satisfied,"propext, Classical.choice, Quot.sound",3,False,,clean,7.615
survivor,verina_basic_100__T3_comm_swap__0|goedel-prover-v2-32b,artifacts/variants/verina_basic_100/verina_basic_100__T3_comm_swap__0/model_goedel-prover-v2-32b.lean,Triple_spec_satisfied,"propext, Classical.choice, Quot.sound",3,False,,clean,7.531
survivor,verina_basic_100__T3_comm_swap__0|goedel-prover-v2-8b,artifacts/variants/verina_basic_100/verina_basic_100__T3_comm_swap__0/model_goedel-prover-v2-8b.lean,Triple_spec_satisfied,"propext, Classical.choice, Quot.sound",3,False,,clean,7.631
survivor,verina_basic_100__T3_comm_swap__0|goedel-prover-v2-8b__avoid_unfold,artifacts/variants/verina_basic_100/verina_basic_100__T3_comm_swap__0/model_goedel-prover-v2-8b__avoid_unfold.lean,Triple_spec_satisfied,"propext, Classical.choice, Quot.sound",3,False,,clean,7.561
survivor,verina_basic_100__T3_comm_swap__0|goedel-prover-v2-8b__hard_unfold,artifacts/variants/verina_basic_100/verina_basic_100__T3_comm_swap__0/model_goedel-prover-v2-8b__hard_unfold.lean,Triple_spec_satisfied,"propext, Classical.choice, Quot.sound",3,False,,clean,7.798
survivor,verina_basic_100__T3_comm_swap__1|deepseek-prover-v2-7b,artifacts/variants/verina_basic_100/verina_basic_100__T3_comm_swap__1/model_deepseek-prover-v2-7b.lean,Triple_spec_satisfied,"propext, Classical.choice, Quot.sound",3,False,,clean,7.606
survivor,verina_basic_100__T3_comm_swap__1|deepseek-prover-v2-7b__hard_unfold,artifacts/variants/verina_basic_100/verina_basic_100__T3_comm_swap__1/model_deepseek-prover-v2-7b__hard_unfold.lean,Triple_spec_satisfied,"propext, Classical.choice, Quot.sound",3,False,,clean,7.705
survivor,verina_basic_100__T3_comm_swap__1|goedel-prover-v2-32b,artifacts/variants/verina_basic_100/verina_basic_100__T3_comm_swap__1/model_goedel-prover-v2-32b.lean,Triple_spec_satisfied,"propext, Classical.choice, Quot.sound",3,False,,clean,7.763
survivor,verina_basic_100__T3_comm_swap__1|goedel-prover-v2-8b,artifacts/variants/verina_basic_100/verina_basic_100__T3_comm_swap__1/model_goedel-prover-v2-8b.lean,Triple_spec_satisfied,"propext, Classical.choice, Quot.sound",3,False,,clean,7.762
survivor,verina_basic_100__T3_comm_swap__1|goedel-prover-v2-8b__avoid_unfold,artifacts/variants/verina_basic_100/verina_basic_100__T3_comm_swap__1/model_goedel-prover-v2-8b__avoid_unfold.lean,Triple_spec_satisfied,"propext, Classical.choice, Quot.sound",3,False,,clean,8.059
survivor,verina_basic_100__T3_comm_swap__1|goedel-prover-v2-8b__hard_unfold,artifacts/variants/verina_basic_100/verina_basic_100__T3_comm_swap__1/model_goedel-prover-v2-8b__hard_unfold.lean,Triple_spec_satisfied,"propext, Classical.choice, Quot.sound",3,False,,clean,7.916
survivor,verina_basic_100__T4_cond_invert__0|deepseek-prover-v2-7b,artifacts/variants/verina_basic_100/verina_basic_100__T4_cond_invert__0/model_deepseek-prover-v2-7b.lean,Triple_spec_satisfied,"propext, Classical.choice, Quot.sound",3,False,,clean,7.442
survivor,verina_basic_100__T4_cond_invert__0|deepseek-prover-v2-7b__hard_unfold,artifacts/variants/verina_basic_100/verina_basic_100__T4_cond_invert__0/model_deepseek-prover-v2-7b__hard_unfold.lean,Triple_spec_satisfied,"propext, Classical.choice, Quot.sound",3,False,,clean,7.671
survivor,verina_basic_100__T4_cond_invert__0|goedel-prover-v2-32b,artifacts/variants/verina_basic_100/verina_basic_100__T4_cond_invert__0/model_goedel-prover-v2-32b.lean,Triple_spec_satisfied,"propext, Classical.choice, Quot.sound",3,False,,clean,7.811
survivor,verina_basic_100__T4_cond_invert__0|goedel-prover-v2-8b,artifacts/variants/verina_basic_100/verina_basic_100__T4_cond_invert__0/model_goedel-prover-v2-8b.lean,Triple_spec_satisfied,"propext, Classical.choice, Quot.sound",3,False,,clean,7.197
survivor,verina_basic_100__T4_cond_invert__0|goedel-prover-v2-8b__avoid_unfold,artifacts/variants/verina_basic_100/verina_basic_100__T4_cond_invert__0/model_goedel-prover-v2-8b__avoid_unfold.lean,Triple_spec_satisfied,"propext, Classical.choice, Quot.sound",3,False,,clean,7.611
survivor,verina_basic_100__T4_cond_invert__0|goedel-prover-v2-8b__hard_unfold,artifacts/variants/verina_basic_100/verina_basic_100__T4_cond_invert__0/model_goedel-prover-v2-8b__hard_unfold.lean,Triple_spec_satisfied,"propext, Classical.choice, Quot.sound",3,False,,clean,7.642
survivor,verina_basic_101__T1_let_intro__0|deepseek-prover-v2-7b,artifacts/variants/verina_basic_101/verina_basic_101__T1_let_intro__0/model_deepseek-prover-v2-7b.lean,Triple_spec_satisfied,"propext, Quot.sound",2,False,,clean,7.437
survivor,verina_basic_101__T1_let_intro__0|deepseek-prover-v2-7b__hard_unfold,artifacts/variants/verina_basic_101/verina_basic_101__T1_let_intro__0/model_deepseek-prover-v2-7b__hard_unfold.lean,Triple_spec_satisfied,"propext, Classical.choice, Quot.sound",3,False,,clean,7.692
survivor,verina_basic_101__T1_let_intro__0|goedel-prover-v2-32b,artifacts/variants/verina_basic_101/verina_basic_101__T1_let_intro__0/model_goedel-prover-v2-32b.lean,Triple_spec_satisfied,"propext, Classical.choice, Quot.sound",3,False,,clean,7.76
survivor,verina_basic_101__T1_let_intro__0|goedel-prover-v2-8b,artifacts/variants/verina_basic_101/verina_basic_101__T1_let_intro__0/model_goedel-prover-v2-8b.lean,Triple_spec_satisfied,propext,1,False,,clean,7.265
survivor,verina_basic_101__T1_let_intro__0|goedel-prover-v2-8b__avoid_unfold,artifacts/variants/verina_basic_101/verina_basic_101__T1_let_intro__0/model_goedel-prover-v2-8b__avoid_unfold.lean,Triple_spec_satisfied,"propext, Quot.sound",2,False,,clean,7.364
survivor,verina_basic_101__T1_let_intro__0|goedel-prover-v2-8b__hard_unfold,artifacts/variants/verina_basic_101/verina_basic_101__T1_let_intro__0/model_goedel-prover-v2-8b__hard_unfold.lean,Triple_spec_satisfied,"propext, Classical.choice, Quot.sound",3,False,,clean,7.854
survivor,verina_basic_101__T3_comm_swap__0|deepseek-prover-v2-7b,artifacts/variants/verina_basic_101/verina_basic_101__T3_comm_swap__0/model_deepseek-prover-v2-7b.lean,Triple_spec_satisfied,"propext, Quot.sound",2,False,,clean,7.584
survivor,verina_basic_101__T3_comm_swap__0|deepseek-prover-v2-7b__hard_unfold,artifacts/variants/verina_basic_101/verina_basic_101__T3_comm_swap__0/model_deepseek-prover-v2-7b__hard_unfold.lean,Triple_spec_satisfied,"propext, Classical.choice, Quot.sound",3,False,,clean,7.704
survivor,verina_basic_101__T3_comm_swap__0|goedel-prover-v2-32b,artifacts/variants/verina_basic_101/verina_basic_101__T3_comm_swap__0/model_goedel-prover-v2-32b.lean,Triple_spec_satisfied,"propext, Classical.choice, Quot.sound",3,False,,clean,7.893
survivor,verina_basic_101__T3_comm_swap__0|goedel-prover-v2-8b,artifacts/variants/verina_basic_101/verina_basic_101__T3_comm_swap__0/model_goedel-prover-v2-8b.lean,Triple_spec_satisfied,"propext, Classical.choice, Quot.sound",3,False,,clean,7.772
survivor,verina_basic_101__T3_comm_swap__0|goedel-prover-v2-8b__avoid_unfold,artifacts/variants/verina_basic_101/verina_basic_101__T3_comm_swap__0/model_goedel-prover-v2-8b__avoid_unfold.lean,Triple_spec_satisfied,"propext, Quot.sound",2,False,,clean,7.085
survivor,verina_basic_101__T3_comm_swap__0|goedel-prover-v2-8b__hard_unfold,artifacts/variants/verina_basic_101/verina_basic_101__T3_comm_swap__0/model_goedel-prover-v2-8b__hard_unfold.lean,Triple_spec_satisfied,"propext, Classical.choice, Quot.sound",3,False,,clean,8.274
survivor,verina_basic_101__T3_comm_swap__1|deepseek-prover-v2-7b,artifacts/variants/verina_basic_101/verina_basic_101__T3_comm_swap__1/model_deepseek-prover-v2-7b.lean,Triple_spec_satisfied,"propext, Quot.sound",2,False,,clean,7.477
survivor,verina_basic_101__T3_comm_swap__1|deepseek-prover-v2-7b__hard_unfold,artifacts/variants/verina_basic_101/verina_basic_101__T3_comm_swap__1/model_deepseek-prover-v2-7b__hard_unfold.lean,Triple_spec_satisfied,"propext, Classical.choice, Quot.sound",3,False,,clean,7.922
survivor,verina_basic_101__T3_comm_swap__1|goedel-prover-v2-32b,artifacts/variants/verina_basic_101/verina_basic_101__T3_comm_swap__1/model_goedel-prover-v2-32b.lean,Triple_spec_satisfied,"propext, Classical.choice, Quot.sound",3,False,,clean,7.871
survivor,verina_basic_101__T3_comm_swap__1|goedel-prover-v2-8b,artifacts/variants/verina_basic_101/verina_basic_101__T3_comm_swap__1/model_goedel-prover-v2-8b.lean,Triple_spec_satisfied,"propext, Classical.choice, Quot.sound",3,False,,clean,7.636
survivor,verina_basic_101__T3_comm_swap__1|goedel-prover-v2-8b__avoid_unfold,artifacts/variants/verina_basic_101/verina_basic_101__T3_comm_swap__1/model_goedel-prover-v2-8b__avoid_unfold.lean,Triple_spec_satisfied,"propext, Quot.sound",2,False,,clean,7.176
survivor,verina_basic_101__T3_comm_swap__1|goedel-prover-v2-8b__hard_unfold,artifacts/variants/verina_basic_101/verina_basic_101__T3_comm_swap__1/model_goedel-prover-v2-8b__hard_unfold.lean,Triple_spec_satisfied,"propext, Classical.choice, Quot.sound",3,False,,clean,8.168
survivor,verina_basic_107__T1_let_intro__0|deepseek-prover-v2-7b,artifacts/variants/verina_basic_107/verina_basic_107__T1_let_intro__0/model_deepseek-prover-v2-7b.lean,ComputeAvg_spec_satisfied,"propext, Quot.sound",2,False,,clean,7.25
survivor,verina_basic_107__T1_let_intro__0|deepseek-prover-v2-7b__hard_unfold,artifacts/variants/verina_basic_107/verina_basic_107__T1_let_intro__0/model_deepseek-prover-v2-7b__hard_unfold.lean,ComputeAvg_spec_satisfied,"propext, Quot.sound",2,False,,clean,7.635
survivor,verina_basic_107__T1_let_intro__0|goedel-prover-v2-32b,artifacts/variants/verina_basic_107/verina_basic_107__T1_let_intro__0/model_goedel-prover-v2-32b.lean,ComputeAvg_spec_satisfied,"propext, Classical.choice, Quot.sound",3,False,,clean,8.151
survivor,verina_basic_107__T1_let_intro__0|goedel-prover-v2-8b,artifacts/variants/verina_basic_107/verina_basic_107__T1_let_intro__0/model_goedel-prover-v2-8b.lean,ComputeAvg_spec_satisfied,"propext, Quot.sound",2,False,,clean,7.44
survivor,verina_basic_107__T1_let_intro__0|goedel-prover-v2-8b__avoid_unfold,artifacts/variants/verina_basic_107/verina_basic_107__T1_let_intro__0/model_goedel-prover-v2-8b__avoid_unfold.lean,ComputeAvg_spec_satisfied,"propext, Quot.sound",2,False,,clean,7.379
survivor,verina_basic_107__T1_let_intro__0|goedel-prover-v2-8b__hard_unfold,artifacts/variants/verina_basic_107/verina_basic_107__T1_let_intro__0/model_goedel-prover-v2-8b__hard_unfold.lean,ComputeAvg_spec_satisfied,"propext, Classical.choice, Quot.sound",3,False,,clean,7.675
survivor,verina_basic_107__T2_helper_extract__0|deepseek-prover-v2-7b__hard_unfold,artifacts/variants/verina_basic_107/verina_basic_107__T2_helper_extract__0/model_deepseek-prover-v2-7b__hard_unfold.lean,ComputeAvg_spec_satisfied,"propext, Quot.sound",2,False,,clean,7.339
survivor,verina_basic_107__T2_helper_extract__0|goedel-prover-v2-8b,artifacts/variants/verina_basic_107/verina_basic_107__T2_helper_extract__0/model_goedel-prover-v2-8b.lean,ComputeAvg_spec_satisfied,"propext, Quot.sound",2,False,,clean,7.741
survivor,verina_basic_107__T2_helper_extract__0|goedel-prover-v2-8b__avoid_unfold,artifacts/variants/verina_basic_107/verina_basic_107__T2_helper_extract__0/model_goedel-prover-v2-8b__avoid_unfold.lean,ComputeAvg_spec_satisfied,"propext, Quot.sound",2,False,,clean,7.528
survivor,verina_basic_107__T3_comm_swap__0|goedel-prover-v2-32b,artifacts/variants/verina_basic_107/verina_basic_107__T3_comm_swap__0/model_goedel-prover-v2-32b.lean,ComputeAvg_spec_satisfied,"propext, Classical.choice, Quot.sound",3,False,,clean,8.493
survivor,verina_basic_107__T3_comm_swap__0|goedel-prover-v2-8b__hard_unfold,artifacts/variants/verina_basic_107/verina_basic_107__T3_comm_swap__0/model_goedel-prover-v2-8b__hard_unfold.lean,ComputeAvg_spec_satisfied,"propext, Classical.choice, Quot.sound",3,False,,clean,8.189
survivor,verina_basic_11__T1_let_intro__0|deepseek-prover-v2-7b,artifacts/variants/verina_basic_11/verina_basic_11__T1_let_intro__0/model_deepseek-prover-v2-7b.lean,lastDigit_spec_satisfied,"propext, Quot.sound",2,False,,clean,7.105
survivor,verina_basic_11__T1_let_intro__0|deepseek-prover-v2-7b__hard_unfold,artifacts/variants/verina_basic_11/verina_basic_11__T1_let_intro__0/model_deepseek-prover-v2-7b__hard_unfold.lean,lastDigit_spec_satisfied,"propext, Quot.sound",2,False,,clean,7.392
survivor,verina_basic_11__T1_let_intro__0|goedel-prover-v2-32b,artifacts/variants/verina_basic_11/verina_basic_11__T1_let_intro__0/model_goedel-prover-v2-32b.lean,lastDigit_spec_satisfied,propext,1,False,,clean,7.342
survivor,verina_basic_11__T1_let_intro__0|goedel-prover-v2-8b,artifacts/variants/verina_basic_11/verina_basic_11__T1_let_intro__0/model_goedel-prover-v2-8b.lean,lastDigit_spec_satisfied,"propext, Quot.sound",2,False,,clean,7.251
survivor,verina_basic_11__T1_let_intro__0|goedel-prover-v2-8b__avoid_unfold,artifacts/variants/verina_basic_11/verina_basic_11__T1_let_intro__0/model_goedel-prover-v2-8b__avoid_unfold.lean,lastDigit_spec_satisfied,"propext, Quot.sound",2,False,,clean,7.065
survivor,verina_basic_11__T1_let_intro__0|goedel-prover-v2-8b__hard_unfold,artifacts/variants/verina_basic_11/verina_basic_11__T1_let_intro__0/model_goedel-prover-v2-8b__hard_unfold.lean,lastDigit_spec_satisfied,"propext, Quot.sound",2,False,,clean,6.924
survivor,verina_basic_11__T2_helper_extract__0|deepseek-prover-v2-7b,artifacts/variants/verina_basic_11/verina_basic_11__T2_helper_extract__0/model_deepseek-prover-v2-7b.lean,lastDigit_spec_satisfied,"propext, Quot.sound",2,False,,clean,7.302
survivor,verina_basic_11__T2_helper_extract__0|deepseek-prover-v2-7b__hard_unfold,artifacts/variants/verina_basic_11/verina_basic_11__T2_helper_extract__0/model_deepseek-prover-v2-7b__hard_unfold.lean,lastDigit_spec_satisfied,"propext, Quot.sound",2,False,,clean,7.366
survivor,verina_basic_11__T2_helper_extract__0|goedel-prover-v2-32b,artifacts/variants/verina_basic_11/verina_basic_11__T2_helper_extract__0/model_goedel-prover-v2-32b.lean,lastDigit_spec_satisfied,propext,1,False,,clean,7.57
survivor,verina_basic_11__T2_helper_extract__0|goedel-prover-v2-8b,artifacts/variants/verina_basic_11/verina_basic_11__T2_helper_extract__0/model_goedel-prover-v2-8b.lean,lastDigit_spec_satisfied,"propext, Quot.sound",2,False,,clean,7.313
survivor,verina_basic_12__T1_let_intro__0|deepseek-prover-v2-7b,artifacts/variants/verina_basic_12/verina_basic_12__T1_let_intro__0/model_deepseek-prover-v2-7b.lean,cubeSurfaceArea_spec_satisfied,propext,1,False,,clean,7.462
survivor,verina_basic_12__T1_let_intro__0|deepseek-prover-v2-7b__hard_unfold,artifacts/variants/verina_basic_12/verina_basic_12__T1_let_intro__0/model_deepseek-prover-v2-7b__hard_unfold.lean,cubeSurfaceArea_spec_satisfied,propext,1,False,,clean,7.246
survivor,verina_basic_12__T1_let_intro__0|goedel-prover-v2-32b,artifacts/variants/verina_basic_12/verina_basic_12__T1_let_intro__0/model_goedel-prover-v2-32b.lean,cubeSurfaceArea_spec_satisfied,propext,1,False,,clean,7.282
survivor,verina_basic_12__T1_let_intro__0|goedel-prover-v2-8b,artifacts/variants/verina_basic_12/verina_basic_12__T1_let_intro__0/model_goedel-prover-v2-8b.lean,cubeSurfaceArea_spec_satisfied,propext,1,False,,clean,7.282
survivor,verina_basic_12__T1_let_intro__0|goedel-prover-v2-8b__avoid_unfold,artifacts/variants/verina_basic_12/verina_basic_12__T1_let_intro__0/model_goedel-prover-v2-8b__avoid_unfold.lean,cubeSurfaceArea_spec_satisfied,propext,1,False,,clean,7.306
survivor,verina_basic_12__T1_let_intro__0|goedel-prover-v2-8b__hard_unfold,artifacts/variants/verina_basic_12/verina_basic_12__T1_let_intro__0/model_goedel-prover-v2-8b__hard_unfold.lean,cubeSurfaceArea_spec_satisfied,"propext, Classical.choice, Quot.sound",3,False,,clean,7.097
survivor,verina_basic_12__T1_let_intro__0|qwen3-14b__neutral,artifacts/variants/verina_basic_12/verina_basic_12__T1_let_intro__0/model_qwen3-14b__neutral.lean,cubeSurfaceArea_spec_satisfied,,0,False,,clean,1.006
survivor,verina_basic_12__T1_let_intro__0|qwen3-32b,artifacts/variants/verina_basic_12/verina_basic_12__T1_let_intro__0/model_qwen3-32b.lean,cubeSurfaceArea_spec_satisfied,propext,1,False,,clean,1.646
survivor,verina_basic_12__T2_helper_extract__0|goedel-prover-v2-8b__avoid_unfold,artifacts/variants/verina_basic_12/verina_basic_12__T2_helper_extract__0/model_goedel-prover-v2-8b__avoid_unfold.lean,cubeSurfaceArea_spec_satisfied,propext,1,False,,clean,6.997
survivor,verina_basic_12__T2_helper_extract__0|qwen3-14b__neutral,artifacts/variants/verina_basic_12/verina_basic_12__T2_helper_extract__0/model_qwen3-14b__neutral.lean,cubeSurfaceArea_spec_satisfied,,0,False,,clean,0.975
survivor,verina_basic_14__T1_let_intro__0|deepseek-prover-v2-7b,artifacts/variants/verina_basic_14/verina_basic_14__T1_let_intro__0/model_deepseek-prover-v2-7b.lean,containsZ_spec_satisfied,"propext, Quot.sound",2,False,,clean,7.355
survivor,verina_basic_14__T1_let_intro__0|deepseek-prover-v2-7b__hard_unfold,artifacts/variants/verina_basic_14/verina_basic_14__T1_let_intro__0/model_deepseek-prover-v2-7b__hard_unfold.lean,containsZ_spec_satisfied,"propext, Quot.sound",2,False,,clean,7.334
survivor,verina_basic_14__T1_let_intro__0|goedel-prover-v2-32b,artifacts/variants/verina_basic_14/verina_basic_14__T1_let_intro__0/model_goedel-prover-v2-32b.lean,containsZ_spec_satisfied,"propext, Quot.sound",2,False,,clean,7.634
survivor,verina_basic_14__T1_let_intro__0|goedel-prover-v2-8b,artifacts/variants/verina_basic_14/verina_basic_14__T1_let_intro__0/model_goedel-prover-v2-8b.lean,containsZ_spec_satisfied,"propext, Quot.sound",2,False,,clean,7.529
survivor,verina_basic_14__T1_let_intro__0|goedel-prover-v2-8b__avoid_unfold,artifacts/variants/verina_basic_14/verina_basic_14__T1_let_intro__0/model_goedel-prover-v2-8b__avoid_unfold.lean,containsZ_spec_satisfied,"propext, Quot.sound",2,False,,clean,7.479
survivor,verina_basic_14__T1_let_intro__0|goedel-prover-v2-8b__hard_unfold,artifacts/variants/verina_basic_14/verina_basic_14__T1_let_intro__0/model_goedel-prover-v2-8b__hard_unfold.lean,containsZ_spec_satisfied,"propext, Quot.sound",2,False,,clean,7.715
survivor,verina_basic_14__T2_helper_extract__0|goedel-prover-v2-32b,artifacts/variants/verina_basic_14/verina_basic_14__T2_helper_extract__0/model_goedel-prover-v2-32b.lean,containsZ_spec_satisfied,"propext, Quot.sound",2,False,,clean,7.204
survivor,verina_basic_15__T1_let_intro__0|qwen3-32b,artifacts/variants/verina_basic_15/verina_basic_15__T1_let_intro__0/model_qwen3-32b.lean,containsConsecutiveNumbers_spec_satisfied,"propext, Classical.choice, Quot.sound",3,False,,clean,8.936
survivor,verina_basic_15__T4_cond_invert__0|qwen3-32b,artifacts/variants/verina_basic_15/verina_basic_15__T4_cond_invert__0/model_qwen3-32b.lean,containsConsecutiveNumbers_spec_satisfied,"propext, Classical.choice, Quot.sound",3,False,,clean,8.865
survivor,verina_basic_15__T5_branch_extract__0|qwen3-32b,artifacts/variants/verina_basic_15/verina_basic_15__T5_branch_extract__0/model_qwen3-32b.lean,containsConsecutiveNumbers_spec_satisfied,"propext, Classical.choice, Quot.sound",3,False,,clean,8.282
survivor,verina_basic_16__T1_let_intro__0|deepseek-prover-v2-7b,artifacts/variants/verina_basic_16/verina_basic_16__T1_let_intro__0/model_deepseek-prover-v2-7b.lean,replaceChars_spec_satisfied,"propext, Quot.sound",2,False,,clean,6.718
survivor,verina_basic_16__T1_let_intro__0|deepseek-prover-v2-7b__hard_unfold,artifacts/variants/verina_basic_16/verina_basic_16__T1_let_intro__0/model_deepseek-prover-v2-7b__hard_unfold.lean,replaceChars_spec_satisfied,propext,1,False,,clean,7.01
survivor,verina_basic_16__T1_let_intro__0|goedel-prover-v2-8b__avoid_unfold,artifacts/variants/verina_basic_16/verina_basic_16__T1_let_intro__0/model_goedel-prover-v2-8b__avoid_unfold.lean,replaceChars_spec_satisfied,"propext, Quot.sound",2,False,,clean,6.874
survivor,verina_basic_17__T1_let_intro__0|deepseek-prover-v2-7b,artifacts/variants/verina_basic_17/verina_basic_17__T1_let_intro__0/model_deepseek-prover-v2-7b.lean,toLowercase_spec_satisfied,"propext, Quot.sound",2,False,,clean,7.087
survivor,verina_basic_17__T1_let_intro__0|deepseek-prover-v2-7b__hard_unfold,artifacts/variants/verina_basic_17/verina_basic_17__T1_let_intro__0/model_deepseek-prover-v2-7b__hard_unfold.lean,toLowercase_spec_satisfied,propext,1,False,,clean,7.633
survivor,verina_basic_17__T1_let_intro__0|goedel-prover-v2-8b__avoid_unfold,artifacts/variants/verina_basic_17/verina_basic_17__T1_let_intro__0/model_goedel-prover-v2-8b__avoid_unfold.lean,toLowercase_spec_satisfied,propext,1,False,,clean,7.533
survivor,verina_basic_26__T1_let_intro__0|deepseek-prover-v2-7b,artifacts/variants/verina_basic_26/verina_basic_26__T1_let_intro__0/model_deepseek-prover-v2-7b.lean,isEven_spec_satisfied,"propext, Classical.choice, Quot.sound",3,False,,clean,7.729
survivor,verina_basic_26__T1_let_intro__0|deepseek-prover-v2-7b__hard_unfold,artifacts/variants/verina_basic_26/verina_basic_26__T1_let_intro__0/model_deepseek-prover-v2-7b__hard_unfold.lean,isEven_spec_satisfied,"propext, Classical.choice, Quot.sound",3,False,,clean,7.576
survivor,verina_basic_26__T1_let_intro__0|goedel-prover-v2-32b,artifacts/variants/verina_basic_26/verina_basic_26__T1_let_intro__0/model_goedel-prover-v2-32b.lean,isEven_spec_satisfied,"propext, Classical.choice, Quot.sound",3,False,,clean,8.06
survivor,verina_basic_26__T1_let_intro__0|goedel-prover-v2-8b,artifacts/variants/verina_basic_26/verina_basic_26__T1_let_intro__0/model_goedel-prover-v2-8b.lean,isEven_spec_satisfied,"propext, Classical.choice, Quot.sound",3,False,,clean,7.382
survivor,verina_basic_26__T1_let_intro__0|goedel-prover-v2-8b__avoid_unfold,artifacts/variants/verina_basic_26/verina_basic_26__T1_let_intro__0/model_goedel-prover-v2-8b__avoid_unfold.lean,isEven_spec_satisfied,"propext, Classical.choice, Quot.sound",3,False,,clean,7.706
survivor,verina_basic_26__T1_let_intro__0|goedel-prover-v2-8b__hard_unfold,artifacts/variants/verina_basic_26/verina_basic_26__T1_let_intro__0/model_goedel-prover-v2-8b__hard_unfold.lean,isEven_spec_satisfied,"propext, Classical.choice, Quot.sound",3,False,,clean,7.993
survivor,verina_basic_26__T1_let_intro__0|qwen3-14b,artifacts/variants/verina_basic_26/verina_basic_26__T1_let_intro__0/model_qwen3-14b.lean,isEven_spec_satisfied,"propext, Classical.choice, Quot.sound",3,False,,clean,7.327
survivor,verina_basic_26__T1_let_intro__0|qwen3-14b__neutral,artifacts/variants/verina_basic_26/verina_basic_26__T1_let_intro__0/model_qwen3-14b__neutral.lean,isEven_spec_satisfied,"propext, Quot.sound",2,False,,clean,0.986
survivor,verina_basic_26__T2_helper_extract__0|goedel-prover-v2-8b__avoid_unfold,artifacts/variants/verina_basic_26/verina_basic_26__T2_helper_extract__0/model_goedel-prover-v2-8b__avoid_unfold.lean,isEven_spec_satisfied,"propext, Classical.choice, Quot.sound",3,False,,clean,7.632
survivor,verina_basic_3__T1_let_intro__0|deepseek-prover-v2-7b,artifacts/variants/verina_basic_3/verina_basic_3__T1_let_intro__0/model_deepseek-prover-v2-7b.lean,isDivisibleBy11_spec_satisfied,"propext, Classical.choice, Quot.sound",3,False,,clean,7.757
survivor,verina_basic_3__T1_let_intro__0|deepseek-prover-v2-7b__hard_unfold,artifacts/variants/verina_basic_3/verina_basic_3__T1_let_intro__0/model_deepseek-prover-v2-7b__hard_unfold.lean,isDivisibleBy11_spec_satisfied,"propext, Classical.choice, Quot.sound",3,False,,clean,7.476
survivor,verina_basic_3__T1_let_intro__0|goedel-prover-v2-32b,artifacts/variants/verina_basic_3/verina_basic_3__T1_let_intro__0/model_goedel-prover-v2-32b.lean,isDivisibleBy11_spec_satisfied,"propext, Classical.choice, Quot.sound",3,False,,clean,7.686
survivor,verina_basic_3__T1_let_intro__0|goedel-prover-v2-8b,artifacts/variants/verina_basic_3/verina_basic_3__T1_let_intro__0/model_goedel-prover-v2-8b.lean,isDivisibleBy11_spec_satisfied,"propext, Classical.choice, Quot.sound",3,False,,clean,7.472
survivor,verina_basic_3__T1_let_intro__0|goedel-prover-v2-8b__avoid_unfold,artifacts/variants/verina_basic_3/verina_basic_3__T1_let_intro__0/model_goedel-prover-v2-8b__avoid_unfold.lean,isDivisibleBy11_spec_satisfied,"propext, Classical.choice, Quot.sound",3,False,,clean,7.501
survivor,verina_basic_3__T1_let_intro__0|goedel-prover-v2-8b__hard_unfold,artifacts/variants/verina_basic_3/verina_basic_3__T1_let_intro__0/model_goedel-prover-v2-8b__hard_unfold.lean,isDivisibleBy11_spec_satisfied,"propext, Classical.choice, Quot.sound",3,False,,clean,7.509
survivor,verina_basic_31__T1_let_intro__0|deepseek-prover-v2-7b,artifacts/variants/verina_basic_31/verina_basic_31__T1_let_intro__0/model_deepseek-prover-v2-7b.lean,toUppercase_spec_satisfied,"propext, Quot.sound",2,False,,clean,7.664
survivor,verina_basic_31__T1_let_intro__0|goedel-prover-v2-8b__avoid_unfold,artifacts/variants/verina_basic_31/verina_basic_31__T1_let_intro__0/model_goedel-prover-v2-8b__avoid_unfold.lean,toUppercase_spec_satisfied,propext,1,False,,clean,7.167
survivor,verina_basic_31__T1_let_intro__0|goedel-prover-v2-8b__hard_unfold,artifacts/variants/verina_basic_31/verina_basic_31__T1_let_intro__0/model_goedel-prover-v2-8b__hard_unfold.lean,toUppercase_spec_satisfied,"propext, Quot.sound",2,False,,clean,7.208
survivor,verina_basic_36__T1_let_intro__0|goedel-prover-v2-8b,artifacts/variants/verina_basic_36/verina_basic_36__T1_let_intro__0/model_goedel-prover-v2-8b.lean,replaceWithColon_spec_satisfied,propext,1,False,,clean,7.426
survivor,verina_basic_42__T1_let_intro__0|deepseek-prover-v2-7b,artifacts/variants/verina_basic_42/verina_basic_42__T1_let_intro__0/model_deepseek-prover-v2-7b.lean,countDigits_spec_satisfied,"propext, Quot.sound",2,False,,clean,7.13
survivor,verina_basic_42__T1_let_intro__0|deepseek-prover-v2-7b__hard_unfold,artifacts/variants/verina_basic_42/verina_basic_42__T1_let_intro__0/model_deepseek-prover-v2-7b__hard_unfold.lean,countDigits_spec_satisfied,propext,1,False,,clean,7.208
survivor,verina_basic_42__T1_let_intro__0|goedel-prover-v2-32b,artifacts/variants/verina_basic_42/verina_basic_42__T1_let_intro__0/model_goedel-prover-v2-32b.lean,countDigits_spec_satisfied,propext,1,False,,clean,7.562
survivor,verina_basic_42__T1_let_intro__0|goedel-prover-v2-8b,artifacts/variants/verina_basic_42/verina_basic_42__T1_let_intro__0/model_goedel-prover-v2-8b.lean,countDigits_spec_satisfied,propext,1,False,,clean,6.914
survivor,verina_basic_42__T1_let_intro__0|goedel-prover-v2-8b__avoid_unfold,artifacts/variants/verina_basic_42/verina_basic_42__T1_let_intro__0/model_goedel-prover-v2-8b__avoid_unfold.lean,countDigits_spec_satisfied,propext,1,False,,clean,7.301
survivor,verina_basic_42__T1_let_intro__0|goedel-prover-v2-8b__hard_unfold,artifacts/variants/verina_basic_42/verina_basic_42__T1_let_intro__0/model_goedel-prover-v2-8b__hard_unfold.lean,countDigits_spec_satisfied,propext,1,False,,clean,7.005
survivor,verina_basic_42__T1_let_intro__0|qwen3-14b__neutral,artifacts/variants/verina_basic_42/verina_basic_42__T1_let_intro__0/model_qwen3-14b__neutral.lean,countDigits_spec_satisfied,propext,1,False,,clean,0.929
survivor,verina_basic_42__T1_let_intro__0|qwen3-32b,artifacts/variants/verina_basic_42/verina_basic_42__T1_let_intro__0/model_qwen3-32b.lean,countDigits_spec_satisfied,propext,1,False,,clean,2.018
survivor,verina_basic_42__T2_helper_extract__0|deepseek-prover-v2-7b,artifacts/variants/verina_basic_42/verina_basic_42__T2_helper_extract__0/model_deepseek-prover-v2-7b.lean,countDigits_spec_satisfied,"propext, Quot.sound",2,False,,clean,7.358
survivor,verina_basic_42__T2_helper_extract__0|goedel-prover-v2-32b,artifacts/variants/verina_basic_42/verina_basic_42__T2_helper_extract__0/model_goedel-prover-v2-32b.lean,countDigits_spec_satisfied,propext,1,False,,clean,7.597
survivor,verina_basic_42__T2_helper_extract__0|goedel-prover-v2-8b,artifacts/variants/verina_basic_42/verina_basic_42__T2_helper_extract__0/model_goedel-prover-v2-8b.lean,countDigits_spec_satisfied,propext,1,False,,clean,7.442
survivor,verina_basic_42__T2_helper_extract__0|goedel-prover-v2-8b__hard_unfold,artifacts/variants/verina_basic_42/verina_basic_42__T2_helper_extract__0/model_goedel-prover-v2-8b__hard_unfold.lean,countDigits_spec_satisfied,propext,1,False,,clean,7.347
survivor,verina_basic_43__T1_let_intro__0|deepseek-prover-v2-7b,artifacts/variants/verina_basic_43/verina_basic_43__T1_let_intro__0/model_deepseek-prover-v2-7b.lean,sumOfFourthPowerOfOddNumbers_spec_satisfied,"propext, Quot.sound",2,False,,clean,16.91
survivor,verina_basic_43__T1_let_intro__0|deepseek-prover-v2-7b__hard_unfold,artifacts/variants/verina_basic_43/verina_basic_43__T1_let_intro__0/model_deepseek-prover-v2-7b__hard_unfold.lean,sumOfFourthPowerOfOddNumbers_spec_satisfied,"propext, Quot.sound",2,False,,clean,18.097
survivor,verina_basic_43__T1_let_intro__0|goedel-prover-v2-32b,artifacts/variants/verina_basic_43/verina_basic_43__T1_let_intro__0/model_goedel-prover-v2-32b.lean,sumOfFourthPowerOfOddNumbers_spec_satisfied,"propext, Quot.sound",2,False,,clean,15.863
survivor,verina_basic_43__T1_let_intro__0|goedel-prover-v2-8b,artifacts/variants/verina_basic_43/verina_basic_43__T1_let_intro__0/model_goedel-prover-v2-8b.lean,sumOfFourthPowerOfOddNumbers_spec_satisfied,"propext, Quot.sound",2,False,,clean,14.037
survivor,verina_basic_43__T1_let_intro__0|goedel-prover-v2-8b__avoid_unfold,artifacts/variants/verina_basic_43/verina_basic_43__T1_let_intro__0/model_goedel-prover-v2-8b__avoid_unfold.lean,sumOfFourthPowerOfOddNumbers_spec_satisfied,"propext, Quot.sound",2,False,,clean,12.731
survivor,verina_basic_44__T1_let_intro__0|qwen3-14b__neutral,artifacts/variants/verina_basic_44/verina_basic_44__T1_let_intro__0/model_qwen3-14b__neutral.lean,isOddAtIndexOdd_spec_satisfied,"propext, Quot.sound",2,False,,clean,1.118
survivor,verina_basic_45__T1_let_intro__0|goedel-prover-v2-8b__hard_unfold,artifacts/variants/verina_basic_45/verina_basic_45__T1_let_intro__0/model_goedel-prover-v2-8b__hard_unfold.lean,findProduct_spec_satisfied,"propext, Quot.sound",2,False,,clean,7.34
survivor,verina_basic_5__T1_let_intro__0|deepseek-prover-v2-7b,artifacts/variants/verina_basic_5/verina_basic_5__T1_let_intro__0/model_deepseek-prover-v2-7b.lean,multiply_spec_satisfied,propext,1,False,,clean,6.901
survivor,verina_basic_5__T1_let_intro__0|deepseek-prover-v2-7b__hard_unfold,artifacts/variants/verina_basic_5/verina_basic_5__T1_let_intro__0/model_deepseek-prover-v2-7b__hard_unfold.lean,multiply_spec_satisfied,propext,1,False,,clean,7.029
survivor,verina_basic_5__T1_let_intro__0|goedel-prover-v2-32b,artifacts/variants/verina_basic_5/verina_basic_5__T1_let_intro__0/model_goedel-prover-v2-32b.lean,multiply_spec_satisfied,propext,1,False,,clean,7.09
survivor,verina_basic_5__T1_let_intro__0|goedel-prover-v2-8b,artifacts/variants/verina_basic_5/verina_basic_5__T1_let_intro__0/model_goedel-prover-v2-8b.lean,multiply_spec_satisfied,propext,1,False,,clean,7.373
survivor,verina_basic_5__T1_let_intro__0|goedel-prover-v2-8b__avoid_unfold,artifacts/variants/verina_basic_5/verina_basic_5__T1_let_intro__0/model_goedel-prover-v2-8b__avoid_unfold.lean,multiply_spec_satisfied,propext,1,False,,clean,7.051
survivor,verina_basic_5__T1_let_intro__0|goedel-prover-v2-8b__hard_unfold,artifacts/variants/verina_basic_5/verina_basic_5__T1_let_intro__0/model_goedel-prover-v2-8b__hard_unfold.lean,multiply_spec_satisfied,propext,1,False,,clean,7.224
survivor,verina_basic_5__T1_let_intro__0|qwen3-14b,artifacts/variants/verina_basic_5/verina_basic_5__T1_let_intro__0/model_qwen3-14b.lean,multiply_spec_satisfied,propext,1,False,,clean,0.961
survivor,verina_basic_5__T1_let_intro__0|qwen3-14b__neutral,artifacts/variants/verina_basic_5/verina_basic_5__T1_let_intro__0/model_qwen3-14b__neutral.lean,multiply_spec_satisfied,propext,1,False,,clean,0.832
survivor,verina_basic_5__T3_comm_swap__0|deepseek-prover-v2-7b__hard_unfold,artifacts/variants/verina_basic_5/verina_basic_5__T3_comm_swap__0/model_deepseek-prover-v2-7b__hard_unfold.lean,multiply_spec_satisfied,"propext, Quot.sound",2,False,,clean,7.592
survivor,verina_basic_5__T3_comm_swap__0|goedel-prover-v2-32b,artifacts/variants/verina_basic_5/verina_basic_5__T3_comm_swap__0/model_goedel-prover-v2-32b.lean,multiply_spec_satisfied,"propext, Quot.sound",2,False,,clean,7.821
survivor,verina_basic_5__T3_comm_swap__0|goedel-prover-v2-8b,artifacts/variants/verina_basic_5/verina_basic_5__T3_comm_swap__0/model_goedel-prover-v2-8b.lean,multiply_spec_satisfied,"propext, Quot.sound",2,False,,clean,7.686
survivor,verina_basic_5__T3_comm_swap__0|goedel-prover-v2-8b__avoid_unfold,artifacts/variants/verina_basic_5/verina_basic_5__T3_comm_swap__0/model_goedel-prover-v2-8b__avoid_unfold.lean,multiply_spec_satisfied,"propext, Quot.sound",2,False,,clean,7.822
survivor,verina_basic_5__T3_comm_swap__0|goedel-prover-v2-8b__hard_unfold,artifacts/variants/verina_basic_5/verina_basic_5__T3_comm_swap__0/model_goedel-prover-v2-8b__hard_unfold.lean,multiply_spec_satisfied,"propext, Quot.sound",2,False,,clean,7.967
survivor,verina_basic_50__T1_let_intro__0|deepseek-prover-v2-7b,artifacts/variants/verina_basic_50/verina_basic_50__T1_let_intro__0/model_deepseek-prover-v2-7b.lean,Abs_spec_satisfied,"propext, Classical.choice, Quot.sound",3,False,,clean,8.424
survivor,verina_basic_50__T1_let_intro__0|deepseek-prover-v2-7b__hard_unfold,artifacts/variants/verina_basic_50/verina_basic_50__T1_let_intro__0/model_deepseek-prover-v2-7b__hard_unfold.lean,Abs_spec_satisfied,"propext, Classical.choice, Quot.sound",3,False,,clean,8.308
survivor,verina_basic_50__T1_let_intro__0|goedel-prover-v2-32b,artifacts/variants/verina_basic_50/verina_basic_50__T1_let_intro__0/model_goedel-prover-v2-32b.lean,Abs_spec_satisfied,"propext, Classical.choice, Quot.sound",3,False,,clean,8.685
survivor,verina_basic_50__T1_let_intro__0|goedel-prover-v2-8b,artifacts/variants/verina_basic_50/verina_basic_50__T1_let_intro__0/model_goedel-prover-v2-8b.lean,Abs_spec_satisfied,"propext, Classical.choice, Quot.sound",3,False,,clean,8.525
survivor,verina_basic_50__T1_let_intro__0|goedel-prover-v2-8b__avoid_unfold,artifacts/variants/verina_basic_50/verina_basic_50__T1_let_intro__0/model_goedel-prover-v2-8b__avoid_unfold.lean,Abs_spec_satisfied,"propext, Classical.choice, Quot.sound",3,False,,clean,8.284
survivor,verina_basic_50__T1_let_intro__0|goedel-prover-v2-8b__hard_unfold,artifacts/variants/verina_basic_50/verina_basic_50__T1_let_intro__0/model_goedel-prover-v2-8b__hard_unfold.lean,Abs_spec_satisfied,"propext, Classical.choice, Quot.sound",3,False,,clean,8.235
survivor,verina_basic_50__T4_cond_invert__0|deepseek-prover-v2-7b,artifacts/variants/verina_basic_50/verina_basic_50__T4_cond_invert__0/model_deepseek-prover-v2-7b.lean,Abs_spec_satisfied,"propext, Classical.choice, Quot.sound",3,False,,clean,7.198
survivor,verina_basic_50__T4_cond_invert__0|deepseek-prover-v2-7b__hard_unfold,artifacts/variants/verina_basic_50/verina_basic_50__T4_cond_invert__0/model_deepseek-prover-v2-7b__hard_unfold.lean,Abs_spec_satisfied,"propext, Classical.choice, Quot.sound",3,False,,clean,7.471
survivor,verina_basic_50__T4_cond_invert__0|goedel-prover-v2-32b,artifacts/variants/verina_basic_50/verina_basic_50__T4_cond_invert__0/model_goedel-prover-v2-32b.lean,Abs_spec_satisfied,"propext, Classical.choice, Quot.sound",3,False,,clean,7.815
survivor,verina_basic_50__T4_cond_invert__0|goedel-prover-v2-8b,artifacts/variants/verina_basic_50/verina_basic_50__T4_cond_invert__0/model_goedel-prover-v2-8b.lean,Abs_spec_satisfied,"propext, Classical.choice, Quot.sound",3,False,,clean,7.65
survivor,verina_basic_50__T4_cond_invert__0|goedel-prover-v2-8b__avoid_unfold,artifacts/variants/verina_basic_50/verina_basic_50__T4_cond_invert__0/model_goedel-prover-v2-8b__avoid_unfold.lean,Abs_spec_satisfied,"propext, Classical.choice, Quot.sound",3,False,,clean,7.569
survivor,verina_basic_50__T4_cond_invert__0|goedel-prover-v2-8b__hard_unfold,artifacts/variants/verina_basic_50/verina_basic_50__T4_cond_invert__0/model_goedel-prover-v2-8b__hard_unfold.lean,Abs_spec_satisfied,"propext, Classical.choice, Quot.sound",3,False,,clean,7.918
survivor,verina_basic_55__T1_let_intro__0|deepseek-prover-v2-7b,artifacts/variants/verina_basic_55/verina_basic_55__T1_let_intro__0/model_deepseek-prover-v2-7b.lean,Compare_spec_satisfied,propext,1,False,,clean,7.41
survivor,verina_basic_55__T1_let_intro__0|deepseek-prover-v2-7b__hard_unfold,artifacts/variants/verina_basic_55/verina_basic_55__T1_let_intro__0/model_deepseek-prover-v2-7b__hard_unfold.lean,Compare_spec_satisfied,propext,1,False,,clean,7.58
survivor,verina_basic_55__T1_let_intro__0|goedel-prover-v2-32b,artifacts/variants/verina_basic_55/verina_basic_55__T1_let_intro__0/model_goedel-prover-v2-32b.lean,Compare_spec_satisfied,propext,1,False,,clean,7.303
survivor,verina_basic_55__T1_let_intro__0|goedel-prover-v2-8b,artifacts/variants/verina_basic_55/verina_basic_55__T1_let_intro__0/model_goedel-prover-v2-8b.lean,Compare_spec_satisfied,propext,1,False,,clean,7.652
survivor,verina_basic_55__T1_let_intro__0|goedel-prover-v2-8b__avoid_unfold,artifacts/variants/verina_basic_55/verina_basic_55__T1_let_intro__0/model_goedel-prover-v2-8b__avoid_unfold.lean,Compare_spec_satisfied,propext,1,False,,clean,7.134
survivor,verina_basic_55__T1_let_intro__0|goedel-prover-v2-8b__hard_unfold,artifacts/variants/verina_basic_55/verina_basic_55__T1_let_intro__0/model_goedel-prover-v2-8b__hard_unfold.lean,Compare_spec_satisfied,propext,1,False,,clean,7.253
survivor,verina_basic_55__T1_let_intro__0|qwen3-14b,artifacts/variants/verina_basic_55/verina_basic_55__T1_let_intro__0/model_qwen3-14b.lean,Compare_spec_satisfied,propext,1,False,,clean,0.97
survivor,verina_basic_55__T1_let_intro__0|qwen3-14b__neutral,artifacts/variants/verina_basic_55/verina_basic_55__T1_let_intro__0/model_qwen3-14b__neutral.lean,Compare_spec_satisfied,propext,1,False,,clean,0.897
survivor,verina_basic_55__T4_cond_invert__0|deepseek-prover-v2-7b,artifacts/variants/verina_basic_55/verina_basic_55__T4_cond_invert__0/model_deepseek-prover-v2-7b.lean,Compare_spec_satisfied,propext,1,False,,clean,7.139
survivor,verina_basic_55__T4_cond_invert__0|deepseek-prover-v2-7b__hard_unfold,artifacts/variants/verina_basic_55/verina_basic_55__T4_cond_invert__0/model_deepseek-prover-v2-7b__hard_unfold.lean,Compare_spec_satisfied,propext,1,False,,clean,7.127
survivor,verina_basic_55__T4_cond_invert__0|goedel-prover-v2-32b,artifacts/variants/verina_basic_55/verina_basic_55__T4_cond_invert__0/model_goedel-prover-v2-32b.lean,Compare_spec_satisfied,propext,1,False,,clean,7.464
survivor,verina_basic_55__T4_cond_invert__0|goedel-prover-v2-8b,artifacts/variants/verina_basic_55/verina_basic_55__T4_cond_invert__0/model_goedel-prover-v2-8b.lean,Compare_spec_satisfied,propext,1,False,,clean,7.36
survivor,verina_basic_55__T4_cond_invert__0|goedel-prover-v2-8b__avoid_unfold,artifacts/variants/verina_basic_55/verina_basic_55__T4_cond_invert__0/model_goedel-prover-v2-8b__avoid_unfold.lean,Compare_spec_satisfied,propext,1,False,,clean,7.131
survivor,verina_basic_55__T4_cond_invert__0|goedel-prover-v2-8b__hard_unfold,artifacts/variants/verina_basic_55/verina_basic_55__T4_cond_invert__0/model_goedel-prover-v2-8b__hard_unfold.lean,Compare_spec_satisfied,propext,1,False,,clean,7.411
survivor,verina_basic_55__T4_cond_invert__0|qwen3-14b,artifacts/variants/verina_basic_55/verina_basic_55__T4_cond_invert__0/model_qwen3-14b.lean,Compare_spec_satisfied,propext,1,False,,clean,0.967
survivor,verina_basic_55__T4_cond_invert__0|qwen3-14b__neutral,artifacts/variants/verina_basic_55/verina_basic_55__T4_cond_invert__0/model_qwen3-14b__neutral.lean,Compare_spec_satisfied,propext,1,False,,clean,0.966
survivor,verina_basic_55__T5_branch_extract__0|deepseek-prover-v2-7b,artifacts/variants/verina_basic_55/verina_basic_55__T5_branch_extract__0/model_deepseek-prover-v2-7b.lean,Compare_spec_satisfied,propext,1,False,,clean,7.722
survivor,verina_basic_55__T5_branch_extract__0|deepseek-prover-v2-7b__hard_unfold,artifacts/variants/verina_basic_55/verina_basic_55__T5_branch_extract__0/model_deepseek-prover-v2-7b__hard_unfold.lean,Compare_spec_satisfied,propext,1,False,,clean,7.675
survivor,verina_basic_55__T5_branch_extract__0|goedel-prover-v2-32b,artifacts/variants/verina_basic_55/verina_basic_55__T5_branch_extract__0/model_goedel-prover-v2-32b.lean,Compare_spec_satisfied,propext,1,False,,clean,7.862
survivor,verina_basic_55__T5_branch_extract__0|goedel-prover-v2-8b,artifacts/variants/verina_basic_55/verina_basic_55__T5_branch_extract__0/model_goedel-prover-v2-8b.lean,Compare_spec_satisfied,propext,1,False,,clean,7.623
survivor,verina_basic_55__T5_branch_extract__0|goedel-prover-v2-8b__hard_unfold,artifacts/variants/verina_basic_55/verina_basic_55__T5_branch_extract__0/model_goedel-prover-v2-8b__hard_unfold.lean,Compare_spec_satisfied,propext,1,False,,clean,7.499
survivor,verina_basic_59__T1_let_intro__0|deepseek-prover-v2-7b,artifacts/variants/verina_basic_59/verina_basic_59__T1_let_intro__0/model_deepseek-prover-v2-7b.lean,DoubleQuadruple_spec_satisfied,propext,1,False,,clean,7.426
survivor,verina_basic_59__T1_let_intro__0|deepseek-prover-v2-7b__hard_unfold,artifacts/variants/verina_basic_59/verina_basic_59__T1_let_intro__0/model_deepseek-prover-v2-7b__hard_unfold.lean,DoubleQuadruple_spec_satisfied,propext,1,False,,clean,7.029
survivor,verina_basic_59__T1_let_intro__0|goedel-prover-v2-32b,artifacts/variants/verina_basic_59/verina_basic_59__T1_let_intro__0/model_goedel-prover-v2-32b.lean,DoubleQuadruple_spec_satisfied,propext,1,False,,clean,6.605
survivor,verina_basic_59__T1_let_intro__0|goedel-prover-v2-8b,artifacts/variants/verina_basic_59/verina_basic_59__T1_let_intro__0/model_goedel-prover-v2-8b.lean,DoubleQuadruple_spec_satisfied,propext,1,False,,clean,6.779
survivor,verina_basic_59__T1_let_intro__0|goedel-prover-v2-8b__avoid_unfold,artifacts/variants/verina_basic_59/verina_basic_59__T1_let_intro__0/model_goedel-prover-v2-8b__avoid_unfold.lean,DoubleQuadruple_spec_satisfied,propext,1,False,,clean,6.659
survivor,verina_basic_59__T1_let_intro__0|goedel-prover-v2-8b__hard_unfold,artifacts/variants/verina_basic_59/verina_basic_59__T1_let_intro__0/model_goedel-prover-v2-8b__hard_unfold.lean,DoubleQuadruple_spec_satisfied,propext,1,False,,clean,6.72
survivor,verina_basic_59__T1_let_intro__0|qwen3-14b,artifacts/variants/verina_basic_59/verina_basic_59__T1_let_intro__0/model_qwen3-14b.lean,DoubleQuadruple_spec_satisfied,propext,1,False,,clean,0.984
survivor,verina_basic_59__T1_let_intro__0|qwen3-14b__neutral,artifacts/variants/verina_basic_59/verina_basic_59__T1_let_intro__0/model_qwen3-14b__neutral.lean,DoubleQuadruple_spec_satisfied,propext,1,False,,clean,0.939
survivor,verina_basic_59__T3_comm_swap__0|deepseek-prover-v2-7b,artifacts/variants/verina_basic_59/verina_basic_59__T3_comm_swap__0/model_deepseek-prover-v2-7b.lean,DoubleQuadruple_spec_satisfied,propext,1,False,,clean,7.877
survivor,verina_basic_59__T3_comm_swap__0|goedel-prover-v2-32b,artifacts/variants/verina_basic_59/verina_basic_59__T3_comm_swap__0/model_goedel-prover-v2-32b.lean,DoubleQuadruple_spec_satisfied,propext,1,False,,clean,7.552
survivor,verina_basic_59__T3_comm_swap__0|goedel-prover-v2-8b,artifacts/variants/verina_basic_59/verina_basic_59__T3_comm_swap__0/model_goedel-prover-v2-8b.lean,DoubleQuadruple_spec_satisfied,propext,1,False,,clean,7.896
survivor,verina_basic_59__T3_comm_swap__0|goedel-prover-v2-8b__avoid_unfold,artifacts/variants/verina_basic_59/verina_basic_59__T3_comm_swap__0/model_goedel-prover-v2-8b__avoid_unfold.lean,DoubleQuadruple_spec_satisfied,propext,1,False,,clean,7.943
survivor,verina_basic_59__T3_comm_swap__0|goedel-prover-v2-8b__hard_unfold,artifacts/variants/verina_basic_59/verina_basic_59__T3_comm_swap__0/model_goedel-prover-v2-8b__hard_unfold.lean,DoubleQuadruple_spec_satisfied,propext,1,False,,clean,7.998
survivor,verina_basic_59__T3_comm_swap__1|deepseek-prover-v2-7b,artifacts/variants/verina_basic_59/verina_basic_59__T3_comm_swap__1/model_deepseek-prover-v2-7b.lean,DoubleQuadruple_spec_satisfied,propext,1,False,,clean,7.839
survivor,verina_basic_59__T3_comm_swap__1|deepseek-prover-v2-7b__hard_unfold,artifacts/variants/verina_basic_59/verina_basic_59__T3_comm_swap__1/model_deepseek-prover-v2-7b__hard_unfold.lean,DoubleQuadruple_spec_satisfied,propext,1,False,,clean,7.883
survivor,verina_basic_59__T3_comm_swap__1|goedel-prover-v2-32b,artifacts/variants/verina_basic_59/verina_basic_59__T3_comm_swap__1/model_goedel-prover-v2-32b.lean,DoubleQuadruple_spec_satisfied,propext,1,False,,clean,7.573
survivor,verina_basic_59__T3_comm_swap__1|goedel-prover-v2-8b,artifacts/variants/verina_basic_59/verina_basic_59__T3_comm_swap__1/model_goedel-prover-v2-8b.lean,DoubleQuadruple_spec_satisfied,propext,1,False,,clean,7.302
survivor,verina_basic_59__T3_comm_swap__1|goedel-prover-v2-8b__avoid_unfold,artifacts/variants/verina_basic_59/verina_basic_59__T3_comm_swap__1/model_goedel-prover-v2-8b__avoid_unfold.lean,DoubleQuadruple_spec_satisfied,propext,1,False,,clean,7.055
survivor,verina_basic_59__T3_comm_swap__1|goedel-prover-v2-8b__hard_unfold,artifacts/variants/verina_basic_59/verina_basic_59__T3_comm_swap__1/model_goedel-prover-v2-8b__hard_unfold.lean,DoubleQuadruple_spec_satisfied,"propext, Classical.choice, Quot.sound",3,False,,clean,7.712
survivor,verina_basic_6__T1_let_intro__0|deepseek-prover-v2-7b,artifacts/variants/verina_basic_6/verina_basic_6__T1_let_intro__0/model_deepseek-prover-v2-7b.lean,minOfThree_spec_satisfied,"propext, Classical.choice, Quot.sound",3,False,,clean,7.355
survivor,verina_basic_6__T1_let_intro__0|deepseek-prover-v2-7b__hard_unfold,artifacts/variants/verina_basic_6/verina_basic_6__T1_let_intro__0/model_deepseek-prover-v2-7b__hard_unfold.lean,minOfThree_spec_satisfied,"propext, Classical.choice, Quot.sound",3,False,,clean,10.778
survivor,verina_basic_6__T1_let_intro__0|goedel-prover-v2-8b,artifacts/variants/verina_basic_6/verina_basic_6__T1_let_intro__0/model_goedel-prover-v2-8b.lean,minOfThree_spec_satisfied,"propext, Classical.choice, Quot.sound",3,False,,clean,7.987
survivor,verina_basic_6__T1_let_intro__0|goedel-prover-v2-8b__avoid_unfold,artifacts/variants/verina_basic_6/verina_basic_6__T1_let_intro__0/model_goedel-prover-v2-8b__avoid_unfold.lean,minOfThree_spec_satisfied,"propext, Classical.choice, Quot.sound",3,False,,clean,9.67
survivor,verina_basic_6__T1_let_intro__0|goedel-prover-v2-8b__hard_unfold,artifacts/variants/verina_basic_6/verina_basic_6__T1_let_intro__0/model_goedel-prover-v2-8b__hard_unfold.lean,minOfThree_spec_satisfied,"propext, Classical.choice, Quot.sound",3,False,,clean,8.796
survivor,verina_basic_6__T4_cond_invert__0|deepseek-prover-v2-7b,artifacts/variants/verina_basic_6/verina_basic_6__T4_cond_invert__0/model_deepseek-prover-v2-7b.lean,minOfThree_spec_satisfied,"propext, Classical.choice, Quot.sound",3,False,,clean,8.128
survivor,verina_basic_6__T4_cond_invert__0|goedel-prover-v2-8b,artifacts/variants/verina_basic_6/verina_basic_6__T4_cond_invert__0/model_goedel-prover-v2-8b.lean,minOfThree_spec_satisfied,"propext, Classical.choice, Quot.sound",3,False,,clean,8.102
survivor,verina_basic_6__T4_cond_invert__0|goedel-prover-v2-8b__avoid_unfold,artifacts/variants/verina_basic_6/verina_basic_6__T4_cond_invert__0/model_goedel-prover-v2-8b__avoid_unfold.lean,minOfThree_spec_satisfied,"propext, Classical.choice, Quot.sound",3,False,,clean,9.08
survivor,verina_basic_6__T4_cond_invert__0|goedel-prover-v2-8b__hard_unfold,artifacts/variants/verina_basic_6/verina_basic_6__T4_cond_invert__0/model_goedel-prover-v2-8b__hard_unfold.lean,minOfThree_spec_satisfied,"propext, Classical.choice, Quot.sound",3,False,,clean,8.492
survivor,verina_basic_66__T1_let_intro__0|deepseek-prover-v2-7b,artifacts/variants/verina_basic_66/verina_basic_66__T1_let_intro__0/model_deepseek-prover-v2-7b.lean,ComputeIsEven_spec_satisfied,"propext, Classical.choice, Quot.sound",3,False,,clean,7.687
survivor,verina_basic_66__T1_let_intro__0|deepseek-prover-v2-7b__hard_unfold,artifacts/variants/verina_basic_66/verina_basic_66__T1_let_intro__0/model_deepseek-prover-v2-7b__hard_unfold.lean,ComputeIsEven_spec_satisfied,"propext, Classical.choice, Quot.sound",3,False,,clean,7.894
survivor,verina_basic_66__T1_let_intro__0|goedel-prover-v2-32b,artifacts/variants/verina_basic_66/verina_basic_66__T1_let_intro__0/model_goedel-prover-v2-32b.lean,ComputeIsEven_spec_satisfied,"propext, Classical.choice, Quot.sound",3,False,,clean,7.459
survivor,verina_basic_66__T1_let_intro__0|goedel-prover-v2-8b,artifacts/variants/verina_basic_66/verina_basic_66__T1_let_intro__0/model_goedel-prover-v2-8b.lean,ComputeIsEven_spec_satisfied,"propext, Classical.choice, Quot.sound",3,False,,clean,7.779
survivor,verina_basic_66__T1_let_intro__0|goedel-prover-v2-8b__avoid_unfold,artifacts/variants/verina_basic_66/verina_basic_66__T1_let_intro__0/model_goedel-prover-v2-8b__avoid_unfold.lean,ComputeIsEven_spec_satisfied,"propext, Classical.choice, Quot.sound",3,False,,clean,7.545
survivor,verina_basic_66__T1_let_intro__0|goedel-prover-v2-8b__hard_unfold,artifacts/variants/verina_basic_66/verina_basic_66__T1_let_intro__0/model_goedel-prover-v2-8b__hard_unfold.lean,ComputeIsEven_spec_satisfied,"propext, Classical.choice, Quot.sound",3,False,,clean,8.352
survivor,verina_basic_66__T2_helper_extract__0|goedel-prover-v2-8b__avoid_unfold,artifacts/variants/verina_basic_66/verina_basic_66__T2_helper_extract__0/model_goedel-prover-v2-8b__avoid_unfold.lean,ComputeIsEven_spec_satisfied,"propext, Classical.choice, Quot.sound",3,False,,clean,8.502
survivor,verina_basic_66__T4_cond_invert__0|deepseek-prover-v2-7b,artifacts/variants/verina_basic_66/verina_basic_66__T4_cond_invert__0/model_deepseek-prover-v2-7b.lean,ComputeIsEven_spec_satisfied,"propext, Classical.choice, Quot.sound",3,False,,clean,8.281
survivor,verina_basic_66__T4_cond_invert__0|deepseek-prover-v2-7b__hard_unfold,artifacts/variants/verina_basic_66/verina_basic_66__T4_cond_invert__0/model_deepseek-prover-v2-7b__hard_unfold.lean,ComputeIsEven_spec_satisfied,"propext, Classical.choice, Quot.sound",3,False,,clean,8.723
survivor,verina_basic_66__T4_cond_invert__0|goedel-prover-v2-32b,artifacts/variants/verina_basic_66/verina_basic_66__T4_cond_invert__0/model_goedel-prover-v2-32b.lean,ComputeIsEven_spec_satisfied,"propext, Classical.choice, Quot.sound",3,False,,clean,8.426
survivor,verina_basic_66__T4_cond_invert__0|goedel-prover-v2-8b,artifacts/variants/verina_basic_66/verina_basic_66__T4_cond_invert__0/model_goedel-prover-v2-8b.lean,ComputeIsEven_spec_satisfied,"propext, Classical.choice, Quot.sound",3,False,,clean,8.503
survivor,verina_basic_66__T4_cond_invert__0|goedel-prover-v2-8b__hard_unfold,artifacts/variants/verina_basic_66/verina_basic_66__T4_cond_invert__0/model_goedel-prover-v2-8b__hard_unfold.lean,ComputeIsEven_spec_satisfied,"propext, Classical.choice, Quot.sound",3,False,,clean,8.078
survivor,verina_basic_66__T5_branch_extract__0|goedel-prover-v2-8b__avoid_unfold,artifacts/variants/verina_basic_66/verina_basic_66__T5_branch_extract__0/model_goedel-prover-v2-8b__avoid_unfold.lean,ComputeIsEven_spec_satisfied,"propext, Classical.choice, Quot.sound",3,False,,clean,8.217
survivor,verina_basic_76__T1_let_intro__0|deepseek-prover-v2-7b,artifacts/variants/verina_basic_76/verina_basic_76__T1_let_intro__0/model_deepseek-prover-v2-7b.lean,myMin_spec_satisfied,"propext, Quot.sound",2,False,,clean,6.962
survivor,verina_basic_76__T1_let_intro__0|deepseek-prover-v2-7b__hard_unfold,artifacts/variants/verina_basic_76/verina_basic_76__T1_let_intro__0/model_deepseek-prover-v2-7b__hard_unfold.lean,myMin_spec_satisfied,"propext, Classical.choice, Quot.sound",3,False,,clean,7.123
survivor,verina_basic_76__T1_let_intro__0|goedel-prover-v2-32b,artifacts/variants/verina_basic_76/verina_basic_76__T1_let_intro__0/model_goedel-prover-v2-32b.lean,myMin_spec_satisfied,"propext, Quot.sound",2,False,,clean,7.325
survivor,verina_basic_76__T1_let_intro__0|goedel-prover-v2-8b,artifacts/variants/verina_basic_76/verina_basic_76__T1_let_intro__0/model_goedel-prover-v2-8b.lean,myMin_spec_satisfied,propext,1,False,,clean,7.162
survivor,verina_basic_76__T1_let_intro__0|goedel-prover-v2-8b__avoid_unfold,artifacts/variants/verina_basic_76/verina_basic_76__T1_let_intro__0/model_goedel-prover-v2-8b__avoid_unfold.lean,myMin_spec_satisfied,"propext, Classical.choice, Quot.sound",3,False,,clean,7.811
survivor,verina_basic_76__T1_let_intro__0|goedel-prover-v2-8b__hard_unfold,artifacts/variants/verina_basic_76/verina_basic_76__T1_let_intro__0/model_goedel-prover-v2-8b__hard_unfold.lean,myMin_spec_satisfied,"propext, Quot.sound",2,False,,clean,7.676
survivor,verina_basic_76__T2_helper_extract__0|deepseek-prover-v2-7b__hard_unfold,artifacts/variants/verina_basic_76/verina_basic_76__T2_helper_extract__0/model_deepseek-prover-v2-7b__hard_unfold.lean,myMin_spec_satisfied,"propext, Classical.choice, Quot.sound",3,False,,clean,8.222
survivor,verina_basic_76__T4_cond_invert__0|deepseek-prover-v2-7b,artifacts/variants/verina_basic_76/verina_basic_76__T4_cond_invert__0/model_deepseek-prover-v2-7b.lean,myMin_spec_satisfied,"propext, Quot.sound",2,False,,clean,7.915
survivor,verina_basic_76__T4_cond_invert__0|goedel-prover-v2-32b,artifacts/variants/verina_basic_76/verina_basic_76__T4_cond_invert__0/model_goedel-prover-v2-32b.lean,myMin_spec_satisfied,"propext, Quot.sound",2,False,,clean,8.22
survivor,verina_basic_76__T4_cond_invert__0|goedel-prover-v2-8b,artifacts/variants/verina_basic_76/verina_basic_76__T4_cond_invert__0/model_goedel-prover-v2-8b.lean,myMin_spec_satisfied,propext,1,False,,clean,8.162
survivor,verina_basic_76__T4_cond_invert__0|goedel-prover-v2-8b__avoid_unfold,artifacts/variants/verina_basic_76/verina_basic_76__T4_cond_invert__0/model_goedel-prover-v2-8b__avoid_unfold.lean,myMin_spec_satisfied,"propext, Classical.choice, Quot.sound",3,False,,clean,8.065
survivor,verina_basic_76__T4_cond_invert__0|goedel-prover-v2-8b__hard_unfold,artifacts/variants/verina_basic_76/verina_basic_76__T4_cond_invert__0/model_goedel-prover-v2-8b__hard_unfold.lean,myMin_spec_satisfied,"propext, Quot.sound",2,False,,clean,7.588
survivor,verina_basic_76__T5_branch_extract__0|deepseek-prover-v2-7b,artifacts/variants/verina_basic_76/verina_basic_76__T5_branch_extract__0/model_deepseek-prover-v2-7b.lean,myMin_spec_satisfied,"propext, Quot.sound",2,False,,clean,7.465
survivor,verina_basic_76__T5_branch_extract__0|deepseek-prover-v2-7b__hard_unfold,artifacts/variants/verina_basic_76/verina_basic_76__T5_branch_extract__0/model_deepseek-prover-v2-7b__hard_unfold.lean,myMin_spec_satisfied,"propext, Classical.choice, Quot.sound",3,False,,clean,7.133
survivor,verina_basic_78__T1_let_intro__0|deepseek-prover-v2-7b,artifacts/variants/verina_basic_78/verina_basic_78__T1_let_intro__0/model_deepseek-prover-v2-7b.lean,MultipleReturns_spec_satisfied,propext,1,False,,clean,6.616
survivor,verina_basic_78__T1_let_intro__0|deepseek-prover-v2-7b__hard_unfold,artifacts/variants/verina_basic_78/verina_basic_78__T1_let_intro__0/model_deepseek-prover-v2-7b__hard_unfold.lean,MultipleReturns_spec_satisfied,"propext, Quot.sound",2,False,,clean,7.059
survivor,verina_basic_78__T1_let_intro__0|goedel-prover-v2-32b,artifacts/variants/verina_basic_78/verina_basic_78__T1_let_intro__0/model_goedel-prover-v2-32b.lean,MultipleReturns_spec_satisfied,propext,1,False,,clean,6.778
survivor,verina_basic_78__T1_let_intro__0|goedel-prover-v2-8b,artifacts/variants/verina_basic_78/verina_basic_78__T1_let_intro__0/model_goedel-prover-v2-8b.lean,MultipleReturns_spec_satisfied,propext,1,False,,clean,6.978
survivor,verina_basic_78__T1_let_intro__0|goedel-prover-v2-8b__avoid_unfold,artifacts/variants/verina_basic_78/verina_basic_78__T1_let_intro__0/model_goedel-prover-v2-8b__avoid_unfold.lean,MultipleReturns_spec_satisfied,propext,1,False,,clean,7.085
survivor,verina_basic_78__T1_let_intro__0|goedel-prover-v2-8b__hard_unfold,artifacts/variants/verina_basic_78/verina_basic_78__T1_let_intro__0/model_goedel-prover-v2-8b__hard_unfold.lean,MultipleReturns_spec_satisfied,propext,1,False,,clean,7.487
survivor,verina_basic_78__T1_let_intro__0|qwen3-14b,artifacts/variants/verina_basic_78/verina_basic_78__T1_let_intro__0/model_qwen3-14b.lean,MultipleReturns_spec_satisfied,propext,1,False,,clean,0.936
survivor,verina_basic_78__T1_let_intro__0|qwen3-32b,artifacts/variants/verina_basic_78/verina_basic_78__T1_let_intro__0/model_qwen3-32b.lean,MultipleReturns_spec_satisfied,propext,1,False,,clean,0.951
survivor,verina_basic_78__T2_helper_extract__0|deepseek-prover-v2-7b__hard_unfold,artifacts/variants/verina_basic_78/verina_basic_78__T2_helper_extract__0/model_deepseek-prover-v2-7b__hard_unfold.lean,MultipleReturns_spec_satisfied,"propext, Quot.sound",2,False,,clean,7.871
survivor,verina_basic_78__T3_comm_swap__0|goedel-prover-v2-8b,artifacts/variants/verina_basic_78/verina_basic_78__T3_comm_swap__0/model_goedel-prover-v2-8b.lean,MultipleReturns_spec_satisfied,propext,1,False,,clean,7.955
survivor,verina_basic_78__T3_comm_swap__0|goedel-prover-v2-8b__hard_unfold,artifacts/variants/verina_basic_78/verina_basic_78__T3_comm_swap__0/model_goedel-prover-v2-8b__hard_unfold.lean,MultipleReturns_spec_satisfied,propext,1,False,,clean,7.589
survivor,verina_basic_8__T1_let_intro__0|deepseek-prover-v2-7b,artifacts/variants/verina_basic_8/verina_basic_8__T1_let_intro__0/model_deepseek-prover-v2-7b.lean,myMin_spec_satisfied,propext,1,False,,clean,6.814
survivor,verina_basic_8__T1_let_intro__0|deepseek-prover-v2-7b__hard_unfold,artifacts/variants/verina_basic_8/verina_basic_8__T1_let_intro__0/model_deepseek-prover-v2-7b__hard_unfold.lean,myMin_spec_satisfied,"propext, Classical.choice, Quot.sound",3,False,,clean,7.224
survivor,verina_basic_8__T1_let_intro__0|goedel-prover-v2-32b,artifacts/variants/verina_basic_8/verina_basic_8__T1_let_intro__0/model_goedel-prover-v2-32b.lean,myMin_spec_satisfied,"propext, Classical.choice, Quot.sound",3,False,,clean,7.53
survivor,verina_basic_8__T1_let_intro__0|goedel-prover-v2-8b,artifacts/variants/verina_basic_8/verina_basic_8__T1_let_intro__0/model_goedel-prover-v2-8b.lean,myMin_spec_satisfied,propext,1,False,,clean,6.846
survivor,verina_basic_8__T1_let_intro__0|goedel-prover-v2-8b__avoid_unfold,artifacts/variants/verina_basic_8/verina_basic_8__T1_let_intro__0/model_goedel-prover-v2-8b__avoid_unfold.lean,myMin_spec_satisfied,"propext, Classical.choice, Quot.sound",3,False,,clean,7.628
survivor,verina_basic_8__T1_let_intro__0|goedel-prover-v2-8b__hard_unfold,artifacts/variants/verina_basic_8/verina_basic_8__T1_let_intro__0/model_goedel-prover-v2-8b__hard_unfold.lean,myMin_spec_satisfied,"propext, Classical.choice, Quot.sound",3,False,,clean,7.501
survivor,verina_basic_8__T2_helper_extract__0|goedel-prover-v2-8b__avoid_unfold,artifacts/variants/verina_basic_8/verina_basic_8__T2_helper_extract__0/model_goedel-prover-v2-8b__avoid_unfold.lean,myMin_spec_satisfied,"propext, Classical.choice, Quot.sound",3,False,,clean,8.444
survivor,verina_basic_8__T4_cond_invert__0|deepseek-prover-v2-7b,artifacts/variants/verina_basic_8/verina_basic_8__T4_cond_invert__0/model_deepseek-prover-v2-7b.lean,myMin_spec_satisfied,propext,1,False,,clean,7.826
survivor,verina_basic_8__T4_cond_invert__0|deepseek-prover-v2-7b__hard_unfold,artifacts/variants/verina_basic_8/verina_basic_8__T4_cond_invert__0/model_deepseek-prover-v2-7b__hard_unfold.lean,myMin_spec_satisfied,"propext, Classical.choice, Quot.sound",3,False,,clean,7.85
survivor,verina_basic_8__T4_cond_invert__0|goedel-prover-v2-32b,artifacts/variants/verina_basic_8/verina_basic_8__T4_cond_invert__0/model_goedel-prover-v2-32b.lean,myMin_spec_satisfied,"propext, Classical.choice, Quot.sound",3,False,,clean,7.898
survivor,verina_basic_8__T4_cond_invert__0|goedel-prover-v2-8b,artifacts/variants/verina_basic_8/verina_basic_8__T4_cond_invert__0/model_goedel-prover-v2-8b.lean,myMin_spec_satisfied,propext,1,False,,clean,7.769
survivor,verina_basic_8__T4_cond_invert__0|goedel-prover-v2-8b__hard_unfold,artifacts/variants/verina_basic_8/verina_basic_8__T4_cond_invert__0/model_goedel-prover-v2-8b__hard_unfold.lean,myMin_spec_satisfied,"propext, Classical.choice, Quot.sound",3,False,,clean,7.93
survivor,verina_basic_8__T5_branch_extract__0|goedel-prover-v2-8b__avoid_unfold,artifacts/variants/verina_basic_8/verina_basic_8__T5_branch_extract__0/model_goedel-prover-v2-8b__avoid_unfold.lean,myMin_spec_satisfied,"propext, Classical.choice, Quot.sound",3,False,,clean,7.599
survivor,verina_basic_8__T5_branch_extract__0|goedel-prover-v2-8b__hard_unfold,artifacts/variants/verina_basic_8/verina_basic_8__T5_branch_extract__0/model_goedel-prover-v2-8b__hard_unfold.lean,myMin_spec_satisfied,"propext, Classical.choice, Quot.sound",3,False,,clean,7.675
survivor,verina_basic_81__T1_let_intro__0|goedel-prover-v2-8b__hard_unfold,artifacts/variants/verina_basic_81/verina_basic_81__T1_let_intro__0/model_goedel-prover-v2-8b__hard_unfold.lean,DivisionFunction_spec_satisfied,"propext, Classical.choice, Quot.sound",3,False,,clean,8.134
survivor,verina_basic_81__T4_cond_invert__0|goedel-prover-v2-8b__hard_unfold,artifacts/variants/verina_basic_81/verina_basic_81__T4_cond_invert__0/model_goedel-prover-v2-8b__hard_unfold.lean,DivisionFunction_spec_satisfied,"propext, Classical.choice, Quot.sound",3,False,,clean,8.056
survivor,verina_basic_81__T5_branch_extract__0|goedel-prover-v2-8b__hard_unfold,artifacts/variants/verina_basic_81/verina_basic_81__T5_branch_extract__0/model_goedel-prover-v2-8b__hard_unfold.lean,DivisionFunction_spec_satisfied,"propext, Classical.choice, Quot.sound",3,False,,clean,8.157
survivor,verina_basic_88__T1_let_intro__0|deepseek-prover-v2-7b,artifacts/variants/verina_basic_88/verina_basic_88__T1_let_intro__0/model_deepseek-prover-v2-7b.lean,ToArray_spec_satisfied,propext,1,False,,clean,6.894
survivor,verina_basic_88__T1_let_intro__0|deepseek-prover-v2-7b__hard_unfold,artifacts/variants/verina_basic_88/verina_basic_88__T1_let_intro__0/model_deepseek-prover-v2-7b__hard_unfold.lean,ToArray_spec_satisfied,propext,1,False,,clean,6.925
survivor,verina_basic_88__T1_let_intro__0|goedel-prover-v2-8b__avoid_unfold,artifacts/variants/verina_basic_88/verina_basic_88__T1_let_intro__0/model_goedel-prover-v2-8b__avoid_unfold.lean,ToArray_spec_satisfied,propext,1,False,,clean,6.975
survivor,verina_basic_88__T1_let_intro__0|goedel-prover-v2-8b__hard_unfold,artifacts/variants/verina_basic_88/verina_basic_88__T1_let_intro__0/model_goedel-prover-v2-8b__hard_unfold.lean,ToArray_spec_satisfied,"propext, Quot.sound",2,False,,clean,7.829
survivor,verina_basic_91__T1_let_intro__0|deepseek-prover-v2-7b,artifacts/variants/verina_basic_91/verina_basic_91__T1_let_intro__0/model_deepseek-prover-v2-7b.lean,Swap_spec_satisfied,propext,1,False,,clean,7.937
survivor,verina_basic_91__T1_let_intro__0|deepseek-prover-v2-7b__hard_unfold,artifacts/variants/verina_basic_91/verina_basic_91__T1_let_intro__0/model_deepseek-prover-v2-7b__hard_unfold.lean,Swap_spec_satisfied,propext,1,False,,clean,7.602
survivor,verina_basic_91__T1_let_intro__0|goedel-prover-v2-32b,artifacts/variants/verina_basic_91/verina_basic_91__T1_let_intro__0/model_goedel-prover-v2-32b.lean,Swap_spec_satisfied,"propext, Classical.choice, Quot.sound",3,False,,clean,8.282
survivor,verina_basic_91__T1_let_intro__0|goedel-prover-v2-8b,artifacts/variants/verina_basic_91/verina_basic_91__T1_let_intro__0/model_goedel-prover-v2-8b.lean,Swap_spec_satisfied,propext,1,False,,clean,7.605
survivor,verina_basic_91__T1_let_intro__0|goedel-prover-v2-8b__avoid_unfold,artifacts/variants/verina_basic_91/verina_basic_91__T1_let_intro__0/model_goedel-prover-v2-8b__avoid_unfold.lean,Swap_spec_satisfied,"propext, Quot.sound",2,False,,clean,7.602
survivor,verina_basic_91__T1_let_intro__0|goedel-prover-v2-8b__hard_unfold,artifacts/variants/verina_basic_91/verina_basic_91__T1_let_intro__0/model_goedel-prover-v2-8b__hard_unfold.lean,Swap_spec_satisfied,propext,1,False,,clean,7.92
survivor,verina_basic_91__T2_helper_extract__0|deepseek-prover-v2-7b__hard_unfold,artifacts/variants/verina_basic_91/verina_basic_91__T2_helper_extract__0/model_deepseek-prover-v2-7b__hard_unfold.lean,Swap_spec_satisfied,propext,1,False,,clean,7.334
survivor,verina_basic_91__T2_helper_extract__0|goedel-prover-v2-8b,artifacts/variants/verina_basic_91/verina_basic_91__T2_helper_extract__0/model_goedel-prover-v2-8b.lean,Swap_spec_satisfied,,0,False,,clean,9.577
survivor,verina_basic_92__T1_let_intro__0|deepseek-prover-v2-7b,artifacts/variants/verina_basic_92/verina_basic_92__T1_let_intro__0/model_deepseek-prover-v2-7b.lean,SwapArithmetic_spec_satisfied,propext,1,False,,clean,7.287
survivor,verina_basic_92__T1_let_intro__0|deepseek-prover-v2-7b__hard_unfold,artifacts/variants/verina_basic_92/verina_basic_92__T1_let_intro__0/model_deepseek-prover-v2-7b__hard_unfold.lean,SwapArithmetic_spec_satisfied,propext,1,False,,clean,6.9
survivor,verina_basic_92__T1_let_intro__0|goedel-prover-v2-32b,artifacts/variants/verina_basic_92/verina_basic_92__T1_let_intro__0/model_goedel-prover-v2-32b.lean,SwapArithmetic_spec_satisfied,"propext, Classical.choice, Quot.sound",3,False,,clean,7.378
survivor,verina_basic_92__T1_let_intro__0|goedel-prover-v2-8b,artifacts/variants/verina_basic_92/verina_basic_92__T1_let_intro__0/model_goedel-prover-v2-8b.lean,SwapArithmetic_spec_satisfied,"propext, Classical.choice, Quot.sound",3,False,,clean,7.663
survivor,verina_basic_92__T1_let_intro__0|goedel-prover-v2-8b__avoid_unfold,artifacts/variants/verina_basic_92/verina_basic_92__T1_let_intro__0/model_goedel-prover-v2-8b__avoid_unfold.lean,SwapArithmetic_spec_satisfied,"propext, Classical.choice, Quot.sound",3,False,,clean,7.529
survivor,verina_basic_92__T1_let_intro__0|goedel-prover-v2-8b__hard_unfold,artifacts/variants/verina_basic_92/verina_basic_92__T1_let_intro__0/model_goedel-prover-v2-8b__hard_unfold.lean,SwapArithmetic_spec_satisfied,"propext, Classical.choice, Quot.sound",3,False,,clean,7.639
survivor,verina_basic_92__T3_comm_swap__0|deepseek-prover-v2-7b,artifacts/variants/verina_basic_92/verina_basic_92__T3_comm_swap__0/model_deepseek-prover-v2-7b.lean,SwapArithmetic_spec_satisfied,propext,1,False,,clean,7.774
survivor,verina_basic_92__T3_comm_swap__0|deepseek-prover-v2-7b__hard_unfold,artifacts/variants/verina_basic_92/verina_basic_92__T3_comm_swap__0/model_deepseek-prover-v2-7b__hard_unfold.lean,SwapArithmetic_spec_satisfied,propext,1,False,,clean,7.691
survivor,verina_basic_92__T3_comm_swap__0|goedel-prover-v2-32b,artifacts/variants/verina_basic_92/verina_basic_92__T3_comm_swap__0/model_goedel-prover-v2-32b.lean,SwapArithmetic_spec_satisfied,"propext, Classical.choice, Quot.sound",3,False,,clean,8.063
survivor,verina_basic_92__T3_comm_swap__0|goedel-prover-v2-8b,artifacts/variants/verina_basic_92/verina_basic_92__T3_comm_swap__0/model_goedel-prover-v2-8b.lean,SwapArithmetic_spec_satisfied,"propext, Classical.choice, Quot.sound",3,False,,clean,7.683
survivor,verina_basic_92__T3_comm_swap__0|goedel-prover-v2-8b__avoid_unfold,artifacts/variants/verina_basic_92/verina_basic_92__T3_comm_swap__0/model_goedel-prover-v2-8b__avoid_unfold.lean,SwapArithmetic_spec_satisfied,"propext, Classical.choice, Quot.sound",3,False,,clean,8.129
survivor,verina_basic_92__T3_comm_swap__0|goedel-prover-v2-8b__hard_unfold,artifacts/variants/verina_basic_92/verina_basic_92__T3_comm_swap__0/model_goedel-prover-v2-8b__hard_unfold.lean,SwapArithmetic_spec_satisfied,"propext, Classical.choice, Quot.sound",3,False,,clean,7.162
survivor,verina_basic_96__T1_let_intro__0|deepseek-prover-v2-7b,artifacts/variants/verina_basic_96/verina_basic_96__T1_let_intro__0/model_deepseek-prover-v2-7b.lean,SwapSimultaneous_spec_satisfied,propext,1,False,,clean,7.189
survivor,verina_basic_96__T1_let_intro__0|deepseek-prover-v2-7b__hard_unfold,artifacts/variants/verina_basic_96/verina_basic_96__T1_let_intro__0/model_deepseek-prover-v2-7b__hard_unfold.lean,SwapSimultaneous_spec_satisfied,propext,1,False,,clean,7.311
survivor,verina_basic_96__T1_let_intro__0|goedel-prover-v2-32b,artifacts/variants/verina_basic_96/verina_basic_96__T1_let_intro__0/model_goedel-prover-v2-32b.lean,SwapSimultaneous_spec_satisfied,"propext, Classical.choice, Quot.sound",3,False,,clean,7.707
survivor,verina_basic_96__T1_let_intro__0|goedel-prover-v2-8b,artifacts/variants/verina_basic_96/verina_basic_96__T1_let_intro__0/model_goedel-prover-v2-8b.lean,SwapSimultaneous_spec_satisfied,propext,1,False,,clean,7.283
survivor,verina_basic_96__T1_let_intro__0|goedel-prover-v2-8b__avoid_unfold,artifacts/variants/verina_basic_96/verina_basic_96__T1_let_intro__0/model_goedel-prover-v2-8b__avoid_unfold.lean,SwapSimultaneous_spec_satisfied,,0,False,,clean,7.051
survivor,verina_basic_96__T1_let_intro__0|goedel-prover-v2-8b__hard_unfold,artifacts/variants/verina_basic_96/verina_basic_96__T1_let_intro__0/model_goedel-prover-v2-8b__hard_unfold.lean,SwapSimultaneous_spec_satisfied,propext,1,False,,clean,7.598
survivor,verina_basic_96__T2_helper_extract__0|deepseek-prover-v2-7b,artifacts/variants/verina_basic_96/verina_basic_96__T2_helper_extract__0/model_deepseek-prover-v2-7b.lean,SwapSimultaneous_spec_satisfied,propext,1,False,,clean,7.62
survivor,verina_basic_96__T2_helper_extract__0|goedel-prover-v2-32b,artifacts/variants/verina_basic_96/verina_basic_96__T2_helper_extract__0/model_goedel-prover-v2-32b.lean,SwapSimultaneous_spec_satisfied,"propext, Classical.choice, Quot.sound",3,False,,clean,8.184
survivor,verina_basic_96__T2_helper_extract__0|goedel-prover-v2-8b,artifacts/variants/verina_basic_96/verina_basic_96__T2_helper_extract__0/model_goedel-prover-v2-8b.lean,SwapSimultaneous_spec_satisfied,,0,False,,clean,7.598
survivor,verina_basic_96__T2_helper_extract__0|goedel-prover-v2-8b__avoid_unfold,artifacts/variants/verina_basic_96/verina_basic_96__T2_helper_extract__0/model_goedel-prover-v2-8b__avoid_unfold.lean,SwapSimultaneous_spec_satisfied,,0,False,,clean,7.6
survivor,verina_basic_98__T1_let_intro__0|deepseek-prover-v2-7b,artifacts/variants/verina_basic_98/verina_basic_98__T1_let_intro__0/model_deepseek-prover-v2-7b.lean,Triple_spec_satisfied,"propext, Quot.sound",2,False,,clean,7.393
survivor,verina_basic_98__T1_let_intro__0|deepseek-prover-v2-7b__hard_unfold,artifacts/variants/verina_basic_98/verina_basic_98__T1_let_intro__0/model_deepseek-prover-v2-7b__hard_unfold.lean,Triple_spec_satisfied,propext,1,False,,clean,6.945
survivor,verina_basic_98__T1_let_intro__0|goedel-prover-v2-32b,artifacts/variants/verina_basic_98/verina_basic_98__T1_let_intro__0/model_goedel-prover-v2-32b.lean,Triple_spec_satisfied,propext,1,False,,clean,7.214
survivor,verina_basic_98__T1_let_intro__0|goedel-prover-v2-8b,artifacts/variants/verina_basic_98/verina_basic_98__T1_let_intro__0/model_goedel-prover-v2-8b.lean,Triple_spec_satisfied,propext,1,False,,clean,7.127
survivor,verina_basic_98__T1_let_intro__0|goedel-prover-v2-8b__avoid_unfold,artifacts/variants/verina_basic_98/verina_basic_98__T1_let_intro__0/model_goedel-prover-v2-8b__avoid_unfold.lean,Triple_spec_satisfied,"propext, Quot.sound",2,False,,clean,7.203
survivor,verina_basic_98__T1_let_intro__0|goedel-prover-v2-8b__hard_unfold,artifacts/variants/verina_basic_98/verina_basic_98__T1_let_intro__0/model_goedel-prover-v2-8b__hard_unfold.lean,Triple_spec_satisfied,propext,1,False,,clean,7.256
survivor,verina_basic_98__T2_helper_extract__0|goedel-prover-v2-32b,artifacts/variants/verina_basic_98/verina_basic_98__T2_helper_extract__0/model_goedel-prover-v2-32b.lean,Triple_spec_satisfied,propext,1,False,,clean,7.642
survivor,verina_basic_98__T2_helper_extract__0|goedel-prover-v2-8b,artifacts/variants/verina_basic_98/verina_basic_98__T2_helper_extract__0/model_goedel-prover-v2-8b.lean,Triple_spec_satisfied,propext,1,False,,clean,7.712
survivor,verina_basic_98__T3_comm_swap__0|deepseek-prover-v2-7b,artifacts/variants/verina_basic_98/verina_basic_98__T3_comm_swap__0/model_deepseek-prover-v2-7b.lean,Triple_spec_satisfied,"propext, Quot.sound",2,False,,clean,8.076
survivor,verina_basic_98__T3_comm_swap__0|goedel-prover-v2-8b__hard_unfold,artifacts/variants/verina_basic_98/verina_basic_98__T3_comm_swap__0/model_goedel-prover-v2-8b__hard_unfold.lean,Triple_spec_satisfied,"propext, Quot.sound",2,False,,clean,7.968
survivor,verina_basic_99__T1_let_intro__0|deepseek-prover-v2-7b,artifacts/variants/verina_basic_99/verina_basic_99__T1_let_intro__0/model_deepseek-prover-v2-7b.lean,Triple_spec_satisfied,"propext, Classical.choice, Quot.sound",3,False,,clean,8.775
survivor,verina_basic_99__T1_let_intro__0|deepseek-prover-v2-7b__hard_unfold,artifacts/variants/verina_basic_99/verina_basic_99__T1_let_intro__0/model_deepseek-prover-v2-7b__hard_unfold.lean,Triple_spec_satisfied,"propext, Classical.choice, Quot.sound",3,False,,clean,8.589
survivor,verina_basic_99__T1_let_intro__0|goedel-prover-v2-32b,artifacts/variants/verina_basic_99/verina_basic_99__T1_let_intro__0/model_goedel-prover-v2-32b.lean,Triple_spec_satisfied,"propext, Classical.choice, Quot.sound",3,False,,clean,7.974
survivor,verina_basic_99__T1_let_intro__0|goedel-prover-v2-8b,artifacts/variants/verina_basic_99/verina_basic_99__T1_let_intro__0/model_goedel-prover-v2-8b.lean,Triple_spec_satisfied,propext,1,False,,clean,7.428
survivor,verina_basic_99__T1_let_intro__0|goedel-prover-v2-8b__avoid_unfold,artifacts/variants/verina_basic_99/verina_basic_99__T1_let_intro__0/model_goedel-prover-v2-8b__avoid_unfold.lean,Triple_spec_satisfied,"propext, Quot.sound",2,False,,clean,8.072
survivor,verina_basic_99__T1_let_intro__0|goedel-prover-v2-8b__hard_unfold,artifacts/variants/verina_basic_99/verina_basic_99__T1_let_intro__0/model_goedel-prover-v2-8b__hard_unfold.lean,Triple_spec_satisfied,"propext, Classical.choice, Quot.sound",3,False,,clean,7.919
survivor,verina_basic_99__T3_comm_swap__0|deepseek-prover-v2-7b,artifacts/variants/verina_basic_99/verina_basic_99__T3_comm_swap__0/model_deepseek-prover-v2-7b.lean,Triple_spec_satisfied,"propext, Classical.choice, Quot.sound",3,False,,clean,8.147
survivor,verina_basic_99__T3_comm_swap__0|deepseek-prover-v2-7b__hard_unfold,artifacts/variants/verina_basic_99/verina_basic_99__T3_comm_swap__0/model_deepseek-prover-v2-7b__hard_unfold.lean,Triple_spec_satisfied,"propext, Classical.choice, Quot.sound",3,False,,clean,8.885
survivor,verina_basic_99__T3_comm_swap__0|goedel-prover-v2-8b,artifacts/variants/verina_basic_99/verina_basic_99__T3_comm_swap__0/model_goedel-prover-v2-8b.lean,Triple_spec_satisfied,propext,1,False,,clean,7.623
survivor,verina_basic_99__T3_comm_swap__0|goedel-prover-v2-8b__avoid_unfold,artifacts/variants/verina_basic_99/verina_basic_99__T3_comm_swap__0/model_goedel-prover-v2-8b__avoid_unfold.lean,Triple_spec_satisfied,"propext, Quot.sound",2,False,,clean,8.588
survivor,verina_basic_99__T3_comm_swap__0|goedel-prover-v2-8b__hard_unfold,artifacts/variants/verina_basic_99/verina_basic_99__T3_comm_swap__0/model_goedel-prover-v2-8b__hard_unfold.lean,Triple_spec_satisfied,"propext, Classical.choice, Quot.sound",3,False,,clean,8.306
survivor,verina_basic_99__T3_comm_swap__1|deepseek-prover-v2-7b,artifacts/variants/verina_basic_99/verina_basic_99__T3_comm_swap__1/model_deepseek-prover-v2-7b.lean,Triple_spec_satisfied,"propext, Classical.choice, Quot.sound",3,False,,clean,8.478
survivor,verina_basic_99__T3_comm_swap__1|deepseek-prover-v2-7b__hard_unfold,artifacts/variants/verina_basic_99/verina_basic_99__T3_comm_swap__1/model_deepseek-prover-v2-7b__hard_unfold.lean,Triple_spec_satisfied,"propext, Classical.choice, Quot.sound",3,False,,clean,8.883
survivor,verina_basic_99__T3_comm_swap__1|goedel-prover-v2-8b,artifacts/variants/verina_basic_99/verina_basic_99__T3_comm_swap__1/model_goedel-prover-v2-8b.lean,Triple_spec_satisfied,propext,1,False,,clean,7.33
survivor,verina_basic_99__T3_comm_swap__1|goedel-prover-v2-8b__avoid_unfold,artifacts/variants/verina_basic_99/verina_basic_99__T3_comm_swap__1/model_goedel-prover-v2-8b__avoid_unfold.lean,Triple_spec_satisfied,"propext, Quot.sound",2,False,,clean,8.247
survivor,verina_basic_99__T3_comm_swap__1|goedel-prover-v2-8b__hard_unfold,artifacts/variants/verina_basic_99/verina_basic_99__T3_comm_swap__1/model_goedel-prover-v2-8b__hard_unfold.lean,Triple_spec_satisfied,"propext, Classical.choice, Quot.sound",3,False,,clean,8.155
survivor,verina_basic_99__T3_comm_swap__2|deepseek-prover-v2-7b,artifacts/variants/verina_basic_99/verina_basic_99__T3_comm_swap__2/model_deepseek-prover-v2-7b.lean,Triple_spec_satisfied,"propext, Classical.choice, Quot.sound",3,False,,clean,8.087
survivor,verina_basic_99__T3_comm_swap__2|deepseek-prover-v2-7b__hard_unfold,artifacts/variants/verina_basic_99/verina_basic_99__T3_comm_swap__2/model_deepseek-prover-v2-7b__hard_unfold.lean,Triple_spec_satisfied,"propext, Classical.choice, Quot.sound",3,False,,clean,8.661
survivor,verina_basic_99__T3_comm_swap__2|goedel-prover-v2-32b,artifacts/variants/verina_basic_99/verina_basic_99__T3_comm_swap__2/model_goedel-prover-v2-32b.lean,Triple_spec_satisfied,"propext, Classical.choice, Quot.sound",3,False,,clean,8.432
survivor,verina_basic_99__T3_comm_swap__2|goedel-prover-v2-8b__avoid_unfold,artifacts/variants/verina_basic_99/verina_basic_99__T3_comm_swap__2/model_goedel-prover-v2-8b__avoid_unfold.lean,Triple_spec_satisfied,"propext, Quot.sound",2,False,,clean,8.204
survivor,verina_basic_99__T3_comm_swap__2|goedel-prover-v2-8b__hard_unfold,artifacts/variants/verina_basic_99/verina_basic_99__T3_comm_swap__2/model_goedel-prover-v2-8b__hard_unfold.lean,Triple_spec_satisfied,"propext, Classical.choice, Quot.sound",3,False,,clean,7.287
survivor,verina_basic_99__T4_cond_invert__0|deepseek-prover-v2-7b,artifacts/variants/verina_basic_99/verina_basic_99__T4_cond_invert__0/model_deepseek-prover-v2-7b.lean,Triple_spec_satisfied,"propext, Classical.choice, Quot.sound",3,False,,clean,7.749
survivor,verina_basic_99__T4_cond_invert__0|deepseek-prover-v2-7b__hard_unfold,artifacts/variants/verina_basic_99/verina_basic_99__T4_cond_invert__0/model_deepseek-prover-v2-7b__hard_unfold.lean,Triple_spec_satisfied,"propext, Classical.choice, Quot.sound",3,False,,clean,7.831
survivor,verina_basic_99__T4_cond_invert__0|goedel-prover-v2-32b,artifacts/variants/verina_basic_99/verina_basic_99__T4_cond_invert__0/model_goedel-prover-v2-32b.lean,Triple_spec_satisfied,"propext, Classical.choice, Quot.sound",3,False,,clean,7.691
survivor,verina_basic_99__T4_cond_invert__0|goedel-prover-v2-8b,artifacts/variants/verina_basic_99/verina_basic_99__T4_cond_invert__0/model_goedel-prover-v2-8b.lean,Triple_spec_satisfied,propext,1,False,,clean,7.185
survivor,verina_basic_99__T4_cond_invert__0|goedel-prover-v2-8b__avoid_unfold,artifacts/variants/verina_basic_99/verina_basic_99__T4_cond_invert__0/model_goedel-prover-v2-8b__avoid_unfold.lean,Triple_spec_satisfied,"propext, Quot.sound",2,False,,clean,7.481
survivor,verina_basic_99__T4_cond_invert__0|goedel-prover-v2-8b__hard_unfold,artifacts/variants/verina_basic_99/verina_basic_99__T4_cond_invert__0/model_goedel-prover-v2-8b__hard_unfold.lean,Triple_spec_satisfied,"propext, Classical.choice, Quot.sound",3,False,,clean,7.308
