task_id,tier,transformation,severity,equivalence_class,applicable,inapplicable_reason,candidate_generated,n_variants,variant_ids,code_loc_original,code_loc_refactored,structural_metadata
verina_advanced_1,advanced,T1_let_intro,D,definitional,True,,True,1,['verina_advanced_1__T1_let_intro__0'],14,16.0,"{'code_has_def_level_termination': False, 'code_has_where': False, 'code_has_do': False, 'code_has_let_rec': True, 'code_self_recursive': False, 'code_aux_nonempty': False, 'n_if': 1, 'n_plus': 0}"
verina_advanced_1,advanced,T2_helper_extract,S,definitional,True,,True,1,['verina_advanced_1__T2_helper_extract__0'],14,16.0,"{'code_has_def_level_termination': False, 'code_has_where': False, 'code_has_do': False, 'code_has_let_rec': True, 'code_self_recursive': False, 'code_aux_nonempty': False, 'n_if': 1, 'n_plus': 0}"
verina_advanced_1,advanced,T3_comm_swap,E,theorem_certified,False,no_commutative_operator_occurrence,False,0,[],14,,"{'code_has_def_level_termination': False, 'code_has_where': False, 'code_has_do': False, 'code_has_let_rec': True, 'code_self_recursive': False, 'code_aux_nonempty': False, 'n_if': 1, 'n_plus': 0}"
verina_advanced_1,advanced,T4_cond_invert,E,theorem_certified,False,no_tail_if_then_else,False,0,[],14,,"{'code_has_def_level_termination': False, 'code_has_where': False, 'code_has_do': False, 'code_has_let_rec': True, 'code_self_recursive': False, 'code_aux_nonempty': False, 'n_if': 1, 'n_plus': 0}"
verina_advanced_1,advanced,T5_branch_extract,S,definitional,False,no_tail_if_then_else,False,0,[],14,,"{'code_has_def_level_termination': False, 'code_has_where': False, 'code_has_do': False, 'code_has_let_rec': True, 'code_self_recursive': False, 'code_aux_nonempty': False, 'n_if': 1, 'n_plus': 0}"
verina_advanced_10,advanced,T1_let_intro,D,definitional,False,def_level_termination_clause,False,0,[],23,,"{'code_has_def_level_termination': True, 'code_has_where': True, 'code_has_do': False, 'code_has_let_rec': True, 'code_self_recursive': False, 'code_aux_nonempty': False, 'n_if': 2, 'n_plus': 1}"
verina_advanced_10,advanced,T2_helper_extract,S,definitional,False,def_level_termination_clause,False,0,[],23,,"{'code_has_def_level_termination': True, 'code_has_where': True, 'code_has_do': False, 'code_has_let_rec': True, 'code_self_recursive': False, 'code_aux_nonempty': False, 'n_if': 2, 'n_plus': 1}"
verina_advanced_10,advanced,T3_comm_swap,E,theorem_certified,True,,True,1,['verina_advanced_10__T3_comm_swap__0'],23,23.0,"{'code_has_def_level_termination': True, 'code_has_where': True, 'code_has_do': False, 'code_has_let_rec': True, 'code_self_recursive': False, 'code_aux_nonempty': False, 'n_if': 2, 'n_plus': 1}"
verina_advanced_10,advanced,T4_cond_invert,E,theorem_certified,False,def_level_termination_clause,False,0,[],23,,"{'code_has_def_level_termination': True, 'code_has_where': True, 'code_has_do': False, 'code_has_let_rec': True, 'code_self_recursive': False, 'code_aux_nonempty': False, 'n_if': 2, 'n_plus': 1}"
verina_advanced_10,advanced,T5_branch_extract,S,definitional,False,def_level_termination_clause,False,0,[],23,,"{'code_has_def_level_termination': True, 'code_has_where': True, 'code_has_do': False, 'code_has_let_rec': True, 'code_self_recursive': False, 'code_aux_nonempty': False, 'n_if': 2, 'n_plus': 1}"
verina_advanced_11,advanced,T1_let_intro,D,definitional,True,,True,1,['verina_advanced_11__T1_let_intro__0'],5,7.0,"{'code_has_def_level_termination': False, 'code_has_where': False, 'code_has_do': False, 'code_has_let_rec': False, 'code_self_recursive': False, 'code_aux_nonempty': True, 'n_if': 0, 'n_plus': 0}"
verina_advanced_11,advanced,T2_helper_extract,S,definitional,True,,True,1,['verina_advanced_11__T2_helper_extract__0'],5,7.0,"{'code_has_def_level_termination': False, 'code_has_where': False, 'code_has_do': False, 'code_has_let_rec': False, 'code_self_recursive': False, 'code_aux_nonempty': True, 'n_if': 0, 'n_plus': 0}"
verina_advanced_11,advanced,T3_comm_swap,E,theorem_certified,False,no_commutative_operator_occurrence,False,0,[],5,,"{'code_has_def_level_termination': False, 'code_has_where': False, 'code_has_do': False, 'code_has_let_rec': False, 'code_self_recursive': False, 'code_aux_nonempty': True, 'n_if': 0, 'n_plus': 0}"
verina_advanced_11,advanced,T4_cond_invert,E,theorem_certified,False,no_tail_if_then_else,False,0,[],5,,"{'code_has_def_level_termination': False, 'code_has_where': False, 'code_has_do': False, 'code_has_let_rec': False, 'code_self_recursive': False, 'code_aux_nonempty': True, 'n_if': 0, 'n_plus': 0}"
verina_advanced_11,advanced,T5_branch_extract,S,definitional,False,no_tail_if_then_else,False,0,[],5,,"{'code_has_def_level_termination': False, 'code_has_where': False, 'code_has_do': False, 'code_has_let_rec': False, 'code_self_recursive': False, 'code_aux_nonempty': True, 'n_if': 0, 'n_plus': 0}"
verina_advanced_12,advanced,T1_let_intro,D,definitional,True,,True,1,['verina_advanced_12__T1_let_intro__0'],5,7.0,"{'code_has_def_level_termination': False, 'code_has_where': False, 'code_has_do': False, 'code_has_let_rec': True, 'code_self_recursive': False, 'code_aux_nonempty': False, 'n_if': 1, 'n_plus': 0}"
verina_advanced_12,advanced,T2_helper_extract,S,definitional,True,,True,1,['verina_advanced_12__T2_helper_extract__0'],5,7.0,"{'code_has_def_level_termination': False, 'code_has_where': False, 'code_has_do': False, 'code_has_let_rec': True, 'code_self_recursive': False, 'code_aux_nonempty': False, 'n_if': 1, 'n_plus': 0}"
verina_advanced_12,advanced,T3_comm_swap,E,theorem_certified,False,no_commutative_operator_occurrence,False,0,[],5,,"{'code_has_def_level_termination': False, 'code_has_where': False, 'code_has_do': False, 'code_has_let_rec': True, 'code_self_recursive': False, 'code_aux_nonempty': False, 'n_if': 1, 'n_plus': 0}"
verina_advanced_12,advanced,T4_cond_invert,E,theorem_certified,False,no_tail_if_then_else,False,0,[],5,,"{'code_has_def_level_termination': False, 'code_has_where': False, 'code_has_do': False, 'code_has_let_rec': True, 'code_self_recursive': False, 'code_aux_nonempty': False, 'n_if': 1, 'n_plus': 0}"
verina_advanced_12,advanced,T5_branch_extract,S,definitional,False,no_tail_if_then_else,False,0,[],5,,"{'code_has_def_level_termination': False, 'code_has_where': False, 'code_has_do': False, 'code_has_let_rec': True, 'code_self_recursive': False, 'code_aux_nonempty': False, 'n_if': 1, 'n_plus': 0}"
verina_advanced_13,advanced,T1_let_intro,D,definitional,True,,True,1,['verina_advanced_13__T1_let_intro__0'],29,31.0,"{'code_has_def_level_termination': False, 'code_has_where': False, 'code_has_do': False, 'code_has_let_rec': True, 'code_self_recursive': False, 'code_aux_nonempty': False, 'n_if': 3, 'n_plus': 0}"
verina_advanced_13,advanced,T2_helper_extract,S,definitional,True,,True,1,['verina_advanced_13__T2_helper_extract__0'],29,31.0,"{'code_has_def_level_termination': False, 'code_has_where': False, 'code_has_do': False, 'code_has_let_rec': True, 'code_self_recursive': False, 'code_aux_nonempty': False, 'n_if': 3, 'n_plus': 0}"
verina_advanced_13,advanced,T3_comm_swap,E,theorem_certified,False,no_commutative_operator_occurrence,False,0,[],29,,"{'code_has_def_level_termination': False, 'code_has_where': False, 'code_has_do': False, 'code_has_let_rec': True, 'code_self_recursive': False, 'code_aux_nonempty': False, 'n_if': 3, 'n_plus': 0}"
verina_advanced_13,advanced,T4_cond_invert,E,theorem_certified,False,no_tail_if_then_else,False,0,[],29,,"{'code_has_def_level_termination': False, 'code_has_where': False, 'code_has_do': False, 'code_has_let_rec': True, 'code_self_recursive': False, 'code_aux_nonempty': False, 'n_if': 3, 'n_plus': 0}"
verina_advanced_13,advanced,T5_branch_extract,S,definitional,False,no_tail_if_then_else,False,0,[],29,,"{'code_has_def_level_termination': False, 'code_has_where': False, 'code_has_do': False, 'code_has_let_rec': True, 'code_self_recursive': False, 'code_aux_nonempty': False, 'n_if': 3, 'n_plus': 0}"
verina_advanced_14,advanced,T1_let_intro,D,definitional,True,,True,1,['verina_advanced_14__T1_let_intro__0'],14,16.0,"{'code_has_def_level_termination': False, 'code_has_where': False, 'code_has_do': False, 'code_has_let_rec': True, 'code_self_recursive': False, 'code_aux_nonempty': False, 'n_if': 1, 'n_plus': 2}"
verina_advanced_14,advanced,T2_helper_extract,S,definitional,True,,True,1,['verina_advanced_14__T2_helper_extract__0'],14,16.0,"{'code_has_def_level_termination': False, 'code_has_where': False, 'code_has_do': False, 'code_has_let_rec': True, 'code_self_recursive': False, 'code_aux_nonempty': False, 'n_if': 1, 'n_plus': 2}"
verina_advanced_14,advanced,T3_comm_swap,E,theorem_certified,False,no_commutative_operator_occurrence,False,0,[],14,,"{'code_has_def_level_termination': False, 'code_has_where': False, 'code_has_do': False, 'code_has_let_rec': True, 'code_self_recursive': False, 'code_aux_nonempty': False, 'n_if': 1, 'n_plus': 2}"
verina_advanced_14,advanced,T4_cond_invert,E,theorem_certified,False,no_tail_if_then_else,False,0,[],14,,"{'code_has_def_level_termination': False, 'code_has_where': False, 'code_has_do': False, 'code_has_let_rec': True, 'code_self_recursive': False, 'code_aux_nonempty': False, 'n_if': 1, 'n_plus': 2}"
verina_advanced_14,advanced,T5_branch_extract,S,definitional,False,no_tail_if_then_else,False,0,[],14,,"{'code_has_def_level_termination': False, 'code_has_where': False, 'code_has_do': False, 'code_has_let_rec': True, 'code_self_recursive': False, 'code_aux_nonempty': False, 'n_if': 1, 'n_plus': 2}"
verina_advanced_15,advanced,T1_let_intro,D,definitional,True,,True,1,['verina_advanced_15__T1_let_intro__0'],17,19.0,"{'code_has_def_level_termination': False, 'code_has_where': False, 'code_has_do': False, 'code_has_let_rec': True, 'code_self_recursive': False, 'code_aux_nonempty': False, 'n_if': 3, 'n_plus': 0}"
verina_advanced_15,advanced,T2_helper_extract,S,definitional,True,,True,1,['verina_advanced_15__T2_helper_extract__0'],17,19.0,"{'code_has_def_level_termination': False, 'code_has_where': False, 'code_has_do': False, 'code_has_let_rec': True, 'code_self_recursive': False, 'code_aux_nonempty': False, 'n_if': 3, 'n_plus': 0}"
verina_advanced_15,advanced,T3_comm_swap,E,theorem_certified,False,no_commutative_operator_occurrence,False,0,[],17,,"{'code_has_def_level_termination': False, 'code_has_where': False, 'code_has_do': False, 'code_has_let_rec': True, 'code_self_recursive': False, 'code_aux_nonempty': False, 'n_if': 3, 'n_plus': 0}"
verina_advanced_15,advanced,T4_cond_invert,E,theorem_certified,True,,True,1,['verina_advanced_15__T4_cond_invert__0'],17,17.0,"{'code_has_def_level_termination': False, 'code_has_where': False, 'code_has_do': False, 'code_has_let_rec': True, 'code_self_recursive': False, 'code_aux_nonempty': False, 'n_if': 3, 'n_plus': 0}"
verina_advanced_15,advanced,T5_branch_extract,S,definitional,False,let_rec_in_branch,False,0,[],17,,"{'code_has_def_level_termination': False, 'code_has_where': False, 'code_has_do': False, 'code_has_let_rec': True, 'code_self_recursive': False, 'code_aux_nonempty': False, 'n_if': 3, 'n_plus': 0}"
verina_advanced_16,advanced,T1_let_intro,D,definitional,True,,True,1,['verina_advanced_16__T1_let_intro__0'],13,15.0,"{'code_has_def_level_termination': False, 'code_has_where': False, 'code_has_do': False, 'code_has_let_rec': True, 'code_self_recursive': False, 'code_aux_nonempty': False, 'n_if': 1, 'n_plus': 0}"
verina_advanced_16,advanced,T2_helper_extract,S,definitional,True,,True,1,['verina_advanced_16__T2_helper_extract__0'],13,15.0,"{'code_has_def_level_termination': False, 'code_has_where': False, 'code_has_do': False, 'code_has_let_rec': True, 'code_self_recursive': False, 'code_aux_nonempty': False, 'n_if': 1, 'n_plus': 0}"
verina_advanced_16,advanced,T3_comm_swap,E,theorem_certified,False,no_commutative_operator_occurrence,False,0,[],13,,"{'code_has_def_level_termination': False, 'code_has_where': False, 'code_has_do': False, 'code_has_let_rec': True, 'code_self_recursive': False, 'code_aux_nonempty': False, 'n_if': 1, 'n_plus': 0}"
verina_advanced_16,advanced,T4_cond_invert,E,theorem_certified,False,no_tail_if_then_else,False,0,[],13,,"{'code_has_def_level_termination': False, 'code_has_where': False, 'code_has_do': False, 'code_has_let_rec': True, 'code_self_recursive': False, 'code_aux_nonempty': False, 'n_if': 1, 'n_plus': 0}"
verina_advanced_16,advanced,T5_branch_extract,S,definitional,False,no_tail_if_then_else,False,0,[],13,,"{'code_has_def_level_termination': False, 'code_has_where': False, 'code_has_do': False, 'code_has_let_rec': True, 'code_self_recursive': False, 'code_aux_nonempty': False, 'n_if': 1, 'n_plus': 0}"
verina_advanced_17,advanced,T1_let_intro,D,definitional,True,,True,1,['verina_advanced_17__T1_let_intro__0'],2,4.0,"{'code_has_def_level_termination': False, 'code_has_where': False, 'code_has_do': False, 'code_has_let_rec': False, 'code_self_recursive': False, 'code_aux_nonempty': True, 'n_if': 0, 'n_plus': 0}"
verina_advanced_17,advanced,T2_helper_extract,S,definitional,True,,True,1,['verina_advanced_17__T2_helper_extract__0'],2,4.0,"{'code_has_def_level_termination': False, 'code_has_where': False, 'code_has_do': False, 'code_has_let_rec': False, 'code_self_recursive': False, 'code_aux_nonempty': True, 'n_if': 0, 'n_plus': 0}"
verina_advanced_17,advanced,T3_comm_swap,E,theorem_certified,False,no_commutative_operator_occurrence,False,0,[],2,,"{'code_has_def_level_termination': False, 'code_has_where': False, 'code_has_do': False, 'code_has_let_rec': False, 'code_self_recursive': False, 'code_aux_nonempty': True, 'n_if': 0, 'n_plus': 0}"
verina_advanced_17,advanced,T4_cond_invert,E,theorem_certified,False,no_tail_if_then_else,False,0,[],2,,"{'code_has_def_level_termination': False, 'code_has_where': False, 'code_has_do': False, 'code_has_let_rec': False, 'code_self_recursive': False, 'code_aux_nonempty': True, 'n_if': 0, 'n_plus': 0}"
verina_advanced_17,advanced,T5_branch_extract,S,definitional,False,no_tail_if_then_else,False,0,[],2,,"{'code_has_def_level_termination': False, 'code_has_where': False, 'code_has_do': False, 'code_has_let_rec': False, 'code_self_recursive': False, 'code_aux_nonempty': True, 'n_if': 0, 'n_plus': 0}"
verina_advanced_18,advanced,T1_let_intro,D,definitional,True,,True,1,['verina_advanced_18__T1_let_intro__0'],2,4.0,"{'code_has_def_level_termination': False, 'code_has_where': False, 'code_has_do': False, 'code_has_let_rec': False, 'code_self_recursive': False, 'code_aux_nonempty': True, 'n_if': 0, 'n_plus': 0}"
verina_advanced_18,advanced,T2_helper_extract,S,definitional,True,,True,1,['verina_advanced_18__T2_helper_extract__0'],2,4.0,"{'code_has_def_level_termination': False, 'code_has_where': False, 'code_has_do': False, 'code_has_let_rec': False, 'code_self_recursive': False, 'code_aux_nonempty': True, 'n_if': 0, 'n_plus': 0}"
verina_advanced_18,advanced,T3_comm_swap,E,theorem_certified,False,no_commutative_operator_occurrence,False,0,[],2,,"{'code_has_def_level_termination': False, 'code_has_where': False, 'code_has_do': False, 'code_has_let_rec': False, 'code_self_recursive': False, 'code_aux_nonempty': True, 'n_if': 0, 'n_plus': 0}"
verina_advanced_18,advanced,T4_cond_invert,E,theorem_certified,False,no_tail_if_then_else,False,0,[],2,,"{'code_has_def_level_termination': False, 'code_has_where': False, 'code_has_do': False, 'code_has_let_rec': False, 'code_self_recursive': False, 'code_aux_nonempty': True, 'n_if': 0, 'n_plus': 0}"
verina_advanced_18,advanced,T5_branch_extract,S,definitional,False,no_tail_if_then_else,False,0,[],2,,"{'code_has_def_level_termination': False, 'code_has_where': False, 'code_has_do': False, 'code_has_let_rec': False, 'code_self_recursive': False, 'code_aux_nonempty': True, 'n_if': 0, 'n_plus': 0}"
verina_advanced_19,advanced,T1_let_intro,D,definitional,True,,True,1,['verina_advanced_19__T1_let_intro__0'],2,4.0,"{'code_has_def_level_termination': False, 'code_has_where': False, 'code_has_do': False, 'code_has_let_rec': False, 'code_self_recursive': False, 'code_aux_nonempty': True, 'n_if': 0, 'n_plus': 0}"
verina_advanced_19,advanced,T2_helper_extract,S,definitional,True,,True,1,['verina_advanced_19__T2_helper_extract__0'],2,4.0,"{'code_has_def_level_termination': False, 'code_has_where': False, 'code_has_do': False, 'code_has_let_rec': False, 'code_self_recursive': False, 'code_aux_nonempty': True, 'n_if': 0, 'n_plus': 0}"
verina_advanced_19,advanced,T3_comm_swap,E,theorem_certified,False,no_commutative_operator_occurrence,False,0,[],2,,"{'code_has_def_level_termination': False, 'code_has_where': False, 'code_has_do': False, 'code_has_let_rec': False, 'code_self_recursive': False, 'code_aux_nonempty': True, 'n_if': 0, 'n_plus': 0}"
verina_advanced_19,advanced,T4_cond_invert,E,theorem_certified,False,no_tail_if_then_else,False,0,[],2,,"{'code_has_def_level_termination': False, 'code_has_where': False, 'code_has_do': False, 'code_has_let_rec': False, 'code_self_recursive': False, 'code_aux_nonempty': True, 'n_if': 0, 'n_plus': 0}"
verina_advanced_19,advanced,T5_branch_extract,S,definitional,False,no_tail_if_then_else,False,0,[],2,,"{'code_has_def_level_termination': False, 'code_has_where': False, 'code_has_do': False, 'code_has_let_rec': False, 'code_self_recursive': False, 'code_aux_nonempty': True, 'n_if': 0, 'n_plus': 0}"
verina_advanced_2,advanced,T1_let_intro,D,definitional,True,,True,1,['verina_advanced_2__T1_let_intro__0'],16,18.0,"{'code_has_def_level_termination': False, 'code_has_where': False, 'code_has_do': True, 'code_has_let_rec': False, 'code_self_recursive': False, 'code_aux_nonempty': True, 'n_if': 2, 'n_plus': 5}"
verina_advanced_2,advanced,T2_helper_extract,S,definitional,True,,True,1,['verina_advanced_2__T2_helper_extract__0'],16,18.0,"{'code_has_def_level_termination': False, 'code_has_where': False, 'code_has_do': True, 'code_has_let_rec': False, 'code_self_recursive': False, 'code_aux_nonempty': True, 'n_if': 2, 'n_plus': 5}"
verina_advanced_2,advanced,T3_comm_swap,E,theorem_certified,True,,True,3,"['verina_advanced_2__T3_comm_swap__0', 'verina_advanced_2__T3_comm_swap__1', 'verina_advanced_2__T3_comm_swap__2']",16,16.0,"{'code_has_def_level_termination': False, 'code_has_where': False, 'code_has_do': True, 'code_has_let_rec': False, 'code_self_recursive': False, 'code_aux_nonempty': True, 'n_if': 2, 'n_plus': 5}"
verina_advanced_2,advanced,T4_cond_invert,E,theorem_certified,False,do_block,False,0,[],16,,"{'code_has_def_level_termination': False, 'code_has_where': False, 'code_has_do': True, 'code_has_let_rec': False, 'code_self_recursive': False, 'code_aux_nonempty': True, 'n_if': 2, 'n_plus': 5}"
verina_advanced_2,advanced,T5_branch_extract,S,definitional,False,do_block,False,0,[],16,,"{'code_has_def_level_termination': False, 'code_has_where': False, 'code_has_do': True, 'code_has_let_rec': False, 'code_self_recursive': False, 'code_aux_nonempty': True, 'n_if': 2, 'n_plus': 5}"
verina_advanced_20,advanced,T1_let_intro,D,definitional,True,,True,1,['verina_advanced_20__T1_let_intro__0'],7,9.0,"{'code_has_def_level_termination': False, 'code_has_where': False, 'code_has_do': False, 'code_has_let_rec': True, 'code_self_recursive': False, 'code_aux_nonempty': False, 'n_if': 2, 'n_plus': 0}"
verina_advanced_20,advanced,T2_helper_extract,S,definitional,True,,True,1,['verina_advanced_20__T2_helper_extract__0'],7,9.0,"{'code_has_def_level_termination': False, 'code_has_where': False, 'code_has_do': False, 'code_has_let_rec': True, 'code_self_recursive': False, 'code_aux_nonempty': False, 'n_if': 2, 'n_plus': 0}"
verina_advanced_20,advanced,T3_comm_swap,E,theorem_certified,False,no_commutative_operator_occurrence,False,0,[],7,,"{'code_has_def_level_termination': False, 'code_has_where': False, 'code_has_do': False, 'code_has_let_rec': True, 'code_self_recursive': False, 'code_aux_nonempty': False, 'n_if': 2, 'n_plus': 0}"
verina_advanced_20,advanced,T4_cond_invert,E,theorem_certified,False,no_tail_if_then_else,False,0,[],7,,"{'code_has_def_level_termination': False, 'code_has_where': False, 'code_has_do': False, 'code_has_let_rec': True, 'code_self_recursive': False, 'code_aux_nonempty': False, 'n_if': 2, 'n_plus': 0}"
verina_advanced_20,advanced,T5_branch_extract,S,definitional,False,no_tail_if_then_else,False,0,[],7,,"{'code_has_def_level_termination': False, 'code_has_where': False, 'code_has_do': False, 'code_has_let_rec': True, 'code_self_recursive': False, 'code_aux_nonempty': False, 'n_if': 2, 'n_plus': 0}"
verina_advanced_21,advanced,T1_let_intro,D,definitional,True,,True,1,['verina_advanced_21__T1_let_intro__0'],24,26.0,"{'code_has_def_level_termination': False, 'code_has_where': False, 'code_has_do': False, 'code_has_let_rec': True, 'code_self_recursive': False, 'code_aux_nonempty': False, 'n_if': 3, 'n_plus': 1}"
verina_advanced_21,advanced,T2_helper_extract,S,definitional,True,,True,1,['verina_advanced_21__T2_helper_extract__0'],24,26.0,"{'code_has_def_level_termination': False, 'code_has_where': False, 'code_has_do': False, 'code_has_let_rec': True, 'code_self_recursive': False, 'code_aux_nonempty': False, 'n_if': 3, 'n_plus': 1}"
verina_advanced_21,advanced,T3_comm_swap,E,theorem_certified,True,,True,2,"['verina_advanced_21__T3_comm_swap__0', 'verina_advanced_21__T3_comm_swap__1']",24,24.0,"{'code_has_def_level_termination': False, 'code_has_where': False, 'code_has_do': False, 'code_has_let_rec': True, 'code_self_recursive': False, 'code_aux_nonempty': False, 'n_if': 3, 'n_plus': 1}"
verina_advanced_21,advanced,T4_cond_invert,E,theorem_certified,True,,True,1,['verina_advanced_21__T4_cond_invert__0'],24,24.0,"{'code_has_def_level_termination': False, 'code_has_where': False, 'code_has_do': False, 'code_has_let_rec': True, 'code_self_recursive': False, 'code_aux_nonempty': False, 'n_if': 3, 'n_plus': 1}"
verina_advanced_21,advanced,T5_branch_extract,S,definitional,False,bindings_before_tail_if,False,0,[],24,,"{'code_has_def_level_termination': False, 'code_has_where': False, 'code_has_do': False, 'code_has_let_rec': True, 'code_self_recursive': False, 'code_aux_nonempty': False, 'n_if': 3, 'n_plus': 1}"
verina_advanced_22,advanced,T1_let_intro,D,definitional,True,,True,1,['verina_advanced_22__T1_let_intro__0'],12,14.0,"{'code_has_def_level_termination': False, 'code_has_where': False, 'code_has_do': False, 'code_has_let_rec': True, 'code_self_recursive': False, 'code_aux_nonempty': False, 'n_if': 4, 'n_plus': 0}"
verina_advanced_22,advanced,T2_helper_extract,S,definitional,True,,True,1,['verina_advanced_22__T2_helper_extract__0'],12,14.0,"{'code_has_def_level_termination': False, 'code_has_where': False, 'code_has_do': False, 'code_has_let_rec': True, 'code_self_recursive': False, 'code_aux_nonempty': False, 'n_if': 4, 'n_plus': 0}"
verina_advanced_22,advanced,T3_comm_swap,E,theorem_certified,True,,True,1,['verina_advanced_22__T3_comm_swap__0'],12,12.0,"{'code_has_def_level_termination': False, 'code_has_where': False, 'code_has_do': False, 'code_has_let_rec': True, 'code_self_recursive': False, 'code_aux_nonempty': False, 'n_if': 4, 'n_plus': 0}"
verina_advanced_22,advanced,T4_cond_invert,E,theorem_certified,False,no_tail_if_then_else,False,0,[],12,,"{'code_has_def_level_termination': False, 'code_has_where': False, 'code_has_do': False, 'code_has_let_rec': True, 'code_self_recursive': False, 'code_aux_nonempty': False, 'n_if': 4, 'n_plus': 0}"
verina_advanced_22,advanced,T5_branch_extract,S,definitional,False,no_tail_if_then_else,False,0,[],12,,"{'code_has_def_level_termination': False, 'code_has_where': False, 'code_has_do': False, 'code_has_let_rec': True, 'code_self_recursive': False, 'code_aux_nonempty': False, 'n_if': 4, 'n_plus': 0}"
verina_advanced_23,advanced,T1_let_intro,D,definitional,True,,True,1,['verina_advanced_23__T1_let_intro__0'],8,10.0,"{'code_has_def_level_termination': False, 'code_has_where': False, 'code_has_do': False, 'code_has_let_rec': True, 'code_self_recursive': False, 'code_aux_nonempty': False, 'n_if': 4, 'n_plus': 0}"
verina_advanced_23,advanced,T2_helper_extract,S,definitional,True,,True,1,['verina_advanced_23__T2_helper_extract__0'],8,10.0,"{'code_has_def_level_termination': False, 'code_has_where': False, 'code_has_do': False, 'code_has_let_rec': True, 'code_self_recursive': False, 'code_aux_nonempty': False, 'n_if': 4, 'n_plus': 0}"
verina_advanced_23,advanced,T3_comm_swap,E,theorem_certified,False,no_commutative_operator_occurrence,False,0,[],8,,"{'code_has_def_level_termination': False, 'code_has_where': False, 'code_has_do': False, 'code_has_let_rec': True, 'code_self_recursive': False, 'code_aux_nonempty': False, 'n_if': 4, 'n_plus': 0}"
verina_advanced_23,advanced,T4_cond_invert,E,theorem_certified,True,,True,1,['verina_advanced_23__T4_cond_invert__0'],8,8.0,"{'code_has_def_level_termination': False, 'code_has_where': False, 'code_has_do': False, 'code_has_let_rec': True, 'code_self_recursive': False, 'code_aux_nonempty': False, 'n_if': 4, 'n_plus': 0}"
verina_advanced_23,advanced,T5_branch_extract,S,definitional,False,let_rec_in_branch,False,0,[],8,,"{'code_has_def_level_termination': False, 'code_has_where': False, 'code_has_do': False, 'code_has_let_rec': True, 'code_self_recursive': False, 'code_aux_nonempty': False, 'n_if': 4, 'n_plus': 0}"
verina_advanced_24,advanced,T1_let_intro,D,definitional,True,,True,1,['verina_advanced_24__T1_let_intro__0'],8,10.0,"{'code_has_def_level_termination': False, 'code_has_where': False, 'code_has_do': False, 'code_has_let_rec': True, 'code_self_recursive': False, 'code_aux_nonempty': False, 'n_if': 1, 'n_plus': 0}"
verina_advanced_24,advanced,T2_helper_extract,S,definitional,True,,True,1,['verina_advanced_24__T2_helper_extract__0'],8,10.0,"{'code_has_def_level_termination': False, 'code_has_where': False, 'code_has_do': False, 'code_has_let_rec': True, 'code_self_recursive': False, 'code_aux_nonempty': False, 'n_if': 1, 'n_plus': 0}"
verina_advanced_24,advanced,T3_comm_swap,E,theorem_certified,False,no_commutative_operator_occurrence,False,0,[],8,,"{'code_has_def_level_termination': False, 'code_has_where': False, 'code_has_do': False, 'code_has_let_rec': True, 'code_self_recursive': False, 'code_aux_nonempty': False, 'n_if': 1, 'n_plus': 0}"
verina_advanced_24,advanced,T4_cond_invert,E,theorem_certified,False,no_tail_if_then_else,False,0,[],8,,"{'code_has_def_level_termination': False, 'code_has_where': False, 'code_has_do': False, 'code_has_let_rec': True, 'code_self_recursive': False, 'code_aux_nonempty': False, 'n_if': 1, 'n_plus': 0}"
verina_advanced_24,advanced,T5_branch_extract,S,definitional,False,no_tail_if_then_else,False,0,[],8,,"{'code_has_def_level_termination': False, 'code_has_where': False, 'code_has_do': False, 'code_has_let_rec': True, 'code_self_recursive': False, 'code_aux_nonempty': False, 'n_if': 1, 'n_plus': 0}"
verina_advanced_25,advanced,T1_let_intro,D,definitional,True,,True,1,['verina_advanced_25__T1_let_intro__0'],10,12.0,"{'code_has_def_level_termination': False, 'code_has_where': False, 'code_has_do': True, 'code_has_let_rec': False, 'code_self_recursive': False, 'code_aux_nonempty': True, 'n_if': 2, 'n_plus': 2}"
verina_advanced_25,advanced,T2_helper_extract,S,definitional,True,,True,1,['verina_advanced_25__T2_helper_extract__0'],10,12.0,"{'code_has_def_level_termination': False, 'code_has_where': False, 'code_has_do': True, 'code_has_let_rec': False, 'code_self_recursive': False, 'code_aux_nonempty': True, 'n_if': 2, 'n_plus': 2}"
verina_advanced_25,advanced,T3_comm_swap,E,theorem_certified,True,,True,1,['verina_advanced_25__T3_comm_swap__0'],10,10.0,"{'code_has_def_level_termination': False, 'code_has_where': False, 'code_has_do': True, 'code_has_let_rec': False, 'code_self_recursive': False, 'code_aux_nonempty': True, 'n_if': 2, 'n_plus': 2}"
verina_advanced_25,advanced,T4_cond_invert,E,theorem_certified,False,do_block,False,0,[],10,,"{'code_has_def_level_termination': False, 'code_has_where': False, 'code_has_do': True, 'code_has_let_rec': False, 'code_self_recursive': False, 'code_aux_nonempty': True, 'n_if': 2, 'n_plus': 2}"
verina_advanced_25,advanced,T5_branch_extract,S,definitional,False,do_block,False,0,[],10,,"{'code_has_def_level_termination': False, 'code_has_where': False, 'code_has_do': True, 'code_has_let_rec': False, 'code_self_recursive': False, 'code_aux_nonempty': True, 'n_if': 2, 'n_plus': 2}"
verina_advanced_26,advanced,T1_let_intro,D,definitional,False,where_clause,False,0,[],12,,"{'code_has_def_level_termination': False, 'code_has_where': True, 'code_has_do': False, 'code_has_let_rec': False, 'code_self_recursive': False, 'code_aux_nonempty': False, 'n_if': 2, 'n_plus': 0}"
verina_advanced_26,advanced,T2_helper_extract,S,definitional,False,where_clause,False,0,[],12,,"{'code_has_def_level_termination': False, 'code_has_where': True, 'code_has_do': False, 'code_has_let_rec': False, 'code_self_recursive': False, 'code_aux_nonempty': False, 'n_if': 2, 'n_plus': 0}"
verina_advanced_26,advanced,T3_comm_swap,E,theorem_certified,False,no_commutative_operator_occurrence,False,0,[],12,,"{'code_has_def_level_termination': False, 'code_has_where': True, 'code_has_do': False, 'code_has_let_rec': False, 'code_self_recursive': False, 'code_aux_nonempty': False, 'n_if': 2, 'n_plus': 0}"
verina_advanced_26,advanced,T4_cond_invert,E,theorem_certified,False,where_clause,False,0,[],12,,"{'code_has_def_level_termination': False, 'code_has_where': True, 'code_has_do': False, 'code_has_let_rec': False, 'code_self_recursive': False, 'code_aux_nonempty': False, 'n_if': 2, 'n_plus': 0}"
verina_advanced_26,advanced,T5_branch_extract,S,definitional,False,where_clause,False,0,[],12,,"{'code_has_def_level_termination': False, 'code_has_where': True, 'code_has_do': False, 'code_has_let_rec': False, 'code_self_recursive': False, 'code_aux_nonempty': False, 'n_if': 2, 'n_plus': 0}"
verina_advanced_27,advanced,T1_let_intro,D,definitional,True,,True,1,['verina_advanced_27__T1_let_intro__0'],4,6.0,"{'code_has_def_level_termination': False, 'code_has_where': False, 'code_has_do': False, 'code_has_let_rec': False, 'code_self_recursive': False, 'code_aux_nonempty': True, 'n_if': 0, 'n_plus': 0}"
verina_advanced_27,advanced,T2_helper_extract,S,definitional,True,,True,1,['verina_advanced_27__T2_helper_extract__0'],4,6.0,"{'code_has_def_level_termination': False, 'code_has_where': False, 'code_has_do': False, 'code_has_let_rec': False, 'code_self_recursive': False, 'code_aux_nonempty': True, 'n_if': 0, 'n_plus': 0}"
verina_advanced_27,advanced,T3_comm_swap,E,theorem_certified,False,no_commutative_operator_occurrence,False,0,[],4,,"{'code_has_def_level_termination': False, 'code_has_where': False, 'code_has_do': False, 'code_has_let_rec': False, 'code_self_recursive': False, 'code_aux_nonempty': True, 'n_if': 0, 'n_plus': 0}"
verina_advanced_27,advanced,T4_cond_invert,E,theorem_certified,False,no_tail_if_then_else,False,0,[],4,,"{'code_has_def_level_termination': False, 'code_has_where': False, 'code_has_do': False, 'code_has_let_rec': False, 'code_self_recursive': False, 'code_aux_nonempty': True, 'n_if': 0, 'n_plus': 0}"
verina_advanced_27,advanced,T5_branch_extract,S,definitional,False,no_tail_if_then_else,False,0,[],4,,"{'code_has_def_level_termination': False, 'code_has_where': False, 'code_has_do': False, 'code_has_let_rec': False, 'code_self_recursive': False, 'code_aux_nonempty': True, 'n_if': 0, 'n_plus': 0}"
verina_advanced_28,advanced,T1_let_intro,D,definitional,True,,True,1,['verina_advanced_28__T1_let_intro__0'],17,19.0,"{'code_has_def_level_termination': False, 'code_has_where': False, 'code_has_do': True, 'code_has_let_rec': False, 'code_self_recursive': False, 'code_aux_nonempty': False, 'n_if': 2, 'n_plus': 3}"
verina_advanced_28,advanced,T2_helper_extract,S,definitional,True,,True,1,['verina_advanced_28__T2_helper_extract__0'],17,19.0,"{'code_has_def_level_termination': False, 'code_has_where': False, 'code_has_do': True, 'code_has_let_rec': False, 'code_self_recursive': False, 'code_aux_nonempty': False, 'n_if': 2, 'n_plus': 3}"
verina_advanced_28,advanced,T3_comm_swap,E,theorem_certified,True,,True,3,"['verina_advanced_28__T3_comm_swap__0', 'verina_advanced_28__T3_comm_swap__1', 'verina_advanced_28__T3_comm_swap__2']",17,17.0,"{'code_has_def_level_termination': False, 'code_has_where': False, 'code_has_do': True, 'code_has_let_rec': False, 'code_self_recursive': False, 'code_aux_nonempty': False, 'n_if': 2, 'n_plus': 3}"
verina_advanced_28,advanced,T4_cond_invert,E,theorem_certified,False,do_block,False,0,[],17,,"{'code_has_def_level_termination': False, 'code_has_where': False, 'code_has_do': True, 'code_has_let_rec': False, 'code_self_recursive': False, 'code_aux_nonempty': False, 'n_if': 2, 'n_plus': 3}"
verina_advanced_28,advanced,T5_branch_extract,S,definitional,False,do_block,False,0,[],17,,"{'code_has_def_level_termination': False, 'code_has_where': False, 'code_has_do': True, 'code_has_let_rec': False, 'code_self_recursive': False, 'code_aux_nonempty': False, 'n_if': 2, 'n_plus': 3}"
verina_advanced_29,advanced,T1_let_intro,D,definitional,True,,True,1,['verina_advanced_29__T1_let_intro__0'],22,24.0,"{'code_has_def_level_termination': False, 'code_has_where': False, 'code_has_do': True, 'code_has_let_rec': False, 'code_self_recursive': False, 'code_aux_nonempty': False, 'n_if': 2, 'n_plus': 3}"
verina_advanced_29,advanced,T2_helper_extract,S,definitional,True,,True,1,['verina_advanced_29__T2_helper_extract__0'],22,24.0,"{'code_has_def_level_termination': False, 'code_has_where': False, 'code_has_do': True, 'code_has_let_rec': False, 'code_self_recursive': False, 'code_aux_nonempty': False, 'n_if': 2, 'n_plus': 3}"
verina_advanced_29,advanced,T3_comm_swap,E,theorem_certified,True,,True,2,"['verina_advanced_29__T3_comm_swap__0', 'verina_advanced_29__T3_comm_swap__1']",22,22.0,"{'code_has_def_level_termination': False, 'code_has_where': False, 'code_has_do': True, 'code_has_let_rec': False, 'code_self_recursive': False, 'code_aux_nonempty': False, 'n_if': 2, 'n_plus': 3}"
verina_advanced_29,advanced,T4_cond_invert,E,theorem_certified,False,do_block,False,0,[],22,,"{'code_has_def_level_termination': False, 'code_has_where': False, 'code_has_do': True, 'code_has_let_rec': False, 'code_self_recursive': False, 'code_aux_nonempty': False, 'n_if': 2, 'n_plus': 3}"
verina_advanced_29,advanced,T5_branch_extract,S,definitional,False,do_block,False,0,[],22,,"{'code_has_def_level_termination': False, 'code_has_where': False, 'code_has_do': True, 'code_has_let_rec': False, 'code_self_recursive': False, 'code_aux_nonempty': False, 'n_if': 2, 'n_plus': 3}"
verina_advanced_3,advanced,T1_let_intro,D,definitional,True,,True,1,['verina_advanced_3__T1_let_intro__0'],16,18.0,"{'code_has_def_level_termination': False, 'code_has_where': False, 'code_has_do': True, 'code_has_let_rec': False, 'code_self_recursive': False, 'code_aux_nonempty': True, 'n_if': 2, 'n_plus': 5}"
verina_advanced_3,advanced,T2_helper_extract,S,definitional,True,,True,1,['verina_advanced_3__T2_helper_extract__0'],16,18.0,"{'code_has_def_level_termination': False, 'code_has_where': False, 'code_has_do': True, 'code_has_let_rec': False, 'code_self_recursive': False, 'code_aux_nonempty': True, 'n_if': 2, 'n_plus': 5}"
verina_advanced_3,advanced,T3_comm_swap,E,theorem_certified,True,,True,3,"['verina_advanced_3__T3_comm_swap__0', 'verina_advanced_3__T3_comm_swap__1', 'verina_advanced_3__T3_comm_swap__2']",16,16.0,"{'code_has_def_level_termination': False, 'code_has_where': False, 'code_has_do': True, 'code_has_let_rec': False, 'code_self_recursive': False, 'code_aux_nonempty': True, 'n_if': 2, 'n_plus': 5}"
verina_advanced_3,advanced,T4_cond_invert,E,theorem_certified,False,do_block,False,0,[],16,,"{'code_has_def_level_termination': False, 'code_has_where': False, 'code_has_do': True, 'code_has_let_rec': False, 'code_self_recursive': False, 'code_aux_nonempty': True, 'n_if': 2, 'n_plus': 5}"
verina_advanced_3,advanced,T5_branch_extract,S,definitional,False,do_block,False,0,[],16,,"{'code_has_def_level_termination': False, 'code_has_where': False, 'code_has_do': True, 'code_has_let_rec': False, 'code_self_recursive': False, 'code_aux_nonempty': True, 'n_if': 2, 'n_plus': 5}"
verina_advanced_30,advanced,T1_let_intro,D,definitional,True,,True,1,['verina_advanced_30__T1_let_intro__0'],10,12.0,"{'code_has_def_level_termination': False, 'code_has_where': False, 'code_has_do': False, 'code_has_let_rec': True, 'code_self_recursive': False, 'code_aux_nonempty': False, 'n_if': 1, 'n_plus': 2}"
verina_advanced_30,advanced,T2_helper_extract,S,definitional,True,,True,1,['verina_advanced_30__T2_helper_extract__0'],10,12.0,"{'code_has_def_level_termination': False, 'code_has_where': False, 'code_has_do': False, 'code_has_let_rec': True, 'code_self_recursive': False, 'code_aux_nonempty': False, 'n_if': 1, 'n_plus': 2}"
verina_advanced_30,advanced,T3_comm_swap,E,theorem_certified,True,,True,2,"['verina_advanced_30__T3_comm_swap__0', 'verina_advanced_30__T3_comm_swap__1']",10,10.0,"{'code_has_def_level_termination': False, 'code_has_where': False, 'code_has_do': False, 'code_has_let_rec': True, 'code_self_recursive': False, 'code_aux_nonempty': False, 'n_if': 1, 'n_plus': 2}"
verina_advanced_30,advanced,T4_cond_invert,E,theorem_certified,False,no_tail_if_then_else,False,0,[],10,,"{'code_has_def_level_termination': False, 'code_has_where': False, 'code_has_do': False, 'code_has_let_rec': True, 'code_self_recursive': False, 'code_aux_nonempty': False, 'n_if': 1, 'n_plus': 2}"
verina_advanced_30,advanced,T5_branch_extract,S,definitional,False,no_tail_if_then_else,False,0,[],10,,"{'code_has_def_level_termination': False, 'code_has_where': False, 'code_has_do': False, 'code_has_let_rec': True, 'code_self_recursive': False, 'code_aux_nonempty': False, 'n_if': 1, 'n_plus': 2}"
verina_advanced_31,advanced,T1_let_intro,D,definitional,True,,True,1,['verina_advanced_31__T1_let_intro__0'],3,5.0,"{'code_has_def_level_termination': False, 'code_has_where': False, 'code_has_do': False, 'code_has_let_rec': False, 'code_self_recursive': False, 'code_aux_nonempty': True, 'n_if': 0, 'n_plus': 0}"
verina_advanced_31,advanced,T2_helper_extract,S,definitional,True,,True,1,['verina_advanced_31__T2_helper_extract__0'],3,5.0,"{'code_has_def_level_termination': False, 'code_has_where': False, 'code_has_do': False, 'code_has_let_rec': False, 'code_self_recursive': False, 'code_aux_nonempty': True, 'n_if': 0, 'n_plus': 0}"
verina_advanced_31,advanced,T3_comm_swap,E,theorem_certified,False,no_commutative_operator_occurrence,False,0,[],3,,"{'code_has_def_level_termination': False, 'code_has_where': False, 'code_has_do': False, 'code_has_let_rec': False, 'code_self_recursive': False, 'code_aux_nonempty': True, 'n_if': 0, 'n_plus': 0}"
verina_advanced_31,advanced,T4_cond_invert,E,theorem_certified,False,no_tail_if_then_else,False,0,[],3,,"{'code_has_def_level_termination': False, 'code_has_where': False, 'code_has_do': False, 'code_has_let_rec': False, 'code_self_recursive': False, 'code_aux_nonempty': True, 'n_if': 0, 'n_plus': 0}"
verina_advanced_31,advanced,T5_branch_extract,S,definitional,False,no_tail_if_then_else,False,0,[],3,,"{'code_has_def_level_termination': False, 'code_has_where': False, 'code_has_do': False, 'code_has_let_rec': False, 'code_self_recursive': False, 'code_aux_nonempty': True, 'n_if': 0, 'n_plus': 0}"
verina_advanced_32,advanced,T1_let_intro,D,definitional,True,,True,1,['verina_advanced_32__T1_let_intro__0'],24,26.0,"{'code_has_def_level_termination': False, 'code_has_where': False, 'code_has_do': False, 'code_has_let_rec': True, 'code_self_recursive': False, 'code_aux_nonempty': False, 'n_if': 2, 'n_plus': 2}"
verina_advanced_32,advanced,T2_helper_extract,S,definitional,True,,True,1,['verina_advanced_32__T2_helper_extract__0'],24,26.0,"{'code_has_def_level_termination': False, 'code_has_where': False, 'code_has_do': False, 'code_has_let_rec': True, 'code_self_recursive': False, 'code_aux_nonempty': False, 'n_if': 2, 'n_plus': 2}"
verina_advanced_32,advanced,T3_comm_swap,E,theorem_certified,True,,True,2,"['verina_advanced_32__T3_comm_swap__0', 'verina_advanced_32__T3_comm_swap__1']",24,24.0,"{'code_has_def_level_termination': False, 'code_has_where': False, 'code_has_do': False, 'code_has_let_rec': True, 'code_self_recursive': False, 'code_aux_nonempty': False, 'n_if': 2, 'n_plus': 2}"
verina_advanced_32,advanced,T4_cond_invert,E,theorem_certified,False,no_tail_if_then_else,False,0,[],24,,"{'code_has_def_level_termination': False, 'code_has_where': False, 'code_has_do': False, 'code_has_let_rec': True, 'code_self_recursive': False, 'code_aux_nonempty': False, 'n_if': 2, 'n_plus': 2}"
verina_advanced_32,advanced,T5_branch_extract,S,definitional,False,no_tail_if_then_else,False,0,[],24,,"{'code_has_def_level_termination': False, 'code_has_where': False, 'code_has_do': False, 'code_has_let_rec': True, 'code_self_recursive': False, 'code_aux_nonempty': False, 'n_if': 2, 'n_plus': 2}"
verina_advanced_33,advanced,T1_let_intro,D,definitional,True,,True,1,['verina_advanced_33__T1_let_intro__0'],19,21.0,"{'code_has_def_level_termination': False, 'code_has_where': False, 'code_has_do': False, 'code_has_let_rec': True, 'code_self_recursive': False, 'code_aux_nonempty': False, 'n_if': 4, 'n_plus': 2}"
verina_advanced_33,advanced,T2_helper_extract,S,definitional,True,,True,1,['verina_advanced_33__T2_helper_extract__0'],19,21.0,"{'code_has_def_level_termination': False, 'code_has_where': False, 'code_has_do': False, 'code_has_let_rec': True, 'code_self_recursive': False, 'code_aux_nonempty': False, 'n_if': 4, 'n_plus': 2}"
verina_advanced_33,advanced,T3_comm_swap,E,theorem_certified,False,no_commutative_operator_occurrence,False,0,[],19,,"{'code_has_def_level_termination': False, 'code_has_where': False, 'code_has_do': False, 'code_has_let_rec': True, 'code_self_recursive': False, 'code_aux_nonempty': False, 'n_if': 4, 'n_plus': 2}"
verina_advanced_33,advanced,T4_cond_invert,E,theorem_certified,False,no_tail_if_then_else,False,0,[],19,,"{'code_has_def_level_termination': False, 'code_has_where': False, 'code_has_do': False, 'code_has_let_rec': True, 'code_self_recursive': False, 'code_aux_nonempty': False, 'n_if': 4, 'n_plus': 2}"
verina_advanced_33,advanced,T5_branch_extract,S,definitional,False,no_tail_if_then_else,False,0,[],19,,"{'code_has_def_level_termination': False, 'code_has_where': False, 'code_has_do': False, 'code_has_let_rec': True, 'code_self_recursive': False, 'code_aux_nonempty': False, 'n_if': 4, 'n_plus': 2}"
verina_advanced_34,advanced,T1_let_intro,D,definitional,True,,True,1,['verina_advanced_34__T1_let_intro__0'],11,13.0,"{'code_has_def_level_termination': False, 'code_has_where': False, 'code_has_do': True, 'code_has_let_rec': False, 'code_self_recursive': False, 'code_aux_nonempty': True, 'n_if': 2, 'n_plus': 0}"
verina_advanced_34,advanced,T2_helper_extract,S,definitional,True,,True,1,['verina_advanced_34__T2_helper_extract__0'],11,13.0,"{'code_has_def_level_termination': False, 'code_has_where': False, 'code_has_do': True, 'code_has_let_rec': False, 'code_self_recursive': False, 'code_aux_nonempty': True, 'n_if': 2, 'n_plus': 0}"
verina_advanced_34,advanced,T3_comm_swap,E,theorem_certified,False,no_commutative_operator_occurrence,False,0,[],11,,"{'code_has_def_level_termination': False, 'code_has_where': False, 'code_has_do': True, 'code_has_let_rec': False, 'code_self_recursive': False, 'code_aux_nonempty': True, 'n_if': 2, 'n_plus': 0}"
verina_advanced_34,advanced,T4_cond_invert,E,theorem_certified,False,do_block,False,0,[],11,,"{'code_has_def_level_termination': False, 'code_has_where': False, 'code_has_do': True, 'code_has_let_rec': False, 'code_self_recursive': False, 'code_aux_nonempty': True, 'n_if': 2, 'n_plus': 0}"
verina_advanced_34,advanced,T5_branch_extract,S,definitional,False,do_block,False,0,[],11,,"{'code_has_def_level_termination': False, 'code_has_where': False, 'code_has_do': True, 'code_has_let_rec': False, 'code_self_recursive': False, 'code_aux_nonempty': True, 'n_if': 2, 'n_plus': 0}"
verina_advanced_35,advanced,T1_let_intro,D,definitional,True,,True,1,['verina_advanced_35__T1_let_intro__0'],9,11.0,"{'code_has_def_level_termination': False, 'code_has_where': False, 'code_has_do': True, 'code_has_let_rec': False, 'code_self_recursive': False, 'code_aux_nonempty': False, 'n_if': 0, 'n_plus': 1}"
verina_advanced_35,advanced,T2_helper_extract,S,definitional,True,,True,1,['verina_advanced_35__T2_helper_extract__0'],9,11.0,"{'code_has_def_level_termination': False, 'code_has_where': False, 'code_has_do': True, 'code_has_let_rec': False, 'code_self_recursive': False, 'code_aux_nonempty': False, 'n_if': 0, 'n_plus': 1}"
verina_advanced_35,advanced,T3_comm_swap,E,theorem_certified,True,,True,1,['verina_advanced_35__T3_comm_swap__0'],9,9.0,"{'code_has_def_level_termination': False, 'code_has_where': False, 'code_has_do': True, 'code_has_let_rec': False, 'code_self_recursive': False, 'code_aux_nonempty': False, 'n_if': 0, 'n_plus': 1}"
verina_advanced_35,advanced,T4_cond_invert,E,theorem_certified,False,do_block,False,0,[],9,,"{'code_has_def_level_termination': False, 'code_has_where': False, 'code_has_do': True, 'code_has_let_rec': False, 'code_self_recursive': False, 'code_aux_nonempty': False, 'n_if': 0, 'n_plus': 1}"
verina_advanced_35,advanced,T5_branch_extract,S,definitional,False,do_block,False,0,[],9,,"{'code_has_def_level_termination': False, 'code_has_where': False, 'code_has_do': True, 'code_has_let_rec': False, 'code_self_recursive': False, 'code_aux_nonempty': False, 'n_if': 0, 'n_plus': 1}"
verina_advanced_36,advanced,T1_let_intro,D,definitional,True,,True,1,['verina_advanced_36__T1_let_intro__0'],25,27.0,"{'code_has_def_level_termination': False, 'code_has_where': False, 'code_has_do': False, 'code_has_let_rec': True, 'code_self_recursive': False, 'code_aux_nonempty': False, 'n_if': 3, 'n_plus': 2}"
verina_advanced_36,advanced,T2_helper_extract,S,definitional,True,,True,1,['verina_advanced_36__T2_helper_extract__0'],25,27.0,"{'code_has_def_level_termination': False, 'code_has_where': False, 'code_has_do': False, 'code_has_let_rec': True, 'code_self_recursive': False, 'code_aux_nonempty': False, 'n_if': 3, 'n_plus': 2}"
verina_advanced_36,advanced,T3_comm_swap,E,theorem_certified,True,,True,1,['verina_advanced_36__T3_comm_swap__0'],25,25.0,"{'code_has_def_level_termination': False, 'code_has_where': False, 'code_has_do': False, 'code_has_let_rec': True, 'code_self_recursive': False, 'code_aux_nonempty': False, 'n_if': 3, 'n_plus': 2}"
verina_advanced_36,advanced,T4_cond_invert,E,theorem_certified,False,no_tail_if_then_else,False,0,[],25,,"{'code_has_def_level_termination': False, 'code_has_where': False, 'code_has_do': False, 'code_has_let_rec': True, 'code_self_recursive': False, 'code_aux_nonempty': False, 'n_if': 3, 'n_plus': 2}"
verina_advanced_36,advanced,T5_branch_extract,S,definitional,False,no_tail_if_then_else,False,0,[],25,,"{'code_has_def_level_termination': False, 'code_has_where': False, 'code_has_do': False, 'code_has_let_rec': True, 'code_self_recursive': False, 'code_aux_nonempty': False, 'n_if': 3, 'n_plus': 2}"
verina_advanced_37,advanced,T1_let_intro,D,definitional,True,,True,1,['verina_advanced_37__T1_let_intro__0'],23,25.0,"{'code_has_def_level_termination': False, 'code_has_where': False, 'code_has_do': False, 'code_has_let_rec': True, 'code_self_recursive': False, 'code_aux_nonempty': False, 'n_if': 1, 'n_plus': 0}"
verina_advanced_37,advanced,T2_helper_extract,S,definitional,True,,True,1,['verina_advanced_37__T2_helper_extract__0'],23,25.0,"{'code_has_def_level_termination': False, 'code_has_where': False, 'code_has_do': False, 'code_has_let_rec': True, 'code_self_recursive': False, 'code_aux_nonempty': False, 'n_if': 1, 'n_plus': 0}"
verina_advanced_37,advanced,T3_comm_swap,E,theorem_certified,False,no_commutative_operator_occurrence,False,0,[],23,,"{'code_has_def_level_termination': False, 'code_has_where': False, 'code_has_do': False, 'code_has_let_rec': True, 'code_self_recursive': False, 'code_aux_nonempty': False, 'n_if': 1, 'n_plus': 0}"
verina_advanced_37,advanced,T4_cond_invert,E,theorem_certified,False,no_tail_if_then_else,False,0,[],23,,"{'code_has_def_level_termination': False, 'code_has_where': False, 'code_has_do': False, 'code_has_let_rec': True, 'code_self_recursive': False, 'code_aux_nonempty': False, 'n_if': 1, 'n_plus': 0}"
verina_advanced_37,advanced,T5_branch_extract,S,definitional,False,no_tail_if_then_else,False,0,[],23,,"{'code_has_def_level_termination': False, 'code_has_where': False, 'code_has_do': False, 'code_has_let_rec': True, 'code_self_recursive': False, 'code_aux_nonempty': False, 'n_if': 1, 'n_plus': 0}"
verina_advanced_38,advanced,T1_let_intro,D,definitional,True,,True,1,['verina_advanced_38__T1_let_intro__0'],14,16.0,"{'code_has_def_level_termination': False, 'code_has_where': False, 'code_has_do': False, 'code_has_let_rec': False, 'code_self_recursive': False, 'code_aux_nonempty': False, 'n_if': 2, 'n_plus': 1}"
verina_advanced_38,advanced,T2_helper_extract,S,definitional,True,,True,1,['verina_advanced_38__T2_helper_extract__0'],14,16.0,"{'code_has_def_level_termination': False, 'code_has_where': False, 'code_has_do': False, 'code_has_let_rec': False, 'code_self_recursive': False, 'code_aux_nonempty': False, 'n_if': 2, 'n_plus': 1}"
verina_advanced_38,advanced,T3_comm_swap,E,theorem_certified,True,,True,1,['verina_advanced_38__T3_comm_swap__0'],14,14.0,"{'code_has_def_level_termination': False, 'code_has_where': False, 'code_has_do': False, 'code_has_let_rec': False, 'code_self_recursive': False, 'code_aux_nonempty': False, 'n_if': 2, 'n_plus': 1}"
verina_advanced_38,advanced,T4_cond_invert,E,theorem_certified,True,,True,1,['verina_advanced_38__T4_cond_invert__0'],14,14.0,"{'code_has_def_level_termination': False, 'code_has_where': False, 'code_has_do': False, 'code_has_let_rec': False, 'code_self_recursive': False, 'code_aux_nonempty': False, 'n_if': 2, 'n_plus': 1}"
verina_advanced_38,advanced,T5_branch_extract,S,definitional,False,bindings_before_tail_if,False,0,[],14,,"{'code_has_def_level_termination': False, 'code_has_where': False, 'code_has_do': False, 'code_has_let_rec': False, 'code_self_recursive': False, 'code_aux_nonempty': False, 'n_if': 2, 'n_plus': 1}"
verina_advanced_39,advanced,T1_let_intro,D,definitional,True,,True,1,['verina_advanced_39__T1_let_intro__0'],8,10.0,"{'code_has_def_level_termination': False, 'code_has_where': False, 'code_has_do': False, 'code_has_let_rec': True, 'code_self_recursive': False, 'code_aux_nonempty': False, 'n_if': 2, 'n_plus': 0}"
verina_advanced_39,advanced,T2_helper_extract,S,definitional,True,,True,1,['verina_advanced_39__T2_helper_extract__0'],8,10.0,"{'code_has_def_level_termination': False, 'code_has_where': False, 'code_has_do': False, 'code_has_let_rec': True, 'code_self_recursive': False, 'code_aux_nonempty': False, 'n_if': 2, 'n_plus': 0}"
verina_advanced_39,advanced,T3_comm_swap,E,theorem_certified,False,no_commutative_operator_occurrence,False,0,[],8,,"{'code_has_def_level_termination': False, 'code_has_where': False, 'code_has_do': False, 'code_has_let_rec': True, 'code_self_recursive': False, 'code_aux_nonempty': False, 'n_if': 2, 'n_plus': 0}"
verina_advanced_39,advanced,T4_cond_invert,E,theorem_certified,False,no_tail_if_then_else,False,0,[],8,,"{'code_has_def_level_termination': False, 'code_has_where': False, 'code_has_do': False, 'code_has_let_rec': True, 'code_self_recursive': False, 'code_aux_nonempty': False, 'n_if': 2, 'n_plus': 0}"
verina_advanced_39,advanced,T5_branch_extract,S,definitional,False,no_tail_if_then_else,False,0,[],8,,"{'code_has_def_level_termination': False, 'code_has_where': False, 'code_has_do': False, 'code_has_let_rec': True, 'code_self_recursive': False, 'code_aux_nonempty': False, 'n_if': 2, 'n_plus': 0}"
verina_advanced_4,advanced,T1_let_intro,D,definitional,True,,True,1,['verina_advanced_4__T1_let_intro__0'],12,14.0,"{'code_has_def_level_termination': False, 'code_has_where': False, 'code_has_do': True, 'code_has_let_rec': False, 'code_self_recursive': False, 'code_aux_nonempty': True, 'n_if': 1, 'n_plus': 1}"
verina_advanced_4,advanced,T2_helper_extract,S,definitional,True,,True,1,['verina_advanced_4__T2_helper_extract__0'],12,14.0,"{'code_has_def_level_termination': False, 'code_has_where': False, 'code_has_do': True, 'code_has_let_rec': False, 'code_self_recursive': False, 'code_aux_nonempty': True, 'n_if': 1, 'n_plus': 1}"
verina_advanced_4,advanced,T3_comm_swap,E,theorem_certified,True,,True,1,['verina_advanced_4__T3_comm_swap__0'],12,12.0,"{'code_has_def_level_termination': False, 'code_has_where': False, 'code_has_do': True, 'code_has_let_rec': False, 'code_self_recursive': False, 'code_aux_nonempty': True, 'n_if': 1, 'n_plus': 1}"
verina_advanced_4,advanced,T4_cond_invert,E,theorem_certified,False,do_block,False,0,[],12,,"{'code_has_def_level_termination': False, 'code_has_where': False, 'code_has_do': True, 'code_has_let_rec': False, 'code_self_recursive': False, 'code_aux_nonempty': True, 'n_if': 1, 'n_plus': 1}"
verina_advanced_4,advanced,T5_branch_extract,S,definitional,False,do_block,False,0,[],12,,"{'code_has_def_level_termination': False, 'code_has_where': False, 'code_has_do': True, 'code_has_let_rec': False, 'code_self_recursive': False, 'code_aux_nonempty': True, 'n_if': 1, 'n_plus': 1}"
verina_advanced_40,advanced,T1_let_intro,D,definitional,True,,True,1,['verina_advanced_40__T1_let_intro__0'],8,10.0,"{'code_has_def_level_termination': False, 'code_has_where': False, 'code_has_do': False, 'code_has_let_rec': True, 'code_self_recursive': False, 'code_aux_nonempty': False, 'n_if': 2, 'n_plus': 0}"
verina_advanced_40,advanced,T2_helper_extract,S,definitional,True,,True,1,['verina_advanced_40__T2_helper_extract__0'],8,10.0,"{'code_has_def_level_termination': False, 'code_has_where': False, 'code_has_do': False, 'code_has_let_rec': True, 'code_self_recursive': False, 'code_aux_nonempty': False, 'n_if': 2, 'n_plus': 0}"
verina_advanced_40,advanced,T3_comm_swap,E,theorem_certified,False,no_commutative_operator_occurrence,False,0,[],8,,"{'code_has_def_level_termination': False, 'code_has_where': False, 'code_has_do': False, 'code_has_let_rec': True, 'code_self_recursive': False, 'code_aux_nonempty': False, 'n_if': 2, 'n_plus': 0}"
verina_advanced_40,advanced,T4_cond_invert,E,theorem_certified,False,no_tail_if_then_else,False,0,[],8,,"{'code_has_def_level_termination': False, 'code_has_where': False, 'code_has_do': False, 'code_has_let_rec': True, 'code_self_recursive': False, 'code_aux_nonempty': False, 'n_if': 2, 'n_plus': 0}"
verina_advanced_40,advanced,T5_branch_extract,S,definitional,False,no_tail_if_then_else,False,0,[],8,,"{'code_has_def_level_termination': False, 'code_has_where': False, 'code_has_do': False, 'code_has_let_rec': True, 'code_self_recursive': False, 'code_aux_nonempty': False, 'n_if': 2, 'n_plus': 0}"
verina_advanced_41,advanced,T1_let_intro,D,definitional,True,,True,1,['verina_advanced_41__T1_let_intro__0'],3,5.0,"{'code_has_def_level_termination': False, 'code_has_where': False, 'code_has_do': False, 'code_has_let_rec': False, 'code_self_recursive': False, 'code_aux_nonempty': False, 'n_if': 2, 'n_plus': 0}"
verina_advanced_41,advanced,T2_helper_extract,S,definitional,True,,True,1,['verina_advanced_41__T2_helper_extract__0'],3,5.0,"{'code_has_def_level_termination': False, 'code_has_where': False, 'code_has_do': False, 'code_has_let_rec': False, 'code_self_recursive': False, 'code_aux_nonempty': False, 'n_if': 2, 'n_plus': 0}"
verina_advanced_41,advanced,T3_comm_swap,E,theorem_certified,False,no_commutative_operator_occurrence,False,0,[],3,,"{'code_has_def_level_termination': False, 'code_has_where': False, 'code_has_do': False, 'code_has_let_rec': False, 'code_self_recursive': False, 'code_aux_nonempty': False, 'n_if': 2, 'n_plus': 0}"
verina_advanced_41,advanced,T4_cond_invert,E,theorem_certified,True,,True,1,['verina_advanced_41__T4_cond_invert__0'],3,3.0,"{'code_has_def_level_termination': False, 'code_has_where': False, 'code_has_do': False, 'code_has_let_rec': False, 'code_self_recursive': False, 'code_aux_nonempty': False, 'n_if': 2, 'n_plus': 0}"
verina_advanced_41,advanced,T5_branch_extract,S,definitional,True,,True,1,['verina_advanced_41__T5_branch_extract__0'],3,6.0,"{'code_has_def_level_termination': False, 'code_has_where': False, 'code_has_do': False, 'code_has_let_rec': False, 'code_self_recursive': False, 'code_aux_nonempty': False, 'n_if': 2, 'n_plus': 0}"
verina_advanced_42,advanced,T1_let_intro,D,definitional,True,,True,1,['verina_advanced_42__T1_let_intro__0'],3,5.0,"{'code_has_def_level_termination': False, 'code_has_where': False, 'code_has_do': False, 'code_has_let_rec': False, 'code_self_recursive': False, 'code_aux_nonempty': True, 'n_if': 0, 'n_plus': 0}"
verina_advanced_42,advanced,T2_helper_extract,S,definitional,True,,True,1,['verina_advanced_42__T2_helper_extract__0'],3,5.0,"{'code_has_def_level_termination': False, 'code_has_where': False, 'code_has_do': False, 'code_has_let_rec': False, 'code_self_recursive': False, 'code_aux_nonempty': True, 'n_if': 0, 'n_plus': 0}"
verina_advanced_42,advanced,T3_comm_swap,E,theorem_certified,False,no_commutative_operator_occurrence,False,0,[],3,,"{'code_has_def_level_termination': False, 'code_has_where': False, 'code_has_do': False, 'code_has_let_rec': False, 'code_self_recursive': False, 'code_aux_nonempty': True, 'n_if': 0, 'n_plus': 0}"
verina_advanced_42,advanced,T4_cond_invert,E,theorem_certified,False,no_tail_if_then_else,False,0,[],3,,"{'code_has_def_level_termination': False, 'code_has_where': False, 'code_has_do': False, 'code_has_let_rec': False, 'code_self_recursive': False, 'code_aux_nonempty': True, 'n_if': 0, 'n_plus': 0}"
verina_advanced_42,advanced,T5_branch_extract,S,definitional,False,no_tail_if_then_else,False,0,[],3,,"{'code_has_def_level_termination': False, 'code_has_where': False, 'code_has_do': False, 'code_has_let_rec': False, 'code_self_recursive': False, 'code_aux_nonempty': True, 'n_if': 0, 'n_plus': 0}"
verina_advanced_43,advanced,T1_let_intro,D,definitional,True,,True,1,['verina_advanced_43__T1_let_intro__0'],14,16.0,"{'code_has_def_level_termination': False, 'code_has_where': False, 'code_has_do': False, 'code_has_let_rec': False, 'code_self_recursive': False, 'code_aux_nonempty': False, 'n_if': 1, 'n_plus': 0}"
verina_advanced_43,advanced,T2_helper_extract,S,definitional,True,,True,1,['verina_advanced_43__T2_helper_extract__0'],14,16.0,"{'code_has_def_level_termination': False, 'code_has_where': False, 'code_has_do': False, 'code_has_let_rec': False, 'code_self_recursive': False, 'code_aux_nonempty': False, 'n_if': 1, 'n_plus': 0}"
verina_advanced_43,advanced,T3_comm_swap,E,theorem_certified,True,,True,1,['verina_advanced_43__T3_comm_swap__0'],14,14.0,"{'code_has_def_level_termination': False, 'code_has_where': False, 'code_has_do': False, 'code_has_let_rec': False, 'code_self_recursive': False, 'code_aux_nonempty': False, 'n_if': 1, 'n_plus': 0}"
verina_advanced_43,advanced,T4_cond_invert,E,theorem_certified,False,no_tail_if_then_else,False,0,[],14,,"{'code_has_def_level_termination': False, 'code_has_where': False, 'code_has_do': False, 'code_has_let_rec': False, 'code_self_recursive': False, 'code_aux_nonempty': False, 'n_if': 1, 'n_plus': 0}"
verina_advanced_43,advanced,T5_branch_extract,S,definitional,False,no_tail_if_then_else,False,0,[],14,,"{'code_has_def_level_termination': False, 'code_has_where': False, 'code_has_do': False, 'code_has_let_rec': False, 'code_self_recursive': False, 'code_aux_nonempty': False, 'n_if': 1, 'n_plus': 0}"
verina_advanced_44,advanced,T1_let_intro,D,definitional,True,,True,1,['verina_advanced_44__T1_let_intro__0'],22,24.0,"{'code_has_def_level_termination': False, 'code_has_where': False, 'code_has_do': True, 'code_has_let_rec': False, 'code_self_recursive': False, 'code_aux_nonempty': False, 'n_if': 2, 'n_plus': 6}"
verina_advanced_44,advanced,T2_helper_extract,S,definitional,True,,True,1,['verina_advanced_44__T2_helper_extract__0'],22,24.0,"{'code_has_def_level_termination': False, 'code_has_where': False, 'code_has_do': True, 'code_has_let_rec': False, 'code_self_recursive': False, 'code_aux_nonempty': False, 'n_if': 2, 'n_plus': 6}"
verina_advanced_44,advanced,T3_comm_swap,E,theorem_certified,True,,True,3,"['verina_advanced_44__T3_comm_swap__0', 'verina_advanced_44__T3_comm_swap__1', 'verina_advanced_44__T3_comm_swap__2']",22,22.0,"{'code_has_def_level_termination': False, 'code_has_where': False, 'code_has_do': True, 'code_has_let_rec': False, 'code_self_recursive': False, 'code_aux_nonempty': False, 'n_if': 2, 'n_plus': 6}"
verina_advanced_44,advanced,T4_cond_invert,E,theorem_certified,False,do_block,False,0,[],22,,"{'code_has_def_level_termination': False, 'code_has_where': False, 'code_has_do': True, 'code_has_let_rec': False, 'code_self_recursive': False, 'code_aux_nonempty': False, 'n_if': 2, 'n_plus': 6}"
verina_advanced_44,advanced,T5_branch_extract,S,definitional,False,do_block,False,0,[],22,,"{'code_has_def_level_termination': False, 'code_has_where': False, 'code_has_do': True, 'code_has_let_rec': False, 'code_self_recursive': False, 'code_aux_nonempty': False, 'n_if': 2, 'n_plus': 6}"
verina_advanced_45,advanced,T1_let_intro,D,definitional,True,,True,1,['verina_advanced_45__T1_let_intro__0'],10,12.0,"{'code_has_def_level_termination': False, 'code_has_where': False, 'code_has_do': False, 'code_has_let_rec': True, 'code_self_recursive': False, 'code_aux_nonempty': False, 'n_if': 0, 'n_plus': 1}"
verina_advanced_45,advanced,T2_helper_extract,S,definitional,True,,True,1,['verina_advanced_45__T2_helper_extract__0'],10,12.0,"{'code_has_def_level_termination': False, 'code_has_where': False, 'code_has_do': False, 'code_has_let_rec': True, 'code_self_recursive': False, 'code_aux_nonempty': False, 'n_if': 0, 'n_plus': 1}"
verina_advanced_45,advanced,T3_comm_swap,E,theorem_certified,True,,True,1,['verina_advanced_45__T3_comm_swap__0'],10,10.0,"{'code_has_def_level_termination': False, 'code_has_where': False, 'code_has_do': False, 'code_has_let_rec': True, 'code_self_recursive': False, 'code_aux_nonempty': False, 'n_if': 0, 'n_plus': 1}"
verina_advanced_45,advanced,T4_cond_invert,E,theorem_certified,False,no_tail_if_then_else,False,0,[],10,,"{'code_has_def_level_termination': False, 'code_has_where': False, 'code_has_do': False, 'code_has_let_rec': True, 'code_self_recursive': False, 'code_aux_nonempty': False, 'n_if': 0, 'n_plus': 1}"
verina_advanced_45,advanced,T5_branch_extract,S,definitional,False,no_tail_if_then_else,False,0,[],10,,"{'code_has_def_level_termination': False, 'code_has_where': False, 'code_has_do': False, 'code_has_let_rec': True, 'code_self_recursive': False, 'code_aux_nonempty': False, 'n_if': 0, 'n_plus': 1}"
verina_advanced_46,advanced,T1_let_intro,D,definitional,True,,True,1,['verina_advanced_46__T1_let_intro__0'],24,26.0,"{'code_has_def_level_termination': False, 'code_has_where': False, 'code_has_do': False, 'code_has_let_rec': True, 'code_self_recursive': False, 'code_aux_nonempty': False, 'n_if': 2, 'n_plus': 1}"
verina_advanced_46,advanced,T2_helper_extract,S,definitional,True,,True,1,['verina_advanced_46__T2_helper_extract__0'],24,26.0,"{'code_has_def_level_termination': False, 'code_has_where': False, 'code_has_do': False, 'code_has_let_rec': True, 'code_self_recursive': False, 'code_aux_nonempty': False, 'n_if': 2, 'n_plus': 1}"
verina_advanced_46,advanced,T3_comm_swap,E,theorem_certified,True,,True,1,['verina_advanced_46__T3_comm_swap__0'],24,24.0,"{'code_has_def_level_termination': False, 'code_has_where': False, 'code_has_do': False, 'code_has_let_rec': True, 'code_self_recursive': False, 'code_aux_nonempty': False, 'n_if': 2, 'n_plus': 1}"
verina_advanced_46,advanced,T4_cond_invert,E,theorem_certified,False,no_tail_if_then_else,False,0,[],24,,"{'code_has_def_level_termination': False, 'code_has_where': False, 'code_has_do': False, 'code_has_let_rec': True, 'code_self_recursive': False, 'code_aux_nonempty': False, 'n_if': 2, 'n_plus': 1}"
verina_advanced_46,advanced,T5_branch_extract,S,definitional,False,no_tail_if_then_else,False,0,[],24,,"{'code_has_def_level_termination': False, 'code_has_where': False, 'code_has_do': False, 'code_has_let_rec': True, 'code_self_recursive': False, 'code_aux_nonempty': False, 'n_if': 2, 'n_plus': 1}"
verina_advanced_47,advanced,T1_let_intro,D,definitional,True,,True,1,['verina_advanced_47__T1_let_intro__0'],19,21.0,"{'code_has_def_level_termination': False, 'code_has_where': False, 'code_has_do': False, 'code_has_let_rec': True, 'code_self_recursive': False, 'code_aux_nonempty': False, 'n_if': 2, 'n_plus': 0}"
verina_advanced_47,advanced,T2_helper_extract,S,definitional,True,,True,1,['verina_advanced_47__T2_helper_extract__0'],19,21.0,"{'code_has_def_level_termination': False, 'code_has_where': False, 'code_has_do': False, 'code_has_let_rec': True, 'code_self_recursive': False, 'code_aux_nonempty': False, 'n_if': 2, 'n_plus': 0}"
verina_advanced_47,advanced,T3_comm_swap,E,theorem_certified,False,no_commutative_operator_occurrence,False,0,[],19,,"{'code_has_def_level_termination': False, 'code_has_where': False, 'code_has_do': False, 'code_has_let_rec': True, 'code_self_recursive': False, 'code_aux_nonempty': False, 'n_if': 2, 'n_plus': 0}"
verina_advanced_47,advanced,T4_cond_invert,E,theorem_certified,False,no_tail_if_then_else,False,0,[],19,,"{'code_has_def_level_termination': False, 'code_has_where': False, 'code_has_do': False, 'code_has_let_rec': True, 'code_self_recursive': False, 'code_aux_nonempty': False, 'n_if': 2, 'n_plus': 0}"
verina_advanced_47,advanced,T5_branch_extract,S,definitional,False,no_tail_if_then_else,False,0,[],19,,"{'code_has_def_level_termination': False, 'code_has_where': False, 'code_has_do': False, 'code_has_let_rec': True, 'code_self_recursive': False, 'code_aux_nonempty': False, 'n_if': 2, 'n_plus': 0}"
verina_advanced_48,advanced,T1_let_intro,D,definitional,False,def_level_termination_clause,False,0,[],17,,"{'code_has_def_level_termination': True, 'code_has_where': False, 'code_has_do': False, 'code_has_let_rec': True, 'code_self_recursive': False, 'code_aux_nonempty': False, 'n_if': 1, 'n_plus': 0}"
verina_advanced_48,advanced,T2_helper_extract,S,definitional,False,def_level_termination_clause,False,0,[],17,,"{'code_has_def_level_termination': True, 'code_has_where': False, 'code_has_do': False, 'code_has_let_rec': True, 'code_self_recursive': False, 'code_aux_nonempty': False, 'n_if': 1, 'n_plus': 0}"
verina_advanced_48,advanced,T3_comm_swap,E,theorem_certified,False,no_commutative_operator_occurrence,False,0,[],17,,"{'code_has_def_level_termination': True, 'code_has_where': False, 'code_has_do': False, 'code_has_let_rec': True, 'code_self_recursive': False, 'code_aux_nonempty': False, 'n_if': 1, 'n_plus': 0}"
verina_advanced_48,advanced,T4_cond_invert,E,theorem_certified,False,def_level_termination_clause,False,0,[],17,,"{'code_has_def_level_termination': True, 'code_has_where': False, 'code_has_do': False, 'code_has_let_rec': True, 'code_self_recursive': False, 'code_aux_nonempty': False, 'n_if': 1, 'n_plus': 0}"
verina_advanced_48,advanced,T5_branch_extract,S,definitional,False,def_level_termination_clause,False,0,[],17,,"{'code_has_def_level_termination': True, 'code_has_where': False, 'code_has_do': False, 'code_has_let_rec': True, 'code_self_recursive': False, 'code_aux_nonempty': False, 'n_if': 1, 'n_plus': 0}"
verina_advanced_49,advanced,T1_let_intro,D,definitional,True,,True,1,['verina_advanced_49__T1_let_intro__0'],10,12.0,"{'code_has_def_level_termination': False, 'code_has_where': False, 'code_has_do': False, 'code_has_let_rec': True, 'code_self_recursive': False, 'code_aux_nonempty': False, 'n_if': 1, 'n_plus': 0}"
verina_advanced_49,advanced,T2_helper_extract,S,definitional,True,,True,1,['verina_advanced_49__T2_helper_extract__0'],10,12.0,"{'code_has_def_level_termination': False, 'code_has_where': False, 'code_has_do': False, 'code_has_let_rec': True, 'code_self_recursive': False, 'code_aux_nonempty': False, 'n_if': 1, 'n_plus': 0}"
verina_advanced_49,advanced,T3_comm_swap,E,theorem_certified,False,no_commutative_operator_occurrence,False,0,[],10,,"{'code_has_def_level_termination': False, 'code_has_where': False, 'code_has_do': False, 'code_has_let_rec': True, 'code_self_recursive': False, 'code_aux_nonempty': False, 'n_if': 1, 'n_plus': 0}"
verina_advanced_49,advanced,T4_cond_invert,E,theorem_certified,False,no_tail_if_then_else,False,0,[],10,,"{'code_has_def_level_termination': False, 'code_has_where': False, 'code_has_do': False, 'code_has_let_rec': True, 'code_self_recursive': False, 'code_aux_nonempty': False, 'n_if': 1, 'n_plus': 0}"
verina_advanced_49,advanced,T5_branch_extract,S,definitional,False,no_tail_if_then_else,False,0,[],10,,"{'code_has_def_level_termination': False, 'code_has_where': False, 'code_has_do': False, 'code_has_let_rec': True, 'code_self_recursive': False, 'code_aux_nonempty': False, 'n_if': 1, 'n_plus': 0}"
verina_advanced_5,advanced,T1_let_intro,D,definitional,True,,True,1,['verina_advanced_5__T1_let_intro__0'],14,16.0,"{'code_has_def_level_termination': False, 'code_has_where': False, 'code_has_do': False, 'code_has_let_rec': True, 'code_self_recursive': False, 'code_aux_nonempty': False, 'n_if': 1, 'n_plus': 4}"
verina_advanced_5,advanced,T2_helper_extract,S,definitional,True,,True,1,['verina_advanced_5__T2_helper_extract__0'],14,16.0,"{'code_has_def_level_termination': False, 'code_has_where': False, 'code_has_do': False, 'code_has_let_rec': True, 'code_self_recursive': False, 'code_aux_nonempty': False, 'n_if': 1, 'n_plus': 4}"
verina_advanced_5,advanced,T3_comm_swap,E,theorem_certified,True,,True,3,"['verina_advanced_5__T3_comm_swap__0', 'verina_advanced_5__T3_comm_swap__1', 'verina_advanced_5__T3_comm_swap__2']",14,14.0,"{'code_has_def_level_termination': False, 'code_has_where': False, 'code_has_do': False, 'code_has_let_rec': True, 'code_self_recursive': False, 'code_aux_nonempty': False, 'n_if': 1, 'n_plus': 4}"
verina_advanced_5,advanced,T4_cond_invert,E,theorem_certified,False,no_tail_if_then_else,False,0,[],14,,"{'code_has_def_level_termination': False, 'code_has_where': False, 'code_has_do': False, 'code_has_let_rec': True, 'code_self_recursive': False, 'code_aux_nonempty': False, 'n_if': 1, 'n_plus': 4}"
verina_advanced_5,advanced,T5_branch_extract,S,definitional,False,no_tail_if_then_else,False,0,[],14,,"{'code_has_def_level_termination': False, 'code_has_where': False, 'code_has_do': False, 'code_has_let_rec': True, 'code_self_recursive': False, 'code_aux_nonempty': False, 'n_if': 1, 'n_plus': 4}"
verina_advanced_50,advanced,T1_let_intro,D,definitional,True,,True,1,['verina_advanced_50__T1_let_intro__0'],4,6.0,"{'code_has_def_level_termination': False, 'code_has_where': False, 'code_has_do': False, 'code_has_let_rec': False, 'code_self_recursive': False, 'code_aux_nonempty': True, 'n_if': 0, 'n_plus': 0}"
verina_advanced_50,advanced,T2_helper_extract,S,definitional,True,,True,1,['verina_advanced_50__T2_helper_extract__0'],4,6.0,"{'code_has_def_level_termination': False, 'code_has_where': False, 'code_has_do': False, 'code_has_let_rec': False, 'code_self_recursive': False, 'code_aux_nonempty': True, 'n_if': 0, 'n_plus': 0}"
verina_advanced_50,advanced,T3_comm_swap,E,theorem_certified,False,no_commutative_operator_occurrence,False,0,[],4,,"{'code_has_def_level_termination': False, 'code_has_where': False, 'code_has_do': False, 'code_has_let_rec': False, 'code_self_recursive': False, 'code_aux_nonempty': True, 'n_if': 0, 'n_plus': 0}"
verina_advanced_50,advanced,T4_cond_invert,E,theorem_certified,False,no_tail_if_then_else,False,0,[],4,,"{'code_has_def_level_termination': False, 'code_has_where': False, 'code_has_do': False, 'code_has_let_rec': False, 'code_self_recursive': False, 'code_aux_nonempty': True, 'n_if': 0, 'n_plus': 0}"
verina_advanced_50,advanced,T5_branch_extract,S,definitional,False,no_tail_if_then_else,False,0,[],4,,"{'code_has_def_level_termination': False, 'code_has_where': False, 'code_has_do': False, 'code_has_let_rec': False, 'code_self_recursive': False, 'code_aux_nonempty': True, 'n_if': 0, 'n_plus': 0}"
verina_advanced_51,advanced,T1_let_intro,D,definitional,True,,True,1,['verina_advanced_51__T1_let_intro__0'],2,4.0,"{'code_has_def_level_termination': False, 'code_has_where': False, 'code_has_do': False, 'code_has_let_rec': False, 'code_self_recursive': False, 'code_aux_nonempty': True, 'n_if': 0, 'n_plus': 0}"
verina_advanced_51,advanced,T2_helper_extract,S,definitional,True,,True,1,['verina_advanced_51__T2_helper_extract__0'],2,4.0,"{'code_has_def_level_termination': False, 'code_has_where': False, 'code_has_do': False, 'code_has_let_rec': False, 'code_self_recursive': False, 'code_aux_nonempty': True, 'n_if': 0, 'n_plus': 0}"
verina_advanced_51,advanced,T3_comm_swap,E,theorem_certified,False,no_commutative_operator_occurrence,False,0,[],2,,"{'code_has_def_level_termination': False, 'code_has_where': False, 'code_has_do': False, 'code_has_let_rec': False, 'code_self_recursive': False, 'code_aux_nonempty': True, 'n_if': 0, 'n_plus': 0}"
verina_advanced_51,advanced,T4_cond_invert,E,theorem_certified,False,no_tail_if_then_else,False,0,[],2,,"{'code_has_def_level_termination': False, 'code_has_where': False, 'code_has_do': False, 'code_has_let_rec': False, 'code_self_recursive': False, 'code_aux_nonempty': True, 'n_if': 0, 'n_plus': 0}"
verina_advanced_51,advanced,T5_branch_extract,S,definitional,False,no_tail_if_then_else,False,0,[],2,,"{'code_has_def_level_termination': False, 'code_has_where': False, 'code_has_do': False, 'code_has_let_rec': False, 'code_self_recursive': False, 'code_aux_nonempty': True, 'n_if': 0, 'n_plus': 0}"
verina_advanced_52,advanced,T1_let_intro,D,definitional,True,,True,1,['verina_advanced_52__T1_let_intro__0'],16,18.0,"{'code_has_def_level_termination': False, 'code_has_where': False, 'code_has_do': False, 'code_has_let_rec': True, 'code_self_recursive': False, 'code_aux_nonempty': False, 'n_if': 4, 'n_plus': 2}"
verina_advanced_52,advanced,T2_helper_extract,S,definitional,True,,True,1,['verina_advanced_52__T2_helper_extract__0'],16,18.0,"{'code_has_def_level_termination': False, 'code_has_where': False, 'code_has_do': False, 'code_has_let_rec': True, 'code_self_recursive': False, 'code_aux_nonempty': False, 'n_if': 4, 'n_plus': 2}"
verina_advanced_52,advanced,T3_comm_swap,E,theorem_certified,True,,True,2,"['verina_advanced_52__T3_comm_swap__0', 'verina_advanced_52__T3_comm_swap__1']",16,16.0,"{'code_has_def_level_termination': False, 'code_has_where': False, 'code_has_do': False, 'code_has_let_rec': True, 'code_self_recursive': False, 'code_aux_nonempty': False, 'n_if': 4, 'n_plus': 2}"
verina_advanced_52,advanced,T4_cond_invert,E,theorem_certified,True,,True,1,['verina_advanced_52__T4_cond_invert__0'],16,17.0,"{'code_has_def_level_termination': False, 'code_has_where': False, 'code_has_do': False, 'code_has_let_rec': True, 'code_self_recursive': False, 'code_aux_nonempty': False, 'n_if': 4, 'n_plus': 2}"
verina_advanced_52,advanced,T5_branch_extract,S,definitional,False,bindings_before_tail_if,False,0,[],16,,"{'code_has_def_level_termination': False, 'code_has_where': False, 'code_has_do': False, 'code_has_let_rec': True, 'code_self_recursive': False, 'code_aux_nonempty': False, 'n_if': 4, 'n_plus': 2}"
verina_advanced_53,advanced,T1_let_intro,D,definitional,False,def_level_termination_clause,False,0,[],21,,"{'code_has_def_level_termination': True, 'code_has_where': False, 'code_has_do': False, 'code_has_let_rec': True, 'code_self_recursive': False, 'code_aux_nonempty': False, 'n_if': 10, 'n_plus': 1}"
verina_advanced_53,advanced,T2_helper_extract,S,definitional,False,def_level_termination_clause,False,0,[],21,,"{'code_has_def_level_termination': True, 'code_has_where': False, 'code_has_do': False, 'code_has_let_rec': True, 'code_self_recursive': False, 'code_aux_nonempty': False, 'n_if': 10, 'n_plus': 1}"
verina_advanced_53,advanced,T3_comm_swap,E,theorem_certified,True,,True,1,['verina_advanced_53__T3_comm_swap__0'],21,21.0,"{'code_has_def_level_termination': True, 'code_has_where': False, 'code_has_do': False, 'code_has_let_rec': True, 'code_self_recursive': False, 'code_aux_nonempty': False, 'n_if': 10, 'n_plus': 1}"
verina_advanced_53,advanced,T4_cond_invert,E,theorem_certified,False,def_level_termination_clause,False,0,[],21,,"{'code_has_def_level_termination': True, 'code_has_where': False, 'code_has_do': False, 'code_has_let_rec': True, 'code_self_recursive': False, 'code_aux_nonempty': False, 'n_if': 10, 'n_plus': 1}"
verina_advanced_53,advanced,T5_branch_extract,S,definitional,False,def_level_termination_clause,False,0,[],21,,"{'code_has_def_level_termination': True, 'code_has_where': False, 'code_has_do': False, 'code_has_let_rec': True, 'code_self_recursive': False, 'code_aux_nonempty': False, 'n_if': 10, 'n_plus': 1}"
verina_advanced_54,advanced,T1_let_intro,D,definitional,True,,True,1,['verina_advanced_54__T1_let_intro__0'],4,6.0,"{'code_has_def_level_termination': False, 'code_has_where': False, 'code_has_do': False, 'code_has_let_rec': False, 'code_self_recursive': False, 'code_aux_nonempty': False, 'n_if': 0, 'n_plus': 2}"
verina_advanced_54,advanced,T2_helper_extract,S,definitional,True,,True,1,['verina_advanced_54__T2_helper_extract__0'],4,6.0,"{'code_has_def_level_termination': False, 'code_has_where': False, 'code_has_do': False, 'code_has_let_rec': False, 'code_self_recursive': False, 'code_aux_nonempty': False, 'n_if': 0, 'n_plus': 2}"
verina_advanced_54,advanced,T3_comm_swap,E,theorem_certified,True,,True,1,['verina_advanced_54__T3_comm_swap__0'],4,4.0,"{'code_has_def_level_termination': False, 'code_has_where': False, 'code_has_do': False, 'code_has_let_rec': False, 'code_self_recursive': False, 'code_aux_nonempty': False, 'n_if': 0, 'n_plus': 2}"
verina_advanced_54,advanced,T4_cond_invert,E,theorem_certified,False,no_tail_if_then_else,False,0,[],4,,"{'code_has_def_level_termination': False, 'code_has_where': False, 'code_has_do': False, 'code_has_let_rec': False, 'code_self_recursive': False, 'code_aux_nonempty': False, 'n_if': 0, 'n_plus': 2}"
verina_advanced_54,advanced,T5_branch_extract,S,definitional,False,no_tail_if_then_else,False,0,[],4,,"{'code_has_def_level_termination': False, 'code_has_where': False, 'code_has_do': False, 'code_has_let_rec': False, 'code_self_recursive': False, 'code_aux_nonempty': False, 'n_if': 0, 'n_plus': 2}"
verina_advanced_55,advanced,T1_let_intro,D,definitional,True,,True,1,['verina_advanced_55__T1_let_intro__0'],4,6.0,"{'code_has_def_level_termination': False, 'code_has_where': False, 'code_has_do': False, 'code_has_let_rec': False, 'code_self_recursive': False, 'code_aux_nonempty': True, 'n_if': 0, 'n_plus': 0}"
verina_advanced_55,advanced,T2_helper_extract,S,definitional,True,,True,1,['verina_advanced_55__T2_helper_extract__0'],4,6.0,"{'code_has_def_level_termination': False, 'code_has_where': False, 'code_has_do': False, 'code_has_let_rec': False, 'code_self_recursive': False, 'code_aux_nonempty': True, 'n_if': 0, 'n_plus': 0}"
verina_advanced_55,advanced,T3_comm_swap,E,theorem_certified,False,no_commutative_operator_occurrence,False,0,[],4,,"{'code_has_def_level_termination': False, 'code_has_where': False, 'code_has_do': False, 'code_has_let_rec': False, 'code_self_recursive': False, 'code_aux_nonempty': True, 'n_if': 0, 'n_plus': 0}"
verina_advanced_55,advanced,T4_cond_invert,E,theorem_certified,False,no_tail_if_then_else,False,0,[],4,,"{'code_has_def_level_termination': False, 'code_has_where': False, 'code_has_do': False, 'code_has_let_rec': False, 'code_self_recursive': False, 'code_aux_nonempty': True, 'n_if': 0, 'n_plus': 0}"
verina_advanced_55,advanced,T5_branch_extract,S,definitional,False,no_tail_if_then_else,False,0,[],4,,"{'code_has_def_level_termination': False, 'code_has_where': False, 'code_has_do': False, 'code_has_let_rec': False, 'code_self_recursive': False, 'code_aux_nonempty': True, 'n_if': 0, 'n_plus': 0}"
verina_advanced_56,advanced,T1_let_intro,D,definitional,True,,True,1,['verina_advanced_56__T1_let_intro__0'],3,5.0,"{'code_has_def_level_termination': False, 'code_has_where': False, 'code_has_do': False, 'code_has_let_rec': False, 'code_self_recursive': False, 'code_aux_nonempty': True, 'n_if': 0, 'n_plus': 0}"
verina_advanced_56,advanced,T2_helper_extract,S,definitional,True,,True,1,['verina_advanced_56__T2_helper_extract__0'],3,5.0,"{'code_has_def_level_termination': False, 'code_has_where': False, 'code_has_do': False, 'code_has_let_rec': False, 'code_self_recursive': False, 'code_aux_nonempty': True, 'n_if': 0, 'n_plus': 0}"
verina_advanced_56,advanced,T3_comm_swap,E,theorem_certified,False,no_commutative_operator_occurrence,False,0,[],3,,"{'code_has_def_level_termination': False, 'code_has_where': False, 'code_has_do': False, 'code_has_let_rec': False, 'code_self_recursive': False, 'code_aux_nonempty': True, 'n_if': 0, 'n_plus': 0}"
verina_advanced_56,advanced,T4_cond_invert,E,theorem_certified,False,no_tail_if_then_else,False,0,[],3,,"{'code_has_def_level_termination': False, 'code_has_where': False, 'code_has_do': False, 'code_has_let_rec': False, 'code_self_recursive': False, 'code_aux_nonempty': True, 'n_if': 0, 'n_plus': 0}"
verina_advanced_56,advanced,T5_branch_extract,S,definitional,False,no_tail_if_then_else,False,0,[],3,,"{'code_has_def_level_termination': False, 'code_has_where': False, 'code_has_do': False, 'code_has_let_rec': False, 'code_self_recursive': False, 'code_aux_nonempty': True, 'n_if': 0, 'n_plus': 0}"
verina_advanced_57,advanced,T1_let_intro,D,definitional,True,,True,1,['verina_advanced_57__T1_let_intro__0'],38,40.0,"{'code_has_def_level_termination': False, 'code_has_where': False, 'code_has_do': False, 'code_has_let_rec': True, 'code_self_recursive': False, 'code_aux_nonempty': False, 'n_if': 4, 'n_plus': 2}"
verina_advanced_57,advanced,T2_helper_extract,S,definitional,True,,True,1,['verina_advanced_57__T2_helper_extract__0'],38,40.0,"{'code_has_def_level_termination': False, 'code_has_where': False, 'code_has_do': False, 'code_has_let_rec': True, 'code_self_recursive': False, 'code_aux_nonempty': False, 'n_if': 4, 'n_plus': 2}"
verina_advanced_57,advanced,T3_comm_swap,E,theorem_certified,True,,True,2,"['verina_advanced_57__T3_comm_swap__0', 'verina_advanced_57__T3_comm_swap__1']",38,38.0,"{'code_has_def_level_termination': False, 'code_has_where': False, 'code_has_do': False, 'code_has_let_rec': True, 'code_self_recursive': False, 'code_aux_nonempty': False, 'n_if': 4, 'n_plus': 2}"
verina_advanced_57,advanced,T4_cond_invert,E,theorem_certified,False,no_tail_if_then_else,False,0,[],38,,"{'code_has_def_level_termination': False, 'code_has_where': False, 'code_has_do': False, 'code_has_let_rec': True, 'code_self_recursive': False, 'code_aux_nonempty': False, 'n_if': 4, 'n_plus': 2}"
verina_advanced_57,advanced,T5_branch_extract,S,definitional,False,no_tail_if_then_else,False,0,[],38,,"{'code_has_def_level_termination': False, 'code_has_where': False, 'code_has_do': False, 'code_has_let_rec': True, 'code_self_recursive': False, 'code_aux_nonempty': False, 'n_if': 4, 'n_plus': 2}"
verina_advanced_58,advanced,T1_let_intro,D,definitional,True,,True,1,['verina_advanced_58__T1_let_intro__0'],7,9.0,"{'code_has_def_level_termination': False, 'code_has_where': False, 'code_has_do': False, 'code_has_let_rec': True, 'code_self_recursive': False, 'code_aux_nonempty': True, 'n_if': 0, 'n_plus': 0}"
verina_advanced_58,advanced,T2_helper_extract,S,definitional,True,,True,1,['verina_advanced_58__T2_helper_extract__0'],7,9.0,"{'code_has_def_level_termination': False, 'code_has_where': False, 'code_has_do': False, 'code_has_let_rec': True, 'code_self_recursive': False, 'code_aux_nonempty': True, 'n_if': 0, 'n_plus': 0}"
verina_advanced_58,advanced,T3_comm_swap,E,theorem_certified,False,no_commutative_operator_occurrence,False,0,[],7,,"{'code_has_def_level_termination': False, 'code_has_where': False, 'code_has_do': False, 'code_has_let_rec': True, 'code_self_recursive': False, 'code_aux_nonempty': True, 'n_if': 0, 'n_plus': 0}"
verina_advanced_58,advanced,T4_cond_invert,E,theorem_certified,False,no_tail_if_then_else,False,0,[],7,,"{'code_has_def_level_termination': False, 'code_has_where': False, 'code_has_do': False, 'code_has_let_rec': True, 'code_self_recursive': False, 'code_aux_nonempty': True, 'n_if': 0, 'n_plus': 0}"
verina_advanced_58,advanced,T5_branch_extract,S,definitional,False,no_tail_if_then_else,False,0,[],7,,"{'code_has_def_level_termination': False, 'code_has_where': False, 'code_has_do': False, 'code_has_let_rec': True, 'code_self_recursive': False, 'code_aux_nonempty': True, 'n_if': 0, 'n_plus': 0}"
verina_advanced_59,advanced,T1_let_intro,D,definitional,True,,True,1,['verina_advanced_59__T1_let_intro__0'],14,16.0,"{'code_has_def_level_termination': False, 'code_has_where': False, 'code_has_do': False, 'code_has_let_rec': True, 'code_self_recursive': False, 'code_aux_nonempty': False, 'n_if': 3, 'n_plus': 1}"
verina_advanced_59,advanced,T2_helper_extract,S,definitional,True,,True,1,['verina_advanced_59__T2_helper_extract__0'],14,16.0,"{'code_has_def_level_termination': False, 'code_has_where': False, 'code_has_do': False, 'code_has_let_rec': True, 'code_self_recursive': False, 'code_aux_nonempty': False, 'n_if': 3, 'n_plus': 1}"
verina_advanced_59,advanced,T3_comm_swap,E,theorem_certified,True,,True,2,"['verina_advanced_59__T3_comm_swap__0', 'verina_advanced_59__T3_comm_swap__1']",14,14.0,"{'code_has_def_level_termination': False, 'code_has_where': False, 'code_has_do': False, 'code_has_let_rec': True, 'code_self_recursive': False, 'code_aux_nonempty': False, 'n_if': 3, 'n_plus': 1}"
verina_advanced_59,advanced,T4_cond_invert,E,theorem_certified,False,no_tail_if_then_else,False,0,[],14,,"{'code_has_def_level_termination': False, 'code_has_where': False, 'code_has_do': False, 'code_has_let_rec': True, 'code_self_recursive': False, 'code_aux_nonempty': False, 'n_if': 3, 'n_plus': 1}"
verina_advanced_59,advanced,T5_branch_extract,S,definitional,False,no_tail_if_then_else,False,0,[],14,,"{'code_has_def_level_termination': False, 'code_has_where': False, 'code_has_do': False, 'code_has_let_rec': True, 'code_self_recursive': False, 'code_aux_nonempty': False, 'n_if': 3, 'n_plus': 1}"
verina_advanced_6,advanced,T1_let_intro,D,definitional,True,,True,1,['verina_advanced_6__T1_let_intro__0'],3,5.0,"{'code_has_def_level_termination': False, 'code_has_where': False, 'code_has_do': False, 'code_has_let_rec': False, 'code_self_recursive': False, 'code_aux_nonempty': False, 'n_if': 0, 'n_plus': 0}"
verina_advanced_6,advanced,T2_helper_extract,S,definitional,True,,True,1,['verina_advanced_6__T2_helper_extract__0'],3,5.0,"{'code_has_def_level_termination': False, 'code_has_where': False, 'code_has_do': False, 'code_has_let_rec': False, 'code_self_recursive': False, 'code_aux_nonempty': False, 'n_if': 0, 'n_plus': 0}"
verina_advanced_6,advanced,T3_comm_swap,E,theorem_certified,False,no_commutative_operator_occurrence,False,0,[],3,,"{'code_has_def_level_termination': False, 'code_has_where': False, 'code_has_do': False, 'code_has_let_rec': False, 'code_self_recursive': False, 'code_aux_nonempty': False, 'n_if': 0, 'n_plus': 0}"
verina_advanced_6,advanced,T4_cond_invert,E,theorem_certified,False,no_tail_if_then_else,False,0,[],3,,"{'code_has_def_level_termination': False, 'code_has_where': False, 'code_has_do': False, 'code_has_let_rec': False, 'code_self_recursive': False, 'code_aux_nonempty': False, 'n_if': 0, 'n_plus': 0}"
verina_advanced_6,advanced,T5_branch_extract,S,definitional,False,no_tail_if_then_else,False,0,[],3,,"{'code_has_def_level_termination': False, 'code_has_where': False, 'code_has_do': False, 'code_has_let_rec': False, 'code_self_recursive': False, 'code_aux_nonempty': False, 'n_if': 0, 'n_plus': 0}"
verina_advanced_60,advanced,T1_let_intro,D,definitional,True,,True,1,['verina_advanced_60__T1_let_intro__0'],8,10.0,"{'code_has_def_level_termination': False, 'code_has_where': False, 'code_has_do': False, 'code_has_let_rec': True, 'code_self_recursive': False, 'code_aux_nonempty': False, 'n_if': 1, 'n_plus': 0}"
verina_advanced_60,advanced,T2_helper_extract,S,definitional,True,,True,1,['verina_advanced_60__T2_helper_extract__0'],8,10.0,"{'code_has_def_level_termination': False, 'code_has_where': False, 'code_has_do': False, 'code_has_let_rec': True, 'code_self_recursive': False, 'code_aux_nonempty': False, 'n_if': 1, 'n_plus': 0}"
verina_advanced_60,advanced,T3_comm_swap,E,theorem_certified,False,no_commutative_operator_occurrence,False,0,[],8,,"{'code_has_def_level_termination': False, 'code_has_where': False, 'code_has_do': False, 'code_has_let_rec': True, 'code_self_recursive': False, 'code_aux_nonempty': False, 'n_if': 1, 'n_plus': 0}"
verina_advanced_60,advanced,T4_cond_invert,E,theorem_certified,False,no_tail_if_then_else,False,0,[],8,,"{'code_has_def_level_termination': False, 'code_has_where': False, 'code_has_do': False, 'code_has_let_rec': True, 'code_self_recursive': False, 'code_aux_nonempty': False, 'n_if': 1, 'n_plus': 0}"
verina_advanced_60,advanced,T5_branch_extract,S,definitional,False,no_tail_if_then_else,False,0,[],8,,"{'code_has_def_level_termination': False, 'code_has_where': False, 'code_has_do': False, 'code_has_let_rec': True, 'code_self_recursive': False, 'code_aux_nonempty': False, 'n_if': 1, 'n_plus': 0}"
verina_advanced_61,advanced,T1_let_intro,D,definitional,True,,True,1,['verina_advanced_61__T1_let_intro__0'],6,8.0,"{'code_has_def_level_termination': False, 'code_has_where': False, 'code_has_do': False, 'code_has_let_rec': False, 'code_self_recursive': False, 'code_aux_nonempty': True, 'n_if': 1, 'n_plus': 4}"
verina_advanced_61,advanced,T2_helper_extract,S,definitional,True,,True,1,['verina_advanced_61__T2_helper_extract__0'],6,8.0,"{'code_has_def_level_termination': False, 'code_has_where': False, 'code_has_do': False, 'code_has_let_rec': False, 'code_self_recursive': False, 'code_aux_nonempty': True, 'n_if': 1, 'n_plus': 4}"
verina_advanced_61,advanced,T3_comm_swap,E,theorem_certified,True,,True,1,['verina_advanced_61__T3_comm_swap__0'],6,6.0,"{'code_has_def_level_termination': False, 'code_has_where': False, 'code_has_do': False, 'code_has_let_rec': False, 'code_self_recursive': False, 'code_aux_nonempty': True, 'n_if': 1, 'n_plus': 4}"
verina_advanced_61,advanced,T4_cond_invert,E,theorem_certified,True,,True,1,['verina_advanced_61__T4_cond_invert__0'],6,6.0,"{'code_has_def_level_termination': False, 'code_has_where': False, 'code_has_do': False, 'code_has_let_rec': False, 'code_self_recursive': False, 'code_aux_nonempty': True, 'n_if': 1, 'n_plus': 4}"
verina_advanced_61,advanced,T5_branch_extract,S,definitional,False,bindings_before_tail_if,False,0,[],6,,"{'code_has_def_level_termination': False, 'code_has_where': False, 'code_has_do': False, 'code_has_let_rec': False, 'code_self_recursive': False, 'code_aux_nonempty': True, 'n_if': 1, 'n_plus': 4}"
verina_advanced_62,advanced,T1_let_intro,D,definitional,True,,True,1,['verina_advanced_62__T1_let_intro__0'],15,17.0,"{'code_has_def_level_termination': False, 'code_has_where': False, 'code_has_do': False, 'code_has_let_rec': True, 'code_self_recursive': False, 'code_aux_nonempty': False, 'n_if': 3, 'n_plus': 3}"
verina_advanced_62,advanced,T2_helper_extract,S,definitional,True,,True,1,['verina_advanced_62__T2_helper_extract__0'],15,17.0,"{'code_has_def_level_termination': False, 'code_has_where': False, 'code_has_do': False, 'code_has_let_rec': True, 'code_self_recursive': False, 'code_aux_nonempty': False, 'n_if': 3, 'n_plus': 3}"
verina_advanced_62,advanced,T3_comm_swap,E,theorem_certified,False,no_commutative_operator_occurrence,False,0,[],15,,"{'code_has_def_level_termination': False, 'code_has_where': False, 'code_has_do': False, 'code_has_let_rec': True, 'code_self_recursive': False, 'code_aux_nonempty': False, 'n_if': 3, 'n_plus': 3}"
verina_advanced_62,advanced,T4_cond_invert,E,theorem_certified,True,,True,1,['verina_advanced_62__T4_cond_invert__0'],15,16.0,"{'code_has_def_level_termination': False, 'code_has_where': False, 'code_has_do': False, 'code_has_let_rec': True, 'code_self_recursive': False, 'code_aux_nonempty': False, 'n_if': 3, 'n_plus': 3}"
verina_advanced_62,advanced,T5_branch_extract,S,definitional,False,bindings_before_tail_if,False,0,[],15,,"{'code_has_def_level_termination': False, 'code_has_where': False, 'code_has_do': False, 'code_has_let_rec': True, 'code_self_recursive': False, 'code_aux_nonempty': False, 'n_if': 3, 'n_plus': 3}"
verina_advanced_63,advanced,T1_let_intro,D,definitional,True,,True,1,['verina_advanced_63__T1_let_intro__0'],18,20.0,"{'code_has_def_level_termination': False, 'code_has_where': False, 'code_has_do': False, 'code_has_let_rec': True, 'code_self_recursive': False, 'code_aux_nonempty': False, 'n_if': 1, 'n_plus': 1}"
verina_advanced_63,advanced,T2_helper_extract,S,definitional,True,,True,1,['verina_advanced_63__T2_helper_extract__0'],18,20.0,"{'code_has_def_level_termination': False, 'code_has_where': False, 'code_has_do': False, 'code_has_let_rec': True, 'code_self_recursive': False, 'code_aux_nonempty': False, 'n_if': 1, 'n_plus': 1}"
verina_advanced_63,advanced,T3_comm_swap,E,theorem_certified,True,,True,1,['verina_advanced_63__T3_comm_swap__0'],18,18.0,"{'code_has_def_level_termination': False, 'code_has_where': False, 'code_has_do': False, 'code_has_let_rec': True, 'code_self_recursive': False, 'code_aux_nonempty': False, 'n_if': 1, 'n_plus': 1}"
verina_advanced_63,advanced,T4_cond_invert,E,theorem_certified,False,no_tail_if_then_else,False,0,[],18,,"{'code_has_def_level_termination': False, 'code_has_where': False, 'code_has_do': False, 'code_has_let_rec': True, 'code_self_recursive': False, 'code_aux_nonempty': False, 'n_if': 1, 'n_plus': 1}"
verina_advanced_63,advanced,T5_branch_extract,S,definitional,False,no_tail_if_then_else,False,0,[],18,,"{'code_has_def_level_termination': False, 'code_has_where': False, 'code_has_do': False, 'code_has_let_rec': True, 'code_self_recursive': False, 'code_aux_nonempty': False, 'n_if': 1, 'n_plus': 1}"
verina_advanced_64,advanced,T1_let_intro,D,definitional,True,,True,1,['verina_advanced_64__T1_let_intro__0'],7,9.0,"{'code_has_def_level_termination': False, 'code_has_where': False, 'code_has_do': False, 'code_has_let_rec': True, 'code_self_recursive': False, 'code_aux_nonempty': False, 'n_if': 1, 'n_plus': 0}"
verina_advanced_64,advanced,T2_helper_extract,S,definitional,True,,True,1,['verina_advanced_64__T2_helper_extract__0'],7,9.0,"{'code_has_def_level_termination': False, 'code_has_where': False, 'code_has_do': False, 'code_has_let_rec': True, 'code_self_recursive': False, 'code_aux_nonempty': False, 'n_if': 1, 'n_plus': 0}"
verina_advanced_64,advanced,T3_comm_swap,E,theorem_certified,False,no_commutative_operator_occurrence,False,0,[],7,,"{'code_has_def_level_termination': False, 'code_has_where': False, 'code_has_do': False, 'code_has_let_rec': True, 'code_self_recursive': False, 'code_aux_nonempty': False, 'n_if': 1, 'n_plus': 0}"
verina_advanced_64,advanced,T4_cond_invert,E,theorem_certified,False,no_tail_if_then_else,False,0,[],7,,"{'code_has_def_level_termination': False, 'code_has_where': False, 'code_has_do': False, 'code_has_let_rec': True, 'code_self_recursive': False, 'code_aux_nonempty': False, 'n_if': 1, 'n_plus': 0}"
verina_advanced_64,advanced,T5_branch_extract,S,definitional,False,no_tail_if_then_else,False,0,[],7,,"{'code_has_def_level_termination': False, 'code_has_where': False, 'code_has_do': False, 'code_has_let_rec': True, 'code_self_recursive': False, 'code_aux_nonempty': False, 'n_if': 1, 'n_plus': 0}"
verina_advanced_65,advanced,T1_let_intro,D,definitional,True,,True,1,['verina_advanced_65__T1_let_intro__0'],5,7.0,"{'code_has_def_level_termination': False, 'code_has_where': False, 'code_has_do': False, 'code_has_let_rec': True, 'code_self_recursive': False, 'code_aux_nonempty': False, 'n_if': 0, 'n_plus': 0}"
verina_advanced_65,advanced,T2_helper_extract,S,definitional,True,,True,1,['verina_advanced_65__T2_helper_extract__0'],5,7.0,"{'code_has_def_level_termination': False, 'code_has_where': False, 'code_has_do': False, 'code_has_let_rec': True, 'code_self_recursive': False, 'code_aux_nonempty': False, 'n_if': 0, 'n_plus': 0}"
verina_advanced_65,advanced,T3_comm_swap,E,theorem_certified,False,no_commutative_operator_occurrence,False,0,[],5,,"{'code_has_def_level_termination': False, 'code_has_where': False, 'code_has_do': False, 'code_has_let_rec': True, 'code_self_recursive': False, 'code_aux_nonempty': False, 'n_if': 0, 'n_plus': 0}"
verina_advanced_65,advanced,T4_cond_invert,E,theorem_certified,False,no_tail_if_then_else,False,0,[],5,,"{'code_has_def_level_termination': False, 'code_has_where': False, 'code_has_do': False, 'code_has_let_rec': True, 'code_self_recursive': False, 'code_aux_nonempty': False, 'n_if': 0, 'n_plus': 0}"
verina_advanced_65,advanced,T5_branch_extract,S,definitional,False,no_tail_if_then_else,False,0,[],5,,"{'code_has_def_level_termination': False, 'code_has_where': False, 'code_has_do': False, 'code_has_let_rec': True, 'code_self_recursive': False, 'code_aux_nonempty': False, 'n_if': 0, 'n_plus': 0}"
verina_advanced_66,advanced,T1_let_intro,D,definitional,True,,True,1,['verina_advanced_66__T1_let_intro__0'],19,21.0,"{'code_has_def_level_termination': False, 'code_has_where': False, 'code_has_do': False, 'code_has_let_rec': True, 'code_self_recursive': False, 'code_aux_nonempty': False, 'n_if': 1, 'n_plus': 0}"
verina_advanced_66,advanced,T2_helper_extract,S,definitional,True,,True,1,['verina_advanced_66__T2_helper_extract__0'],19,21.0,"{'code_has_def_level_termination': False, 'code_has_where': False, 'code_has_do': False, 'code_has_let_rec': True, 'code_self_recursive': False, 'code_aux_nonempty': False, 'n_if': 1, 'n_plus': 0}"
verina_advanced_66,advanced,T3_comm_swap,E,theorem_certified,False,no_commutative_operator_occurrence,False,0,[],19,,"{'code_has_def_level_termination': False, 'code_has_where': False, 'code_has_do': False, 'code_has_let_rec': True, 'code_self_recursive': False, 'code_aux_nonempty': False, 'n_if': 1, 'n_plus': 0}"
verina_advanced_66,advanced,T4_cond_invert,E,theorem_certified,False,no_tail_if_then_else,False,0,[],19,,"{'code_has_def_level_termination': False, 'code_has_where': False, 'code_has_do': False, 'code_has_let_rec': True, 'code_self_recursive': False, 'code_aux_nonempty': False, 'n_if': 1, 'n_plus': 0}"
verina_advanced_66,advanced,T5_branch_extract,S,definitional,False,no_tail_if_then_else,False,0,[],19,,"{'code_has_def_level_termination': False, 'code_has_where': False, 'code_has_do': False, 'code_has_let_rec': True, 'code_self_recursive': False, 'code_aux_nonempty': False, 'n_if': 1, 'n_plus': 0}"
verina_advanced_67,advanced,T1_let_intro,D,definitional,True,,True,1,['verina_advanced_67__T1_let_intro__0'],15,17.0,"{'code_has_def_level_termination': False, 'code_has_where': False, 'code_has_do': False, 'code_has_let_rec': True, 'code_self_recursive': False, 'code_aux_nonempty': False, 'n_if': 1, 'n_plus': 1}"
verina_advanced_67,advanced,T2_helper_extract,S,definitional,True,,True,1,['verina_advanced_67__T2_helper_extract__0'],15,17.0,"{'code_has_def_level_termination': False, 'code_has_where': False, 'code_has_do': False, 'code_has_let_rec': True, 'code_self_recursive': False, 'code_aux_nonempty': False, 'n_if': 1, 'n_plus': 1}"
verina_advanced_67,advanced,T3_comm_swap,E,theorem_certified,True,,True,1,['verina_advanced_67__T3_comm_swap__0'],15,15.0,"{'code_has_def_level_termination': False, 'code_has_where': False, 'code_has_do': False, 'code_has_let_rec': True, 'code_self_recursive': False, 'code_aux_nonempty': False, 'n_if': 1, 'n_plus': 1}"
verina_advanced_67,advanced,T4_cond_invert,E,theorem_certified,False,no_tail_if_then_else,False,0,[],15,,"{'code_has_def_level_termination': False, 'code_has_where': False, 'code_has_do': False, 'code_has_let_rec': True, 'code_self_recursive': False, 'code_aux_nonempty': False, 'n_if': 1, 'n_plus': 1}"
verina_advanced_67,advanced,T5_branch_extract,S,definitional,False,no_tail_if_then_else,False,0,[],15,,"{'code_has_def_level_termination': False, 'code_has_where': False, 'code_has_do': False, 'code_has_let_rec': True, 'code_self_recursive': False, 'code_aux_nonempty': False, 'n_if': 1, 'n_plus': 1}"
verina_advanced_68,advanced,T1_let_intro,D,definitional,True,,True,1,['verina_advanced_68__T1_let_intro__0'],30,32.0,"{'code_has_def_level_termination': False, 'code_has_where': False, 'code_has_do': False, 'code_has_let_rec': True, 'code_self_recursive': False, 'code_aux_nonempty': False, 'n_if': 3, 'n_plus': 3}"
verina_advanced_68,advanced,T2_helper_extract,S,definitional,True,,True,1,['verina_advanced_68__T2_helper_extract__0'],30,32.0,"{'code_has_def_level_termination': False, 'code_has_where': False, 'code_has_do': False, 'code_has_let_rec': True, 'code_self_recursive': False, 'code_aux_nonempty': False, 'n_if': 3, 'n_plus': 3}"
verina_advanced_68,advanced,T3_comm_swap,E,theorem_certified,True,,True,2,"['verina_advanced_68__T3_comm_swap__0', 'verina_advanced_68__T3_comm_swap__1']",30,30.0,"{'code_has_def_level_termination': False, 'code_has_where': False, 'code_has_do': False, 'code_has_let_rec': True, 'code_self_recursive': False, 'code_aux_nonempty': False, 'n_if': 3, 'n_plus': 3}"
verina_advanced_68,advanced,T4_cond_invert,E,theorem_certified,True,,True,1,['verina_advanced_68__T4_cond_invert__0'],30,30.0,"{'code_has_def_level_termination': False, 'code_has_where': False, 'code_has_do': False, 'code_has_let_rec': True, 'code_self_recursive': False, 'code_aux_nonempty': False, 'n_if': 3, 'n_plus': 3}"
verina_advanced_68,advanced,T5_branch_extract,S,definitional,False,bindings_before_tail_if,False,0,[],30,,"{'code_has_def_level_termination': False, 'code_has_where': False, 'code_has_do': False, 'code_has_let_rec': True, 'code_self_recursive': False, 'code_aux_nonempty': False, 'n_if': 3, 'n_plus': 3}"
verina_advanced_69,advanced,T1_let_intro,D,definitional,True,,True,1,['verina_advanced_69__T1_let_intro__0'],23,25.0,"{'code_has_def_level_termination': False, 'code_has_where': False, 'code_has_do': False, 'code_has_let_rec': True, 'code_self_recursive': False, 'code_aux_nonempty': False, 'n_if': 1, 'n_plus': 1}"
verina_advanced_69,advanced,T2_helper_extract,S,definitional,True,,True,1,['verina_advanced_69__T2_helper_extract__0'],23,25.0,"{'code_has_def_level_termination': False, 'code_has_where': False, 'code_has_do': False, 'code_has_let_rec': True, 'code_self_recursive': False, 'code_aux_nonempty': False, 'n_if': 1, 'n_plus': 1}"
verina_advanced_69,advanced,T3_comm_swap,E,theorem_certified,True,,True,1,['verina_advanced_69__T3_comm_swap__0'],23,23.0,"{'code_has_def_level_termination': False, 'code_has_where': False, 'code_has_do': False, 'code_has_let_rec': True, 'code_self_recursive': False, 'code_aux_nonempty': False, 'n_if': 1, 'n_plus': 1}"
verina_advanced_69,advanced,T4_cond_invert,E,theorem_certified,False,no_tail_if_then_else,False,0,[],23,,"{'code_has_def_level_termination': False, 'code_has_where': False, 'code_has_do': False, 'code_has_let_rec': True, 'code_self_recursive': False, 'code_aux_nonempty': False, 'n_if': 1, 'n_plus': 1}"
verina_advanced_69,advanced,T5_branch_extract,S,definitional,False,no_tail_if_then_else,False,0,[],23,,"{'code_has_def_level_termination': False, 'code_has_where': False, 'code_has_do': False, 'code_has_let_rec': True, 'code_self_recursive': False, 'code_aux_nonempty': False, 'n_if': 1, 'n_plus': 1}"
verina_advanced_7,advanced,T1_let_intro,D,definitional,True,,True,1,['verina_advanced_7__T1_let_intro__0'],5,7.0,"{'code_has_def_level_termination': False, 'code_has_where': False, 'code_has_do': False, 'code_has_let_rec': True, 'code_self_recursive': False, 'code_aux_nonempty': False, 'n_if': 0, 'n_plus': 1}"
verina_advanced_7,advanced,T2_helper_extract,S,definitional,True,,True,1,['verina_advanced_7__T2_helper_extract__0'],5,7.0,"{'code_has_def_level_termination': False, 'code_has_where': False, 'code_has_do': False, 'code_has_let_rec': True, 'code_self_recursive': False, 'code_aux_nonempty': False, 'n_if': 0, 'n_plus': 1}"
verina_advanced_7,advanced,T3_comm_swap,E,theorem_certified,False,no_commutative_operator_occurrence,False,0,[],5,,"{'code_has_def_level_termination': False, 'code_has_where': False, 'code_has_do': False, 'code_has_let_rec': True, 'code_self_recursive': False, 'code_aux_nonempty': False, 'n_if': 0, 'n_plus': 1}"
verina_advanced_7,advanced,T4_cond_invert,E,theorem_certified,False,no_tail_if_then_else,False,0,[],5,,"{'code_has_def_level_termination': False, 'code_has_where': False, 'code_has_do': False, 'code_has_let_rec': True, 'code_self_recursive': False, 'code_aux_nonempty': False, 'n_if': 0, 'n_plus': 1}"
verina_advanced_7,advanced,T5_branch_extract,S,definitional,False,no_tail_if_then_else,False,0,[],5,,"{'code_has_def_level_termination': False, 'code_has_where': False, 'code_has_do': False, 'code_has_let_rec': True, 'code_self_recursive': False, 'code_aux_nonempty': False, 'n_if': 0, 'n_plus': 1}"
verina_advanced_70,advanced,T1_let_intro,D,definitional,True,,True,1,['verina_advanced_70__T1_let_intro__0'],15,17.0,"{'code_has_def_level_termination': False, 'code_has_where': False, 'code_has_do': False, 'code_has_let_rec': False, 'code_self_recursive': False, 'code_aux_nonempty': False, 'n_if': 3, 'n_plus': 1}"
verina_advanced_70,advanced,T2_helper_extract,S,definitional,True,,True,1,['verina_advanced_70__T2_helper_extract__0'],15,17.0,"{'code_has_def_level_termination': False, 'code_has_where': False, 'code_has_do': False, 'code_has_let_rec': False, 'code_self_recursive': False, 'code_aux_nonempty': False, 'n_if': 3, 'n_plus': 1}"
verina_advanced_70,advanced,T3_comm_swap,E,theorem_certified,True,,True,1,['verina_advanced_70__T3_comm_swap__0'],15,15.0,"{'code_has_def_level_termination': False, 'code_has_where': False, 'code_has_do': False, 'code_has_let_rec': False, 'code_self_recursive': False, 'code_aux_nonempty': False, 'n_if': 3, 'n_plus': 1}"
verina_advanced_70,advanced,T4_cond_invert,E,theorem_certified,False,no_tail_if_then_else,False,0,[],15,,"{'code_has_def_level_termination': False, 'code_has_where': False, 'code_has_do': False, 'code_has_let_rec': False, 'code_self_recursive': False, 'code_aux_nonempty': False, 'n_if': 3, 'n_plus': 1}"
verina_advanced_70,advanced,T5_branch_extract,S,definitional,False,no_tail_if_then_else,False,0,[],15,,"{'code_has_def_level_termination': False, 'code_has_where': False, 'code_has_do': False, 'code_has_let_rec': False, 'code_self_recursive': False, 'code_aux_nonempty': False, 'n_if': 3, 'n_plus': 1}"
verina_advanced_71,advanced,T1_let_intro,D,definitional,True,,True,1,['verina_advanced_71__T1_let_intro__0'],11,13.0,"{'code_has_def_level_termination': False, 'code_has_where': False, 'code_has_do': False, 'code_has_let_rec': False, 'code_self_recursive': False, 'code_aux_nonempty': True, 'n_if': 1, 'n_plus': 0}"
verina_advanced_71,advanced,T2_helper_extract,S,definitional,True,,True,1,['verina_advanced_71__T2_helper_extract__0'],11,13.0,"{'code_has_def_level_termination': False, 'code_has_where': False, 'code_has_do': False, 'code_has_let_rec': False, 'code_self_recursive': False, 'code_aux_nonempty': True, 'n_if': 1, 'n_plus': 0}"
verina_advanced_71,advanced,T3_comm_swap,E,theorem_certified,False,no_commutative_operator_occurrence,False,0,[],11,,"{'code_has_def_level_termination': False, 'code_has_where': False, 'code_has_do': False, 'code_has_let_rec': False, 'code_self_recursive': False, 'code_aux_nonempty': True, 'n_if': 1, 'n_plus': 0}"
verina_advanced_71,advanced,T4_cond_invert,E,theorem_certified,False,no_tail_if_then_else,False,0,[],11,,"{'code_has_def_level_termination': False, 'code_has_where': False, 'code_has_do': False, 'code_has_let_rec': False, 'code_self_recursive': False, 'code_aux_nonempty': True, 'n_if': 1, 'n_plus': 0}"
verina_advanced_71,advanced,T5_branch_extract,S,definitional,False,no_tail_if_then_else,False,0,[],11,,"{'code_has_def_level_termination': False, 'code_has_where': False, 'code_has_do': False, 'code_has_let_rec': False, 'code_self_recursive': False, 'code_aux_nonempty': True, 'n_if': 1, 'n_plus': 0}"
verina_advanced_72,advanced,T1_let_intro,D,definitional,True,,True,1,['verina_advanced_72__T1_let_intro__0'],6,8.0,"{'code_has_def_level_termination': False, 'code_has_where': False, 'code_has_do': False, 'code_has_let_rec': False, 'code_self_recursive': False, 'code_aux_nonempty': False, 'n_if': 5, 'n_plus': 0}"
verina_advanced_72,advanced,T2_helper_extract,S,definitional,True,,True,1,['verina_advanced_72__T2_helper_extract__0'],6,8.0,"{'code_has_def_level_termination': False, 'code_has_where': False, 'code_has_do': False, 'code_has_let_rec': False, 'code_self_recursive': False, 'code_aux_nonempty': False, 'n_if': 5, 'n_plus': 0}"
verina_advanced_72,advanced,T3_comm_swap,E,theorem_certified,False,no_commutative_operator_occurrence,False,0,[],6,,"{'code_has_def_level_termination': False, 'code_has_where': False, 'code_has_do': False, 'code_has_let_rec': False, 'code_self_recursive': False, 'code_aux_nonempty': False, 'n_if': 5, 'n_plus': 0}"
verina_advanced_72,advanced,T4_cond_invert,E,theorem_certified,True,,True,1,['verina_advanced_72__T4_cond_invert__0'],6,6.0,"{'code_has_def_level_termination': False, 'code_has_where': False, 'code_has_do': False, 'code_has_let_rec': False, 'code_self_recursive': False, 'code_aux_nonempty': False, 'n_if': 5, 'n_plus': 0}"
verina_advanced_72,advanced,T5_branch_extract,S,definitional,True,,True,1,['verina_advanced_72__T5_branch_extract__0'],6,9.0,"{'code_has_def_level_termination': False, 'code_has_where': False, 'code_has_do': False, 'code_has_let_rec': False, 'code_self_recursive': False, 'code_aux_nonempty': False, 'n_if': 5, 'n_plus': 0}"
verina_advanced_73,advanced,T1_let_intro,D,definitional,True,,True,1,['verina_advanced_73__T1_let_intro__0'],16,18.0,"{'code_has_def_level_termination': False, 'code_has_where': False, 'code_has_do': False, 'code_has_let_rec': True, 'code_self_recursive': False, 'code_aux_nonempty': False, 'n_if': 2, 'n_plus': 1}"
verina_advanced_73,advanced,T2_helper_extract,S,definitional,True,,True,1,['verina_advanced_73__T2_helper_extract__0'],16,18.0,"{'code_has_def_level_termination': False, 'code_has_where': False, 'code_has_do': False, 'code_has_let_rec': True, 'code_self_recursive': False, 'code_aux_nonempty': False, 'n_if': 2, 'n_plus': 1}"
verina_advanced_73,advanced,T3_comm_swap,E,theorem_certified,True,,True,1,['verina_advanced_73__T3_comm_swap__0'],16,16.0,"{'code_has_def_level_termination': False, 'code_has_where': False, 'code_has_do': False, 'code_has_let_rec': True, 'code_self_recursive': False, 'code_aux_nonempty': False, 'n_if': 2, 'n_plus': 1}"
verina_advanced_73,advanced,T4_cond_invert,E,theorem_certified,False,no_tail_if_then_else,False,0,[],16,,"{'code_has_def_level_termination': False, 'code_has_where': False, 'code_has_do': False, 'code_has_let_rec': True, 'code_self_recursive': False, 'code_aux_nonempty': False, 'n_if': 2, 'n_plus': 1}"
verina_advanced_73,advanced,T5_branch_extract,S,definitional,False,no_tail_if_then_else,False,0,[],16,,"{'code_has_def_level_termination': False, 'code_has_where': False, 'code_has_do': False, 'code_has_let_rec': True, 'code_self_recursive': False, 'code_aux_nonempty': False, 'n_if': 2, 'n_plus': 1}"
verina_advanced_74,advanced,T1_let_intro,D,definitional,True,,True,1,['verina_advanced_74__T1_let_intro__0'],13,15.0,"{'code_has_def_level_termination': False, 'code_has_where': False, 'code_has_do': False, 'code_has_let_rec': False, 'code_self_recursive': False, 'code_aux_nonempty': False, 'n_if': 0, 'n_plus': 4}"
verina_advanced_74,advanced,T2_helper_extract,S,definitional,True,,True,1,['verina_advanced_74__T2_helper_extract__0'],13,15.0,"{'code_has_def_level_termination': False, 'code_has_where': False, 'code_has_do': False, 'code_has_let_rec': False, 'code_self_recursive': False, 'code_aux_nonempty': False, 'n_if': 0, 'n_plus': 4}"
verina_advanced_74,advanced,T3_comm_swap,E,theorem_certified,True,,True,1,['verina_advanced_74__T3_comm_swap__0'],13,13.0,"{'code_has_def_level_termination': False, 'code_has_where': False, 'code_has_do': False, 'code_has_let_rec': False, 'code_self_recursive': False, 'code_aux_nonempty': False, 'n_if': 0, 'n_plus': 4}"
verina_advanced_74,advanced,T4_cond_invert,E,theorem_certified,False,no_tail_if_then_else,False,0,[],13,,"{'code_has_def_level_termination': False, 'code_has_where': False, 'code_has_do': False, 'code_has_let_rec': False, 'code_self_recursive': False, 'code_aux_nonempty': False, 'n_if': 0, 'n_plus': 4}"
verina_advanced_74,advanced,T5_branch_extract,S,definitional,False,no_tail_if_then_else,False,0,[],13,,"{'code_has_def_level_termination': False, 'code_has_where': False, 'code_has_do': False, 'code_has_let_rec': False, 'code_self_recursive': False, 'code_aux_nonempty': False, 'n_if': 0, 'n_plus': 4}"
verina_advanced_75,advanced,T1_let_intro,D,definitional,True,,True,1,['verina_advanced_75__T1_let_intro__0'],11,13.0,"{'code_has_def_level_termination': False, 'code_has_where': False, 'code_has_do': False, 'code_has_let_rec': False, 'code_self_recursive': False, 'code_aux_nonempty': False, 'n_if': 2, 'n_plus': 2}"
verina_advanced_75,advanced,T2_helper_extract,S,definitional,True,,True,1,['verina_advanced_75__T2_helper_extract__0'],11,13.0,"{'code_has_def_level_termination': False, 'code_has_where': False, 'code_has_do': False, 'code_has_let_rec': False, 'code_self_recursive': False, 'code_aux_nonempty': False, 'n_if': 2, 'n_plus': 2}"
verina_advanced_75,advanced,T3_comm_swap,E,theorem_certified,True,,True,2,"['verina_advanced_75__T3_comm_swap__0', 'verina_advanced_75__T3_comm_swap__1']",11,11.0,"{'code_has_def_level_termination': False, 'code_has_where': False, 'code_has_do': False, 'code_has_let_rec': False, 'code_self_recursive': False, 'code_aux_nonempty': False, 'n_if': 2, 'n_plus': 2}"
verina_advanced_75,advanced,T4_cond_invert,E,theorem_certified,False,no_tail_if_then_else,False,0,[],11,,"{'code_has_def_level_termination': False, 'code_has_where': False, 'code_has_do': False, 'code_has_let_rec': False, 'code_self_recursive': False, 'code_aux_nonempty': False, 'n_if': 2, 'n_plus': 2}"
verina_advanced_75,advanced,T5_branch_extract,S,definitional,False,no_tail_if_then_else,False,0,[],11,,"{'code_has_def_level_termination': False, 'code_has_where': False, 'code_has_do': False, 'code_has_let_rec': False, 'code_self_recursive': False, 'code_aux_nonempty': False, 'n_if': 2, 'n_plus': 2}"
verina_advanced_76,advanced,T1_let_intro,D,definitional,True,,True,1,['verina_advanced_76__T1_let_intro__0'],19,21.0,"{'code_has_def_level_termination': False, 'code_has_where': False, 'code_has_do': False, 'code_has_let_rec': True, 'code_self_recursive': False, 'code_aux_nonempty': False, 'n_if': 2, 'n_plus': 1}"
verina_advanced_76,advanced,T2_helper_extract,S,definitional,True,,True,1,['verina_advanced_76__T2_helper_extract__0'],19,21.0,"{'code_has_def_level_termination': False, 'code_has_where': False, 'code_has_do': False, 'code_has_let_rec': True, 'code_self_recursive': False, 'code_aux_nonempty': False, 'n_if': 2, 'n_plus': 1}"
verina_advanced_76,advanced,T3_comm_swap,E,theorem_certified,True,,True,1,['verina_advanced_76__T3_comm_swap__0'],19,19.0,"{'code_has_def_level_termination': False, 'code_has_where': False, 'code_has_do': False, 'code_has_let_rec': True, 'code_self_recursive': False, 'code_aux_nonempty': False, 'n_if': 2, 'n_plus': 1}"
verina_advanced_76,advanced,T4_cond_invert,E,theorem_certified,False,no_tail_if_then_else,False,0,[],19,,"{'code_has_def_level_termination': False, 'code_has_where': False, 'code_has_do': False, 'code_has_let_rec': True, 'code_self_recursive': False, 'code_aux_nonempty': False, 'n_if': 2, 'n_plus': 1}"
verina_advanced_76,advanced,T5_branch_extract,S,definitional,False,no_tail_if_then_else,False,0,[],19,,"{'code_has_def_level_termination': False, 'code_has_where': False, 'code_has_do': False, 'code_has_let_rec': True, 'code_self_recursive': False, 'code_aux_nonempty': False, 'n_if': 2, 'n_plus': 1}"
verina_advanced_77,advanced,T1_let_intro,D,definitional,True,,True,1,['verina_advanced_77__T1_let_intro__0'],1,3.0,"{'code_has_def_level_termination': False, 'code_has_where': False, 'code_has_do': False, 'code_has_let_rec': False, 'code_self_recursive': False, 'code_aux_nonempty': True, 'n_if': 0, 'n_plus': 0}"
verina_advanced_77,advanced,T2_helper_extract,S,definitional,True,,True,1,['verina_advanced_77__T2_helper_extract__0'],1,3.0,"{'code_has_def_level_termination': False, 'code_has_where': False, 'code_has_do': False, 'code_has_let_rec': False, 'code_self_recursive': False, 'code_aux_nonempty': True, 'n_if': 0, 'n_plus': 0}"
verina_advanced_77,advanced,T3_comm_swap,E,theorem_certified,False,no_commutative_operator_occurrence,False,0,[],1,,"{'code_has_def_level_termination': False, 'code_has_where': False, 'code_has_do': False, 'code_has_let_rec': False, 'code_self_recursive': False, 'code_aux_nonempty': True, 'n_if': 0, 'n_plus': 0}"
verina_advanced_77,advanced,T4_cond_invert,E,theorem_certified,False,no_tail_if_then_else,False,0,[],1,,"{'code_has_def_level_termination': False, 'code_has_where': False, 'code_has_do': False, 'code_has_let_rec': False, 'code_self_recursive': False, 'code_aux_nonempty': True, 'n_if': 0, 'n_plus': 0}"
verina_advanced_77,advanced,T5_branch_extract,S,definitional,False,no_tail_if_then_else,False,0,[],1,,"{'code_has_def_level_termination': False, 'code_has_where': False, 'code_has_do': False, 'code_has_let_rec': False, 'code_self_recursive': False, 'code_aux_nonempty': True, 'n_if': 0, 'n_plus': 0}"
verina_advanced_78,advanced,T1_let_intro,D,definitional,True,,True,1,['verina_advanced_78__T1_let_intro__0'],1,3.0,"{'code_has_def_level_termination': False, 'code_has_where': False, 'code_has_do': False, 'code_has_let_rec': False, 'code_self_recursive': False, 'code_aux_nonempty': True, 'n_if': 0, 'n_plus': 0}"
verina_advanced_78,advanced,T2_helper_extract,S,definitional,True,,True,1,['verina_advanced_78__T2_helper_extract__0'],1,3.0,"{'code_has_def_level_termination': False, 'code_has_where': False, 'code_has_do': False, 'code_has_let_rec': False, 'code_self_recursive': False, 'code_aux_nonempty': True, 'n_if': 0, 'n_plus': 0}"
verina_advanced_78,advanced,T3_comm_swap,E,theorem_certified,False,no_commutative_operator_occurrence,False,0,[],1,,"{'code_has_def_level_termination': False, 'code_has_where': False, 'code_has_do': False, 'code_has_let_rec': False, 'code_self_recursive': False, 'code_aux_nonempty': True, 'n_if': 0, 'n_plus': 0}"
verina_advanced_78,advanced,T4_cond_invert,E,theorem_certified,False,no_tail_if_then_else,False,0,[],1,,"{'code_has_def_level_termination': False, 'code_has_where': False, 'code_has_do': False, 'code_has_let_rec': False, 'code_self_recursive': False, 'code_aux_nonempty': True, 'n_if': 0, 'n_plus': 0}"
verina_advanced_78,advanced,T5_branch_extract,S,definitional,False,no_tail_if_then_else,False,0,[],1,,"{'code_has_def_level_termination': False, 'code_has_where': False, 'code_has_do': False, 'code_has_let_rec': False, 'code_self_recursive': False, 'code_aux_nonempty': True, 'n_if': 0, 'n_plus': 0}"
verina_advanced_79,advanced,T1_let_intro,D,definitional,True,,True,1,['verina_advanced_79__T1_let_intro__0'],22,24.0,"{'code_has_def_level_termination': False, 'code_has_where': False, 'code_has_do': False, 'code_has_let_rec': True, 'code_self_recursive': False, 'code_aux_nonempty': False, 'n_if': 1, 'n_plus': 4}"
verina_advanced_79,advanced,T2_helper_extract,S,definitional,True,,True,1,['verina_advanced_79__T2_helper_extract__0'],22,24.0,"{'code_has_def_level_termination': False, 'code_has_where': False, 'code_has_do': False, 'code_has_let_rec': True, 'code_self_recursive': False, 'code_aux_nonempty': False, 'n_if': 1, 'n_plus': 4}"
verina_advanced_79,advanced,T3_comm_swap,E,theorem_certified,True,,True,3,"['verina_advanced_79__T3_comm_swap__0', 'verina_advanced_79__T3_comm_swap__1', 'verina_advanced_79__T3_comm_swap__2']",22,22.0,"{'code_has_def_level_termination': False, 'code_has_where': False, 'code_has_do': False, 'code_has_let_rec': True, 'code_self_recursive': False, 'code_aux_nonempty': False, 'n_if': 1, 'n_plus': 4}"
verina_advanced_79,advanced,T4_cond_invert,E,theorem_certified,False,no_tail_if_then_else,False,0,[],22,,"{'code_has_def_level_termination': False, 'code_has_where': False, 'code_has_do': False, 'code_has_let_rec': True, 'code_self_recursive': False, 'code_aux_nonempty': False, 'n_if': 1, 'n_plus': 4}"
verina_advanced_79,advanced,T5_branch_extract,S,definitional,False,no_tail_if_then_else,False,0,[],22,,"{'code_has_def_level_termination': False, 'code_has_where': False, 'code_has_do': False, 'code_has_let_rec': True, 'code_self_recursive': False, 'code_aux_nonempty': False, 'n_if': 1, 'n_plus': 4}"
verina_advanced_8,advanced,T1_let_intro,D,definitional,True,,True,1,['verina_advanced_8__T1_let_intro__0'],26,28.0,"{'code_has_def_level_termination': False, 'code_has_where': False, 'code_has_do': False, 'code_has_let_rec': True, 'code_self_recursive': False, 'code_aux_nonempty': False, 'n_if': 3, 'n_plus': 10}"
verina_advanced_8,advanced,T2_helper_extract,S,definitional,True,,True,1,['verina_advanced_8__T2_helper_extract__0'],26,28.0,"{'code_has_def_level_termination': False, 'code_has_where': False, 'code_has_do': False, 'code_has_let_rec': True, 'code_self_recursive': False, 'code_aux_nonempty': False, 'n_if': 3, 'n_plus': 10}"
verina_advanced_8,advanced,T3_comm_swap,E,theorem_certified,True,,True,3,"['verina_advanced_8__T3_comm_swap__0', 'verina_advanced_8__T3_comm_swap__1', 'verina_advanced_8__T3_comm_swap__2']",26,26.0,"{'code_has_def_level_termination': False, 'code_has_where': False, 'code_has_do': False, 'code_has_let_rec': True, 'code_self_recursive': False, 'code_aux_nonempty': False, 'n_if': 3, 'n_plus': 10}"
verina_advanced_8,advanced,T4_cond_invert,E,theorem_certified,True,,True,1,['verina_advanced_8__T4_cond_invert__0'],26,26.0,"{'code_has_def_level_termination': False, 'code_has_where': False, 'code_has_do': False, 'code_has_let_rec': True, 'code_self_recursive': False, 'code_aux_nonempty': False, 'n_if': 3, 'n_plus': 10}"
verina_advanced_8,advanced,T5_branch_extract,S,definitional,False,bindings_before_tail_if,False,0,[],26,,"{'code_has_def_level_termination': False, 'code_has_where': False, 'code_has_do': False, 'code_has_let_rec': True, 'code_self_recursive': False, 'code_aux_nonempty': False, 'n_if': 3, 'n_plus': 10}"
verina_advanced_80,advanced,T1_let_intro,D,definitional,True,,True,1,['verina_advanced_80__T1_let_intro__0'],14,16.0,"{'code_has_def_level_termination': False, 'code_has_where': False, 'code_has_do': False, 'code_has_let_rec': True, 'code_self_recursive': False, 'code_aux_nonempty': False, 'n_if': 3, 'n_plus': 5}"
verina_advanced_80,advanced,T2_helper_extract,S,definitional,True,,True,1,['verina_advanced_80__T2_helper_extract__0'],14,16.0,"{'code_has_def_level_termination': False, 'code_has_where': False, 'code_has_do': False, 'code_has_let_rec': True, 'code_self_recursive': False, 'code_aux_nonempty': False, 'n_if': 3, 'n_plus': 5}"
verina_advanced_80,advanced,T3_comm_swap,E,theorem_certified,True,,True,3,"['verina_advanced_80__T3_comm_swap__0', 'verina_advanced_80__T3_comm_swap__1', 'verina_advanced_80__T3_comm_swap__2']",14,14.0,"{'code_has_def_level_termination': False, 'code_has_where': False, 'code_has_do': False, 'code_has_let_rec': True, 'code_self_recursive': False, 'code_aux_nonempty': False, 'n_if': 3, 'n_plus': 5}"
verina_advanced_80,advanced,T4_cond_invert,E,theorem_certified,False,no_tail_if_then_else,False,0,[],14,,"{'code_has_def_level_termination': False, 'code_has_where': False, 'code_has_do': False, 'code_has_let_rec': True, 'code_self_recursive': False, 'code_aux_nonempty': False, 'n_if': 3, 'n_plus': 5}"
verina_advanced_80,advanced,T5_branch_extract,S,definitional,False,no_tail_if_then_else,False,0,[],14,,"{'code_has_def_level_termination': False, 'code_has_where': False, 'code_has_do': False, 'code_has_let_rec': True, 'code_self_recursive': False, 'code_aux_nonempty': False, 'n_if': 3, 'n_plus': 5}"
verina_advanced_81,advanced,T1_let_intro,D,definitional,True,,True,1,['verina_advanced_81__T1_let_intro__0'],29,31.0,"{'code_has_def_level_termination': False, 'code_has_where': False, 'code_has_do': False, 'code_has_let_rec': True, 'code_self_recursive': False, 'code_aux_nonempty': False, 'n_if': 2, 'n_plus': 0}"
verina_advanced_81,advanced,T2_helper_extract,S,definitional,True,,True,1,['verina_advanced_81__T2_helper_extract__0'],29,31.0,"{'code_has_def_level_termination': False, 'code_has_where': False, 'code_has_do': False, 'code_has_let_rec': True, 'code_self_recursive': False, 'code_aux_nonempty': False, 'n_if': 2, 'n_plus': 0}"
verina_advanced_81,advanced,T3_comm_swap,E,theorem_certified,False,no_commutative_operator_occurrence,False,0,[],29,,"{'code_has_def_level_termination': False, 'code_has_where': False, 'code_has_do': False, 'code_has_let_rec': True, 'code_self_recursive': False, 'code_aux_nonempty': False, 'n_if': 2, 'n_plus': 0}"
verina_advanced_81,advanced,T4_cond_invert,E,theorem_certified,False,no_tail_if_then_else,False,0,[],29,,"{'code_has_def_level_termination': False, 'code_has_where': False, 'code_has_do': False, 'code_has_let_rec': True, 'code_self_recursive': False, 'code_aux_nonempty': False, 'n_if': 2, 'n_plus': 0}"
verina_advanced_81,advanced,T5_branch_extract,S,definitional,False,no_tail_if_then_else,False,0,[],29,,"{'code_has_def_level_termination': False, 'code_has_where': False, 'code_has_do': False, 'code_has_let_rec': True, 'code_self_recursive': False, 'code_aux_nonempty': False, 'n_if': 2, 'n_plus': 0}"
verina_advanced_9,advanced,T1_let_intro,D,definitional,True,,True,1,['verina_advanced_9__T1_let_intro__0'],7,9.0,"{'code_has_def_level_termination': False, 'code_has_where': False, 'code_has_do': False, 'code_has_let_rec': True, 'code_self_recursive': False, 'code_aux_nonempty': True, 'n_if': 1, 'n_plus': 2}"
verina_advanced_9,advanced,T2_helper_extract,S,definitional,True,,True,1,['verina_advanced_9__T2_helper_extract__0'],7,9.0,"{'code_has_def_level_termination': False, 'code_has_where': False, 'code_has_do': False, 'code_has_let_rec': True, 'code_self_recursive': False, 'code_aux_nonempty': True, 'n_if': 1, 'n_plus': 2}"
verina_advanced_9,advanced,T3_comm_swap,E,theorem_certified,True,,True,1,['verina_advanced_9__T3_comm_swap__0'],7,7.0,"{'code_has_def_level_termination': False, 'code_has_where': False, 'code_has_do': False, 'code_has_let_rec': True, 'code_self_recursive': False, 'code_aux_nonempty': True, 'n_if': 1, 'n_plus': 2}"
verina_advanced_9,advanced,T4_cond_invert,E,theorem_certified,False,no_tail_if_then_else,False,0,[],7,,"{'code_has_def_level_termination': False, 'code_has_where': False, 'code_has_do': False, 'code_has_let_rec': True, 'code_self_recursive': False, 'code_aux_nonempty': True, 'n_if': 1, 'n_plus': 2}"
verina_advanced_9,advanced,T5_branch_extract,S,definitional,False,no_tail_if_then_else,False,0,[],7,,"{'code_has_def_level_termination': False, 'code_has_where': False, 'code_has_do': False, 'code_has_let_rec': True, 'code_self_recursive': False, 'code_aux_nonempty': True, 'n_if': 1, 'n_plus': 2}"
verina_basic_1,basic,T1_let_intro,D,definitional,True,,True,1,['verina_basic_1__T1_let_intro__0'],1,3.0,"{'code_has_def_level_termination': False, 'code_has_where': False, 'code_has_do': False, 'code_has_let_rec': False, 'code_self_recursive': False, 'code_aux_nonempty': False, 'n_if': 0, 'n_plus': 0}"
verina_basic_1,basic,T2_helper_extract,S,definitional,True,,True,1,['verina_basic_1__T2_helper_extract__0'],1,3.0,"{'code_has_def_level_termination': False, 'code_has_where': False, 'code_has_do': False, 'code_has_let_rec': False, 'code_self_recursive': False, 'code_aux_nonempty': False, 'n_if': 0, 'n_plus': 0}"
verina_basic_1,basic,T3_comm_swap,E,theorem_certified,True,,True,1,['verina_basic_1__T3_comm_swap__0'],1,1.0,"{'code_has_def_level_termination': False, 'code_has_where': False, 'code_has_do': False, 'code_has_let_rec': False, 'code_self_recursive': False, 'code_aux_nonempty': False, 'n_if': 0, 'n_plus': 0}"
verina_basic_1,basic,T4_cond_invert,E,theorem_certified,False,no_tail_if_then_else,False,0,[],1,,"{'code_has_def_level_termination': False, 'code_has_where': False, 'code_has_do': False, 'code_has_let_rec': False, 'code_self_recursive': False, 'code_aux_nonempty': False, 'n_if': 0, 'n_plus': 0}"
verina_basic_1,basic,T5_branch_extract,S,definitional,False,no_tail_if_then_else,False,0,[],1,,"{'code_has_def_level_termination': False, 'code_has_where': False, 'code_has_do': False, 'code_has_let_rec': False, 'code_self_recursive': False, 'code_aux_nonempty': False, 'n_if': 0, 'n_plus': 0}"
verina_basic_10,basic,T1_let_intro,D,definitional,True,,True,1,['verina_basic_10__T1_let_intro__0'],1,3.0,"{'code_has_def_level_termination': False, 'code_has_where': False, 'code_has_do': False, 'code_has_let_rec': False, 'code_self_recursive': False, 'code_aux_nonempty': False, 'n_if': 0, 'n_plus': 0}"
verina_basic_10,basic,T2_helper_extract,S,definitional,True,,True,1,['verina_basic_10__T2_helper_extract__0'],1,3.0,"{'code_has_def_level_termination': False, 'code_has_where': False, 'code_has_do': False, 'code_has_let_rec': False, 'code_self_recursive': False, 'code_aux_nonempty': False, 'n_if': 0, 'n_plus': 0}"
verina_basic_10,basic,T3_comm_swap,E,theorem_certified,False,no_commutative_operator_occurrence,False,0,[],1,,"{'code_has_def_level_termination': False, 'code_has_where': False, 'code_has_do': False, 'code_has_let_rec': False, 'code_self_recursive': False, 'code_aux_nonempty': False, 'n_if': 0, 'n_plus': 0}"
verina_basic_10,basic,T4_cond_invert,E,theorem_certified,False,no_tail_if_then_else,False,0,[],1,,"{'code_has_def_level_termination': False, 'code_has_where': False, 'code_has_do': False, 'code_has_let_rec': False, 'code_self_recursive': False, 'code_aux_nonempty': False, 'n_if': 0, 'n_plus': 0}"
verina_basic_10,basic,T5_branch_extract,S,definitional,False,no_tail_if_then_else,False,0,[],1,,"{'code_has_def_level_termination': False, 'code_has_where': False, 'code_has_do': False, 'code_has_let_rec': False, 'code_self_recursive': False, 'code_aux_nonempty': False, 'n_if': 0, 'n_plus': 0}"
verina_basic_100,basic,T1_let_intro,D,definitional,True,,True,1,['verina_basic_100__T1_let_intro__0'],3,5.0,"{'code_has_def_level_termination': False, 'code_has_where': False, 'code_has_do': False, 'code_has_let_rec': False, 'code_self_recursive': False, 'code_aux_nonempty': False, 'n_if': 1, 'n_plus': 1}"
verina_basic_100,basic,T2_helper_extract,S,definitional,True,,True,1,['verina_basic_100__T2_helper_extract__0'],3,5.0,"{'code_has_def_level_termination': False, 'code_has_where': False, 'code_has_do': False, 'code_has_let_rec': False, 'code_self_recursive': False, 'code_aux_nonempty': False, 'n_if': 1, 'n_plus': 1}"
verina_basic_100,basic,T3_comm_swap,E,theorem_certified,True,,True,2,"['verina_basic_100__T3_comm_swap__0', 'verina_basic_100__T3_comm_swap__1']",3,3.0,"{'code_has_def_level_termination': False, 'code_has_where': False, 'code_has_do': False, 'code_has_let_rec': False, 'code_self_recursive': False, 'code_aux_nonempty': False, 'n_if': 1, 'n_plus': 1}"
verina_basic_100,basic,T4_cond_invert,E,theorem_certified,True,,True,1,['verina_basic_100__T4_cond_invert__0'],3,4.0,"{'code_has_def_level_termination': False, 'code_has_where': False, 'code_has_do': False, 'code_has_let_rec': False, 'code_self_recursive': False, 'code_aux_nonempty': False, 'n_if': 1, 'n_plus': 1}"
verina_basic_100,basic,T5_branch_extract,S,definitional,True,,True,1,['verina_basic_100__T5_branch_extract__0'],3,5.0,"{'code_has_def_level_termination': False, 'code_has_where': False, 'code_has_do': False, 'code_has_let_rec': False, 'code_self_recursive': False, 'code_aux_nonempty': False, 'n_if': 1, 'n_plus': 1}"
verina_basic_101,basic,T1_let_intro,D,definitional,True,,True,1,['verina_basic_101__T1_let_intro__0'],2,4.0,"{'code_has_def_level_termination': False, 'code_has_where': False, 'code_has_do': False, 'code_has_let_rec': False, 'code_self_recursive': False, 'code_aux_nonempty': False, 'n_if': 0, 'n_plus': 1}"
verina_basic_101,basic,T2_helper_extract,S,definitional,True,,True,1,['verina_basic_101__T2_helper_extract__0'],2,4.0,"{'code_has_def_level_termination': False, 'code_has_where': False, 'code_has_do': False, 'code_has_let_rec': False, 'code_self_recursive': False, 'code_aux_nonempty': False, 'n_if': 0, 'n_plus': 1}"
verina_basic_101,basic,T3_comm_swap,E,theorem_certified,True,,True,2,"['verina_basic_101__T3_comm_swap__0', 'verina_basic_101__T3_comm_swap__1']",2,2.0,"{'code_has_def_level_termination': False, 'code_has_where': False, 'code_has_do': False, 'code_has_let_rec': False, 'code_self_recursive': False, 'code_aux_nonempty': False, 'n_if': 0, 'n_plus': 1}"
verina_basic_101,basic,T4_cond_invert,E,theorem_certified,False,no_tail_if_then_else,False,0,[],2,,"{'code_has_def_level_termination': False, 'code_has_where': False, 'code_has_do': False, 'code_has_let_rec': False, 'code_self_recursive': False, 'code_aux_nonempty': False, 'n_if': 0, 'n_plus': 1}"
verina_basic_101,basic,T5_branch_extract,S,definitional,False,no_tail_if_then_else,False,0,[],2,,"{'code_has_def_level_termination': False, 'code_has_where': False, 'code_has_do': False, 'code_has_let_rec': False, 'code_self_recursive': False, 'code_aux_nonempty': False, 'n_if': 0, 'n_plus': 1}"
verina_basic_102,basic,T1_let_intro,D,definitional,True,,True,1,['verina_basic_102__T1_let_intro__0'],19,21.0,"{'code_has_def_level_termination': False, 'code_has_where': False, 'code_has_do': False, 'code_has_let_rec': True, 'code_self_recursive': True, 'code_aux_nonempty': False, 'n_if': 3, 'n_plus': 4}"
verina_basic_102,basic,T2_helper_extract,S,definitional,False,self_recursive_body,False,0,[],19,,"{'code_has_def_level_termination': False, 'code_has_where': False, 'code_has_do': False, 'code_has_let_rec': True, 'code_self_recursive': True, 'code_aux_nonempty': False, 'n_if': 3, 'n_plus': 4}"
verina_basic_102,basic,T3_comm_swap,E,theorem_certified,True,,True,3,"['verina_basic_102__T3_comm_swap__0', 'verina_basic_102__T3_comm_swap__1', 'verina_basic_102__T3_comm_swap__2']",19,19.0,"{'code_has_def_level_termination': False, 'code_has_where': False, 'code_has_do': False, 'code_has_let_rec': True, 'code_self_recursive': True, 'code_aux_nonempty': False, 'n_if': 3, 'n_plus': 4}"
verina_basic_102,basic,T4_cond_invert,E,theorem_certified,False,no_tail_if_then_else,False,0,[],19,,"{'code_has_def_level_termination': False, 'code_has_where': False, 'code_has_do': False, 'code_has_let_rec': True, 'code_self_recursive': True, 'code_aux_nonempty': False, 'n_if': 3, 'n_plus': 4}"
verina_basic_102,basic,T5_branch_extract,S,definitional,False,self_recursive_body,False,0,[],19,,"{'code_has_def_level_termination': False, 'code_has_where': False, 'code_has_do': False, 'code_has_let_rec': True, 'code_self_recursive': True, 'code_aux_nonempty': False, 'n_if': 3, 'n_plus': 4}"
verina_basic_103,basic,T1_let_intro,D,definitional,True,,True,1,['verina_basic_103__T1_let_intro__0'],3,5.0,"{'code_has_def_level_termination': False, 'code_has_where': False, 'code_has_do': False, 'code_has_let_rec': False, 'code_self_recursive': False, 'code_aux_nonempty': False, 'n_if': 0, 'n_plus': 1}"
verina_basic_103,basic,T2_helper_extract,S,definitional,True,,True,1,['verina_basic_103__T2_helper_extract__0'],3,5.0,"{'code_has_def_level_termination': False, 'code_has_where': False, 'code_has_do': False, 'code_has_let_rec': False, 'code_self_recursive': False, 'code_aux_nonempty': False, 'n_if': 0, 'n_plus': 1}"
verina_basic_103,basic,T3_comm_swap,E,theorem_certified,True,,True,1,['verina_basic_103__T3_comm_swap__0'],3,3.0,"{'code_has_def_level_termination': False, 'code_has_where': False, 'code_has_do': False, 'code_has_let_rec': False, 'code_self_recursive': False, 'code_aux_nonempty': False, 'n_if': 0, 'n_plus': 1}"
verina_basic_103,basic,T4_cond_invert,E,theorem_certified,False,no_tail_if_then_else,False,0,[],3,,"{'code_has_def_level_termination': False, 'code_has_where': False, 'code_has_do': False, 'code_has_let_rec': False, 'code_self_recursive': False, 'code_aux_nonempty': False, 'n_if': 0, 'n_plus': 1}"
verina_basic_103,basic,T5_branch_extract,S,definitional,False,no_tail_if_then_else,False,0,[],3,,"{'code_has_def_level_termination': False, 'code_has_where': False, 'code_has_do': False, 'code_has_let_rec': False, 'code_self_recursive': False, 'code_aux_nonempty': False, 'n_if': 0, 'n_plus': 1}"
verina_basic_104,basic,T1_let_intro,D,definitional,True,,True,1,['verina_basic_104__T1_let_intro__0'],4,6.0,"{'code_has_def_level_termination': False, 'code_has_where': False, 'code_has_do': False, 'code_has_let_rec': False, 'code_self_recursive': False, 'code_aux_nonempty': False, 'n_if': 0, 'n_plus': 0}"
verina_basic_104,basic,T2_helper_extract,S,definitional,True,,True,1,['verina_basic_104__T2_helper_extract__0'],4,6.0,"{'code_has_def_level_termination': False, 'code_has_where': False, 'code_has_do': False, 'code_has_let_rec': False, 'code_self_recursive': False, 'code_aux_nonempty': False, 'n_if': 0, 'n_plus': 0}"
verina_basic_104,basic,T3_comm_swap,E,theorem_certified,False,no_commutative_operator_occurrence,False,0,[],4,,"{'code_has_def_level_termination': False, 'code_has_where': False, 'code_has_do': False, 'code_has_let_rec': False, 'code_self_recursive': False, 'code_aux_nonempty': False, 'n_if': 0, 'n_plus': 0}"
verina_basic_104,basic,T4_cond_invert,E,theorem_certified,False,no_tail_if_then_else,False,0,[],4,,"{'code_has_def_level_termination': False, 'code_has_where': False, 'code_has_do': False, 'code_has_let_rec': False, 'code_self_recursive': False, 'code_aux_nonempty': False, 'n_if': 0, 'n_plus': 0}"
verina_basic_104,basic,T5_branch_extract,S,definitional,False,no_tail_if_then_else,False,0,[],4,,"{'code_has_def_level_termination': False, 'code_has_where': False, 'code_has_do': False, 'code_has_let_rec': False, 'code_self_recursive': False, 'code_aux_nonempty': False, 'n_if': 0, 'n_plus': 0}"
verina_basic_105,basic,T1_let_intro,D,definitional,True,,True,1,['verina_basic_105__T1_let_intro__0'],3,5.0,"{'code_has_def_level_termination': False, 'code_has_where': False, 'code_has_do': False, 'code_has_let_rec': False, 'code_self_recursive': False, 'code_aux_nonempty': True, 'n_if': 0, 'n_plus': 0}"
verina_basic_105,basic,T2_helper_extract,S,definitional,True,,True,1,['verina_basic_105__T2_helper_extract__0'],3,5.0,"{'code_has_def_level_termination': False, 'code_has_where': False, 'code_has_do': False, 'code_has_let_rec': False, 'code_self_recursive': False, 'code_aux_nonempty': True, 'n_if': 0, 'n_plus': 0}"
verina_basic_105,basic,T3_comm_swap,E,theorem_certified,False,no_commutative_operator_occurrence,False,0,[],3,,"{'code_has_def_level_termination': False, 'code_has_where': False, 'code_has_do': False, 'code_has_let_rec': False, 'code_self_recursive': False, 'code_aux_nonempty': True, 'n_if': 0, 'n_plus': 0}"
verina_basic_105,basic,T4_cond_invert,E,theorem_certified,False,no_tail_if_then_else,False,0,[],3,,"{'code_has_def_level_termination': False, 'code_has_where': False, 'code_has_do': False, 'code_has_let_rec': False, 'code_self_recursive': False, 'code_aux_nonempty': True, 'n_if': 0, 'n_plus': 0}"
verina_basic_105,basic,T5_branch_extract,S,definitional,False,no_tail_if_then_else,False,0,[],3,,"{'code_has_def_level_termination': False, 'code_has_where': False, 'code_has_do': False, 'code_has_let_rec': False, 'code_self_recursive': False, 'code_aux_nonempty': True, 'n_if': 0, 'n_plus': 0}"
verina_basic_106,basic,T1_let_intro,D,definitional,True,,True,1,['verina_basic_106__T1_let_intro__0'],11,13.0,"{'code_has_def_level_termination': False, 'code_has_where': False, 'code_has_do': False, 'code_has_let_rec': True, 'code_self_recursive': False, 'code_aux_nonempty': False, 'n_if': 2, 'n_plus': 2}"
verina_basic_106,basic,T2_helper_extract,S,definitional,True,,True,1,['verina_basic_106__T2_helper_extract__0'],11,13.0,"{'code_has_def_level_termination': False, 'code_has_where': False, 'code_has_do': False, 'code_has_let_rec': True, 'code_self_recursive': False, 'code_aux_nonempty': False, 'n_if': 2, 'n_plus': 2}"
verina_basic_106,basic,T3_comm_swap,E,theorem_certified,True,,True,2,"['verina_basic_106__T3_comm_swap__0', 'verina_basic_106__T3_comm_swap__1']",11,11.0,"{'code_has_def_level_termination': False, 'code_has_where': False, 'code_has_do': False, 'code_has_let_rec': True, 'code_self_recursive': False, 'code_aux_nonempty': False, 'n_if': 2, 'n_plus': 2}"
verina_basic_106,basic,T4_cond_invert,E,theorem_certified,True,,True,1,['verina_basic_106__T4_cond_invert__0'],11,11.0,"{'code_has_def_level_termination': False, 'code_has_where': False, 'code_has_do': False, 'code_has_let_rec': True, 'code_self_recursive': False, 'code_aux_nonempty': False, 'n_if': 2, 'n_plus': 2}"
verina_basic_106,basic,T5_branch_extract,S,definitional,False,let_rec_in_branch,False,0,[],11,,"{'code_has_def_level_termination': False, 'code_has_where': False, 'code_has_do': False, 'code_has_let_rec': True, 'code_self_recursive': False, 'code_aux_nonempty': False, 'n_if': 2, 'n_plus': 2}"
verina_basic_107,basic,T1_let_intro,D,definitional,True,,True,1,['verina_basic_107__T1_let_intro__0'],1,3.0,"{'code_has_def_level_termination': False, 'code_has_where': False, 'code_has_do': False, 'code_has_let_rec': False, 'code_self_recursive': False, 'code_aux_nonempty': False, 'n_if': 0, 'n_plus': 1}"
verina_basic_107,basic,T2_helper_extract,S,definitional,True,,True,1,['verina_basic_107__T2_helper_extract__0'],1,3.0,"{'code_has_def_level_termination': False, 'code_has_where': False, 'code_has_do': False, 'code_has_let_rec': False, 'code_self_recursive': False, 'code_aux_nonempty': False, 'n_if': 0, 'n_plus': 1}"
verina_basic_107,basic,T3_comm_swap,E,theorem_certified,True,,True,1,['verina_basic_107__T3_comm_swap__0'],1,1.0,"{'code_has_def_level_termination': False, 'code_has_where': False, 'code_has_do': False, 'code_has_let_rec': False, 'code_self_recursive': False, 'code_aux_nonempty': False, 'n_if': 0, 'n_plus': 1}"
verina_basic_107,basic,T4_cond_invert,E,theorem_certified,False,no_tail_if_then_else,False,0,[],1,,"{'code_has_def_level_termination': False, 'code_has_where': False, 'code_has_do': False, 'code_has_let_rec': False, 'code_self_recursive': False, 'code_aux_nonempty': False, 'n_if': 0, 'n_plus': 1}"
verina_basic_107,basic,T5_branch_extract,S,definitional,False,no_tail_if_then_else,False,0,[],1,,"{'code_has_def_level_termination': False, 'code_has_where': False, 'code_has_do': False, 'code_has_let_rec': False, 'code_self_recursive': False, 'code_aux_nonempty': False, 'n_if': 0, 'n_plus': 1}"
verina_basic_108,basic,T1_let_intro,D,definitional,True,,True,1,['verina_basic_108__T1_let_intro__0'],7,9.0,"{'code_has_def_level_termination': False, 'code_has_where': False, 'code_has_do': False, 'code_has_let_rec': True, 'code_self_recursive': False, 'code_aux_nonempty': True, 'n_if': 1, 'n_plus': 0}"
verina_basic_108,basic,T2_helper_extract,S,definitional,True,,True,1,['verina_basic_108__T2_helper_extract__0'],7,9.0,"{'code_has_def_level_termination': False, 'code_has_where': False, 'code_has_do': False, 'code_has_let_rec': True, 'code_self_recursive': False, 'code_aux_nonempty': True, 'n_if': 1, 'n_plus': 0}"
verina_basic_108,basic,T3_comm_swap,E,theorem_certified,False,no_commutative_operator_occurrence,False,0,[],7,,"{'code_has_def_level_termination': False, 'code_has_where': False, 'code_has_do': False, 'code_has_let_rec': True, 'code_self_recursive': False, 'code_aux_nonempty': True, 'n_if': 1, 'n_plus': 0}"
verina_basic_108,basic,T4_cond_invert,E,theorem_certified,False,no_tail_if_then_else,False,0,[],7,,"{'code_has_def_level_termination': False, 'code_has_where': False, 'code_has_do': False, 'code_has_let_rec': True, 'code_self_recursive': False, 'code_aux_nonempty': True, 'n_if': 1, 'n_plus': 0}"
verina_basic_108,basic,T5_branch_extract,S,definitional,False,no_tail_if_then_else,False,0,[],7,,"{'code_has_def_level_termination': False, 'code_has_where': False, 'code_has_do': False, 'code_has_let_rec': True, 'code_self_recursive': False, 'code_aux_nonempty': True, 'n_if': 1, 'n_plus': 0}"
verina_basic_11,basic,T1_let_intro,D,definitional,True,,True,1,['verina_basic_11__T1_let_intro__0'],1,3.0,"{'code_has_def_level_termination': False, 'code_has_where': False, 'code_has_do': False, 'code_has_let_rec': False, 'code_self_recursive': False, 'code_aux_nonempty': False, 'n_if': 0, 'n_plus': 0}"
verina_basic_11,basic,T2_helper_extract,S,definitional,True,,True,1,['verina_basic_11__T2_helper_extract__0'],1,3.0,"{'code_has_def_level_termination': False, 'code_has_where': False, 'code_has_do': False, 'code_has_let_rec': False, 'code_self_recursive': False, 'code_aux_nonempty': False, 'n_if': 0, 'n_plus': 0}"
verina_basic_11,basic,T3_comm_swap,E,theorem_certified,False,no_commutative_operator_occurrence,False,0,[],1,,"{'code_has_def_level_termination': False, 'code_has_where': False, 'code_has_do': False, 'code_has_let_rec': False, 'code_self_recursive': False, 'code_aux_nonempty': False, 'n_if': 0, 'n_plus': 0}"
verina_basic_11,basic,T4_cond_invert,E,theorem_certified,False,no_tail_if_then_else,False,0,[],1,,"{'code_has_def_level_termination': False, 'code_has_where': False, 'code_has_do': False, 'code_has_let_rec': False, 'code_self_recursive': False, 'code_aux_nonempty': False, 'n_if': 0, 'n_plus': 0}"
verina_basic_11,basic,T5_branch_extract,S,definitional,False,no_tail_if_then_else,False,0,[],1,,"{'code_has_def_level_termination': False, 'code_has_where': False, 'code_has_do': False, 'code_has_let_rec': False, 'code_self_recursive': False, 'code_aux_nonempty': False, 'n_if': 0, 'n_plus': 0}"
verina_basic_12,basic,T1_let_intro,D,definitional,True,,True,1,['verina_basic_12__T1_let_intro__0'],1,3.0,"{'code_has_def_level_termination': False, 'code_has_where': False, 'code_has_do': False, 'code_has_let_rec': False, 'code_self_recursive': False, 'code_aux_nonempty': False, 'n_if': 0, 'n_plus': 0}"
verina_basic_12,basic,T2_helper_extract,S,definitional,True,,True,1,['verina_basic_12__T2_helper_extract__0'],1,3.0,"{'code_has_def_level_termination': False, 'code_has_where': False, 'code_has_do': False, 'code_has_let_rec': False, 'code_self_recursive': False, 'code_aux_nonempty': False, 'n_if': 0, 'n_plus': 0}"
verina_basic_12,basic,T3_comm_swap,E,theorem_certified,True,,True,1,['verina_basic_12__T3_comm_swap__0'],1,1.0,"{'code_has_def_level_termination': False, 'code_has_where': False, 'code_has_do': False, 'code_has_let_rec': False, 'code_self_recursive': False, 'code_aux_nonempty': False, 'n_if': 0, 'n_plus': 0}"
verina_basic_12,basic,T4_cond_invert,E,theorem_certified,False,no_tail_if_then_else,False,0,[],1,,"{'code_has_def_level_termination': False, 'code_has_where': False, 'code_has_do': False, 'code_has_let_rec': False, 'code_self_recursive': False, 'code_aux_nonempty': False, 'n_if': 0, 'n_plus': 0}"
verina_basic_12,basic,T5_branch_extract,S,definitional,False,no_tail_if_then_else,False,0,[],1,,"{'code_has_def_level_termination': False, 'code_has_where': False, 'code_has_do': False, 'code_has_let_rec': False, 'code_self_recursive': False, 'code_aux_nonempty': False, 'n_if': 0, 'n_plus': 0}"
verina_basic_13,basic,T1_let_intro,D,definitional,True,,True,1,['verina_basic_13__T1_let_intro__0'],1,3.0,"{'code_has_def_level_termination': False, 'code_has_where': False, 'code_has_do': False, 'code_has_let_rec': False, 'code_self_recursive': False, 'code_aux_nonempty': False, 'n_if': 0, 'n_plus': 0}"
verina_basic_13,basic,T2_helper_extract,S,definitional,True,,True,1,['verina_basic_13__T2_helper_extract__0'],1,3.0,"{'code_has_def_level_termination': False, 'code_has_where': False, 'code_has_do': False, 'code_has_let_rec': False, 'code_self_recursive': False, 'code_aux_nonempty': False, 'n_if': 0, 'n_plus': 0}"
verina_basic_13,basic,T3_comm_swap,E,theorem_certified,False,no_commutative_operator_occurrence,False,0,[],1,,"{'code_has_def_level_termination': False, 'code_has_where': False, 'code_has_do': False, 'code_has_let_rec': False, 'code_self_recursive': False, 'code_aux_nonempty': False, 'n_if': 0, 'n_plus': 0}"
verina_basic_13,basic,T4_cond_invert,E,theorem_certified,False,no_tail_if_then_else,False,0,[],1,,"{'code_has_def_level_termination': False, 'code_has_where': False, 'code_has_do': False, 'code_has_let_rec': False, 'code_self_recursive': False, 'code_aux_nonempty': False, 'n_if': 0, 'n_plus': 0}"
verina_basic_13,basic,T5_branch_extract,S,definitional,False,no_tail_if_then_else,False,0,[],1,,"{'code_has_def_level_termination': False, 'code_has_where': False, 'code_has_do': False, 'code_has_let_rec': False, 'code_self_recursive': False, 'code_aux_nonempty': False, 'n_if': 0, 'n_plus': 0}"
verina_basic_14,basic,T1_let_intro,D,definitional,True,,True,1,['verina_basic_14__T1_let_intro__0'],1,3.0,"{'code_has_def_level_termination': False, 'code_has_where': False, 'code_has_do': False, 'code_has_let_rec': False, 'code_self_recursive': False, 'code_aux_nonempty': False, 'n_if': 0, 'n_plus': 0}"
verina_basic_14,basic,T2_helper_extract,S,definitional,True,,True,1,['verina_basic_14__T2_helper_extract__0'],1,3.0,"{'code_has_def_level_termination': False, 'code_has_where': False, 'code_has_do': False, 'code_has_let_rec': False, 'code_self_recursive': False, 'code_aux_nonempty': False, 'n_if': 0, 'n_plus': 0}"
verina_basic_14,basic,T3_comm_swap,E,theorem_certified,False,no_commutative_operator_occurrence,False,0,[],1,,"{'code_has_def_level_termination': False, 'code_has_where': False, 'code_has_do': False, 'code_has_let_rec': False, 'code_self_recursive': False, 'code_aux_nonempty': False, 'n_if': 0, 'n_plus': 0}"
verina_basic_14,basic,T4_cond_invert,E,theorem_certified,False,no_tail_if_then_else,False,0,[],1,,"{'code_has_def_level_termination': False, 'code_has_where': False, 'code_has_do': False, 'code_has_let_rec': False, 'code_self_recursive': False, 'code_aux_nonempty': False, 'n_if': 0, 'n_plus': 0}"
verina_basic_14,basic,T5_branch_extract,S,definitional,False,no_tail_if_then_else,False,0,[],1,,"{'code_has_def_level_termination': False, 'code_has_where': False, 'code_has_do': False, 'code_has_let_rec': False, 'code_self_recursive': False, 'code_aux_nonempty': False, 'n_if': 0, 'n_plus': 0}"
verina_basic_15,basic,T1_let_intro,D,definitional,True,,True,1,['verina_basic_15__T1_let_intro__0'],6,8.0,"{'code_has_def_level_termination': False, 'code_has_where': False, 'code_has_do': False, 'code_has_let_rec': False, 'code_self_recursive': False, 'code_aux_nonempty': False, 'n_if': 1, 'n_plus': 2}"
verina_basic_15,basic,T2_helper_extract,S,definitional,True,,True,1,['verina_basic_15__T2_helper_extract__0'],6,8.0,"{'code_has_def_level_termination': False, 'code_has_where': False, 'code_has_do': False, 'code_has_let_rec': False, 'code_self_recursive': False, 'code_aux_nonempty': False, 'n_if': 1, 'n_plus': 2}"
verina_basic_15,basic,T3_comm_swap,E,theorem_certified,False,no_commutative_operator_occurrence,False,0,[],6,,"{'code_has_def_level_termination': False, 'code_has_where': False, 'code_has_do': False, 'code_has_let_rec': False, 'code_self_recursive': False, 'code_aux_nonempty': False, 'n_if': 1, 'n_plus': 2}"
verina_basic_15,basic,T4_cond_invert,E,theorem_certified,True,,True,1,['verina_basic_15__T4_cond_invert__0'],6,6.0,"{'code_has_def_level_termination': False, 'code_has_where': False, 'code_has_do': False, 'code_has_let_rec': False, 'code_self_recursive': False, 'code_aux_nonempty': False, 'n_if': 1, 'n_plus': 2}"
verina_basic_15,basic,T5_branch_extract,S,definitional,True,,True,1,['verina_basic_15__T5_branch_extract__0'],6,8.0,"{'code_has_def_level_termination': False, 'code_has_where': False, 'code_has_do': False, 'code_has_let_rec': False, 'code_self_recursive': False, 'code_aux_nonempty': False, 'n_if': 1, 'n_plus': 2}"
verina_basic_16,basic,T1_let_intro,D,definitional,True,,True,1,['verina_basic_16__T1_let_intro__0'],3,5.0,"{'code_has_def_level_termination': False, 'code_has_where': False, 'code_has_do': False, 'code_has_let_rec': False, 'code_self_recursive': False, 'code_aux_nonempty': False, 'n_if': 1, 'n_plus': 0}"
verina_basic_16,basic,T2_helper_extract,S,definitional,True,,True,1,['verina_basic_16__T2_helper_extract__0'],3,5.0,"{'code_has_def_level_termination': False, 'code_has_where': False, 'code_has_do': False, 'code_has_let_rec': False, 'code_self_recursive': False, 'code_aux_nonempty': False, 'n_if': 1, 'n_plus': 0}"
verina_basic_16,basic,T3_comm_swap,E,theorem_certified,False,no_commutative_operator_occurrence,False,0,[],3,,"{'code_has_def_level_termination': False, 'code_has_where': False, 'code_has_do': False, 'code_has_let_rec': False, 'code_self_recursive': False, 'code_aux_nonempty': False, 'n_if': 1, 'n_plus': 0}"
verina_basic_16,basic,T4_cond_invert,E,theorem_certified,False,no_tail_if_then_else,False,0,[],3,,"{'code_has_def_level_termination': False, 'code_has_where': False, 'code_has_do': False, 'code_has_let_rec': False, 'code_self_recursive': False, 'code_aux_nonempty': False, 'n_if': 1, 'n_plus': 0}"
verina_basic_16,basic,T5_branch_extract,S,definitional,False,no_tail_if_then_else,False,0,[],3,,"{'code_has_def_level_termination': False, 'code_has_where': False, 'code_has_do': False, 'code_has_let_rec': False, 'code_self_recursive': False, 'code_aux_nonempty': False, 'n_if': 1, 'n_plus': 0}"
verina_basic_17,basic,T1_let_intro,D,definitional,True,,True,1,['verina_basic_17__T1_let_intro__0'],3,5.0,"{'code_has_def_level_termination': False, 'code_has_where': False, 'code_has_do': False, 'code_has_let_rec': False, 'code_self_recursive': False, 'code_aux_nonempty': False, 'n_if': 1, 'n_plus': 0}"
verina_basic_17,basic,T2_helper_extract,S,definitional,True,,True,1,['verina_basic_17__T2_helper_extract__0'],3,5.0,"{'code_has_def_level_termination': False, 'code_has_where': False, 'code_has_do': False, 'code_has_let_rec': False, 'code_self_recursive': False, 'code_aux_nonempty': False, 'n_if': 1, 'n_plus': 0}"
verina_basic_17,basic,T3_comm_swap,E,theorem_certified,False,no_commutative_operator_occurrence,False,0,[],3,,"{'code_has_def_level_termination': False, 'code_has_where': False, 'code_has_do': False, 'code_has_let_rec': False, 'code_self_recursive': False, 'code_aux_nonempty': False, 'n_if': 1, 'n_plus': 0}"
verina_basic_17,basic,T4_cond_invert,E,theorem_certified,False,no_tail_if_then_else,False,0,[],3,,"{'code_has_def_level_termination': False, 'code_has_where': False, 'code_has_do': False, 'code_has_let_rec': False, 'code_self_recursive': False, 'code_aux_nonempty': False, 'n_if': 1, 'n_plus': 0}"
verina_basic_17,basic,T5_branch_extract,S,definitional,False,no_tail_if_then_else,False,0,[],3,,"{'code_has_def_level_termination': False, 'code_has_where': False, 'code_has_do': False, 'code_has_let_rec': False, 'code_self_recursive': False, 'code_aux_nonempty': False, 'n_if': 1, 'n_plus': 0}"
verina_basic_18,basic,T1_let_intro,D,definitional,True,,True,1,['verina_basic_18__T1_let_intro__0'],4,6.0,"{'code_has_def_level_termination': False, 'code_has_where': False, 'code_has_do': False, 'code_has_let_rec': True, 'code_self_recursive': False, 'code_aux_nonempty': False, 'n_if': 1, 'n_plus': 1}"
verina_basic_18,basic,T2_helper_extract,S,definitional,True,,True,1,['verina_basic_18__T2_helper_extract__0'],4,6.0,"{'code_has_def_level_termination': False, 'code_has_where': False, 'code_has_do': False, 'code_has_let_rec': True, 'code_self_recursive': False, 'code_aux_nonempty': False, 'n_if': 1, 'n_plus': 1}"
verina_basic_18,basic,T3_comm_swap,E,theorem_certified,False,no_commutative_operator_occurrence,False,0,[],4,,"{'code_has_def_level_termination': False, 'code_has_where': False, 'code_has_do': False, 'code_has_let_rec': True, 'code_self_recursive': False, 'code_aux_nonempty': False, 'n_if': 1, 'n_plus': 1}"
verina_basic_18,basic,T4_cond_invert,E,theorem_certified,False,no_tail_if_then_else,False,0,[],4,,"{'code_has_def_level_termination': False, 'code_has_where': False, 'code_has_do': False, 'code_has_let_rec': True, 'code_self_recursive': False, 'code_aux_nonempty': False, 'n_if': 1, 'n_plus': 1}"
verina_basic_18,basic,T5_branch_extract,S,definitional,False,no_tail_if_then_else,False,0,[],4,,"{'code_has_def_level_termination': False, 'code_has_where': False, 'code_has_do': False, 'code_has_let_rec': True, 'code_self_recursive': False, 'code_aux_nonempty': False, 'n_if': 1, 'n_plus': 1}"
verina_basic_19,basic,T1_let_intro,D,definitional,True,,True,1,['verina_basic_19__T1_let_intro__0'],8,10.0,"{'code_has_def_level_termination': False, 'code_has_where': False, 'code_has_do': False, 'code_has_let_rec': False, 'code_self_recursive': False, 'code_aux_nonempty': False, 'n_if': 2, 'n_plus': 2}"
verina_basic_19,basic,T2_helper_extract,S,definitional,True,,True,1,['verina_basic_19__T2_helper_extract__0'],8,10.0,"{'code_has_def_level_termination': False, 'code_has_where': False, 'code_has_do': False, 'code_has_let_rec': False, 'code_self_recursive': False, 'code_aux_nonempty': False, 'n_if': 2, 'n_plus': 2}"
verina_basic_19,basic,T3_comm_swap,E,theorem_certified,True,,True,1,['verina_basic_19__T3_comm_swap__0'],8,8.0,"{'code_has_def_level_termination': False, 'code_has_where': False, 'code_has_do': False, 'code_has_let_rec': False, 'code_self_recursive': False, 'code_aux_nonempty': False, 'n_if': 2, 'n_plus': 2}"
verina_basic_19,basic,T4_cond_invert,E,theorem_certified,True,,True,1,['verina_basic_19__T4_cond_invert__0'],8,8.0,"{'code_has_def_level_termination': False, 'code_has_where': False, 'code_has_do': False, 'code_has_let_rec': False, 'code_self_recursive': False, 'code_aux_nonempty': False, 'n_if': 2, 'n_plus': 2}"
verina_basic_19,basic,T5_branch_extract,S,definitional,True,,True,1,['verina_basic_19__T5_branch_extract__0'],8,10.0,"{'code_has_def_level_termination': False, 'code_has_where': False, 'code_has_do': False, 'code_has_let_rec': False, 'code_self_recursive': False, 'code_aux_nonempty': False, 'n_if': 2, 'n_plus': 2}"
verina_basic_2,basic,T1_let_intro,D,definitional,True,,True,1,['verina_basic_2__T1_let_intro__0'],1,3.0,"{'code_has_def_level_termination': False, 'code_has_where': False, 'code_has_do': False, 'code_has_let_rec': False, 'code_self_recursive': False, 'code_aux_nonempty': False, 'n_if': 0, 'n_plus': 0}"
verina_basic_2,basic,T2_helper_extract,S,definitional,True,,True,1,['verina_basic_2__T2_helper_extract__0'],1,3.0,"{'code_has_def_level_termination': False, 'code_has_where': False, 'code_has_do': False, 'code_has_let_rec': False, 'code_self_recursive': False, 'code_aux_nonempty': False, 'n_if': 0, 'n_plus': 0}"
verina_basic_2,basic,T3_comm_swap,E,theorem_certified,False,no_commutative_operator_occurrence,False,0,[],1,,"{'code_has_def_level_termination': False, 'code_has_where': False, 'code_has_do': False, 'code_has_let_rec': False, 'code_self_recursive': False, 'code_aux_nonempty': False, 'n_if': 0, 'n_plus': 0}"
verina_basic_2,basic,T4_cond_invert,E,theorem_certified,False,no_tail_if_then_else,False,0,[],1,,"{'code_has_def_level_termination': False, 'code_has_where': False, 'code_has_do': False, 'code_has_let_rec': False, 'code_self_recursive': False, 'code_aux_nonempty': False, 'n_if': 0, 'n_plus': 0}"
verina_basic_2,basic,T5_branch_extract,S,definitional,False,no_tail_if_then_else,False,0,[],1,,"{'code_has_def_level_termination': False, 'code_has_where': False, 'code_has_do': False, 'code_has_let_rec': False, 'code_self_recursive': False, 'code_aux_nonempty': False, 'n_if': 0, 'n_plus': 0}"
verina_basic_20,basic,T1_let_intro,D,definitional,True,,True,1,['verina_basic_20__T1_let_intro__0'],10,12.0,"{'code_has_def_level_termination': False, 'code_has_where': False, 'code_has_do': False, 'code_has_let_rec': True, 'code_self_recursive': False, 'code_aux_nonempty': False, 'n_if': 2, 'n_plus': 2}"
verina_basic_20,basic,T2_helper_extract,S,definitional,True,,True,1,['verina_basic_20__T2_helper_extract__0'],10,12.0,"{'code_has_def_level_termination': False, 'code_has_where': False, 'code_has_do': False, 'code_has_let_rec': True, 'code_self_recursive': False, 'code_aux_nonempty': False, 'n_if': 2, 'n_plus': 2}"
verina_basic_20,basic,T3_comm_swap,E,theorem_certified,True,,True,3,"['verina_basic_20__T3_comm_swap__0', 'verina_basic_20__T3_comm_swap__1', 'verina_basic_20__T3_comm_swap__2']",10,10.0,"{'code_has_def_level_termination': False, 'code_has_where': False, 'code_has_do': False, 'code_has_let_rec': True, 'code_self_recursive': False, 'code_aux_nonempty': False, 'n_if': 2, 'n_plus': 2}"
verina_basic_20,basic,T4_cond_invert,E,theorem_certified,False,no_tail_if_then_else,False,0,[],10,,"{'code_has_def_level_termination': False, 'code_has_where': False, 'code_has_do': False, 'code_has_let_rec': True, 'code_self_recursive': False, 'code_aux_nonempty': False, 'n_if': 2, 'n_plus': 2}"
verina_basic_20,basic,T5_branch_extract,S,definitional,False,no_tail_if_then_else,False,0,[],10,,"{'code_has_def_level_termination': False, 'code_has_where': False, 'code_has_do': False, 'code_has_let_rec': True, 'code_self_recursive': False, 'code_aux_nonempty': False, 'n_if': 2, 'n_plus': 2}"
verina_basic_21,basic,T1_let_intro,D,definitional,True,,True,1,['verina_basic_21__T1_let_intro__0'],16,18.0,"{'code_has_def_level_termination': False, 'code_has_where': False, 'code_has_do': False, 'code_has_let_rec': True, 'code_self_recursive': False, 'code_aux_nonempty': False, 'n_if': 4, 'n_plus': 3}"
verina_basic_21,basic,T2_helper_extract,S,definitional,True,,True,1,['verina_basic_21__T2_helper_extract__0'],16,18.0,"{'code_has_def_level_termination': False, 'code_has_where': False, 'code_has_do': False, 'code_has_let_rec': True, 'code_self_recursive': False, 'code_aux_nonempty': False, 'n_if': 4, 'n_plus': 3}"
verina_basic_21,basic,T3_comm_swap,E,theorem_certified,True,,True,3,"['verina_basic_21__T3_comm_swap__0', 'verina_basic_21__T3_comm_swap__1', 'verina_basic_21__T3_comm_swap__2']",16,16.0,"{'code_has_def_level_termination': False, 'code_has_where': False, 'code_has_do': False, 'code_has_let_rec': True, 'code_self_recursive': False, 'code_aux_nonempty': False, 'n_if': 4, 'n_plus': 3}"
verina_basic_21,basic,T4_cond_invert,E,theorem_certified,True,,True,1,['verina_basic_21__T4_cond_invert__0'],16,16.0,"{'code_has_def_level_termination': False, 'code_has_where': False, 'code_has_do': False, 'code_has_let_rec': True, 'code_self_recursive': False, 'code_aux_nonempty': False, 'n_if': 4, 'n_plus': 3}"
verina_basic_21,basic,T5_branch_extract,S,definitional,False,bindings_before_tail_if,False,0,[],16,,"{'code_has_def_level_termination': False, 'code_has_where': False, 'code_has_do': False, 'code_has_let_rec': True, 'code_self_recursive': False, 'code_aux_nonempty': False, 'n_if': 4, 'n_plus': 3}"
verina_basic_22,basic,T1_let_intro,D,definitional,True,,True,1,['verina_basic_22__T1_let_intro__0'],3,5.0,"{'code_has_def_level_termination': False, 'code_has_where': False, 'code_has_do': False, 'code_has_let_rec': False, 'code_self_recursive': False, 'code_aux_nonempty': False, 'n_if': 2, 'n_plus': 0}"
verina_basic_22,basic,T2_helper_extract,S,definitional,True,,True,1,['verina_basic_22__T2_helper_extract__0'],3,5.0,"{'code_has_def_level_termination': False, 'code_has_where': False, 'code_has_do': False, 'code_has_let_rec': False, 'code_self_recursive': False, 'code_aux_nonempty': False, 'n_if': 2, 'n_plus': 0}"
verina_basic_22,basic,T3_comm_swap,E,theorem_certified,False,no_commutative_operator_occurrence,False,0,[],3,,"{'code_has_def_level_termination': False, 'code_has_where': False, 'code_has_do': False, 'code_has_let_rec': False, 'code_self_recursive': False, 'code_aux_nonempty': False, 'n_if': 2, 'n_plus': 0}"
verina_basic_22,basic,T4_cond_invert,E,theorem_certified,False,no_tail_if_then_else,False,0,[],3,,"{'code_has_def_level_termination': False, 'code_has_where': False, 'code_has_do': False, 'code_has_let_rec': False, 'code_self_recursive': False, 'code_aux_nonempty': False, 'n_if': 2, 'n_plus': 0}"
verina_basic_22,basic,T5_branch_extract,S,definitional,False,no_tail_if_then_else,False,0,[],3,,"{'code_has_def_level_termination': False, 'code_has_where': False, 'code_has_do': False, 'code_has_let_rec': False, 'code_self_recursive': False, 'code_aux_nonempty': False, 'n_if': 2, 'n_plus': 0}"
verina_basic_23,basic,T1_let_intro,D,definitional,True,,True,1,['verina_basic_23__T1_let_intro__0'],9,11.0,"{'code_has_def_level_termination': False, 'code_has_where': False, 'code_has_do': False, 'code_has_let_rec': True, 'code_self_recursive': False, 'code_aux_nonempty': False, 'n_if': 3, 'n_plus': 1}"
verina_basic_23,basic,T2_helper_extract,S,definitional,True,,True,1,['verina_basic_23__T2_helper_extract__0'],9,11.0,"{'code_has_def_level_termination': False, 'code_has_where': False, 'code_has_do': False, 'code_has_let_rec': True, 'code_self_recursive': False, 'code_aux_nonempty': False, 'n_if': 3, 'n_plus': 1}"
verina_basic_23,basic,T3_comm_swap,E,theorem_certified,True,,True,1,['verina_basic_23__T3_comm_swap__0'],9,9.0,"{'code_has_def_level_termination': False, 'code_has_where': False, 'code_has_do': False, 'code_has_let_rec': True, 'code_self_recursive': False, 'code_aux_nonempty': False, 'n_if': 3, 'n_plus': 1}"
verina_basic_23,basic,T4_cond_invert,E,theorem_certified,False,no_tail_if_then_else,False,0,[],9,,"{'code_has_def_level_termination': False, 'code_has_where': False, 'code_has_do': False, 'code_has_let_rec': True, 'code_self_recursive': False, 'code_aux_nonempty': False, 'n_if': 3, 'n_plus': 1}"
verina_basic_23,basic,T5_branch_extract,S,definitional,False,no_tail_if_then_else,False,0,[],9,,"{'code_has_def_level_termination': False, 'code_has_where': False, 'code_has_do': False, 'code_has_let_rec': True, 'code_self_recursive': False, 'code_aux_nonempty': False, 'n_if': 3, 'n_plus': 1}"
verina_basic_24,basic,T1_let_intro,D,definitional,True,,True,1,['verina_basic_24__T1_let_intro__0'],11,13.0,"{'code_has_def_level_termination': False, 'code_has_where': False, 'code_has_do': False, 'code_has_let_rec': True, 'code_self_recursive': False, 'code_aux_nonempty': False, 'n_if': 3, 'n_plus': 1}"
verina_basic_24,basic,T2_helper_extract,S,definitional,True,,True,1,['verina_basic_24__T2_helper_extract__0'],11,13.0,"{'code_has_def_level_termination': False, 'code_has_where': False, 'code_has_do': False, 'code_has_let_rec': True, 'code_self_recursive': False, 'code_aux_nonempty': False, 'n_if': 3, 'n_plus': 1}"
verina_basic_24,basic,T3_comm_swap,E,theorem_certified,True,,True,1,['verina_basic_24__T3_comm_swap__0'],11,11.0,"{'code_has_def_level_termination': False, 'code_has_where': False, 'code_has_do': False, 'code_has_let_rec': True, 'code_self_recursive': False, 'code_aux_nonempty': False, 'n_if': 3, 'n_plus': 1}"
verina_basic_24,basic,T4_cond_invert,E,theorem_certified,False,no_tail_if_then_else,False,0,[],11,,"{'code_has_def_level_termination': False, 'code_has_where': False, 'code_has_do': False, 'code_has_let_rec': True, 'code_self_recursive': False, 'code_aux_nonempty': False, 'n_if': 3, 'n_plus': 1}"
verina_basic_24,basic,T5_branch_extract,S,definitional,False,no_tail_if_then_else,False,0,[],11,,"{'code_has_def_level_termination': False, 'code_has_where': False, 'code_has_do': False, 'code_has_let_rec': True, 'code_self_recursive': False, 'code_aux_nonempty': False, 'n_if': 3, 'n_plus': 1}"
verina_basic_25,basic,T1_let_intro,D,definitional,True,,True,1,['verina_basic_25__T1_let_intro__0'],5,7.0,"{'code_has_def_level_termination': False, 'code_has_where': False, 'code_has_do': False, 'code_has_let_rec': False, 'code_self_recursive': False, 'code_aux_nonempty': False, 'n_if': 1, 'n_plus': 1}"
verina_basic_25,basic,T2_helper_extract,S,definitional,True,,True,1,['verina_basic_25__T2_helper_extract__0'],5,7.0,"{'code_has_def_level_termination': False, 'code_has_where': False, 'code_has_do': False, 'code_has_let_rec': False, 'code_self_recursive': False, 'code_aux_nonempty': False, 'n_if': 1, 'n_plus': 1}"
verina_basic_25,basic,T3_comm_swap,E,theorem_certified,True,,True,1,['verina_basic_25__T3_comm_swap__0'],5,5.0,"{'code_has_def_level_termination': False, 'code_has_where': False, 'code_has_do': False, 'code_has_let_rec': False, 'code_self_recursive': False, 'code_aux_nonempty': False, 'n_if': 1, 'n_plus': 1}"
verina_basic_25,basic,T4_cond_invert,E,theorem_certified,True,,True,1,['verina_basic_25__T4_cond_invert__0'],5,5.0,"{'code_has_def_level_termination': False, 'code_has_where': False, 'code_has_do': False, 'code_has_let_rec': False, 'code_self_recursive': False, 'code_aux_nonempty': False, 'n_if': 1, 'n_plus': 1}"
verina_basic_25,basic,T5_branch_extract,S,definitional,True,,True,1,['verina_basic_25__T5_branch_extract__0'],5,7.0,"{'code_has_def_level_termination': False, 'code_has_where': False, 'code_has_do': False, 'code_has_let_rec': False, 'code_self_recursive': False, 'code_aux_nonempty': False, 'n_if': 1, 'n_plus': 1}"
verina_basic_26,basic,T1_let_intro,D,definitional,True,,True,1,['verina_basic_26__T1_let_intro__0'],1,3.0,"{'code_has_def_level_termination': False, 'code_has_where': False, 'code_has_do': False, 'code_has_let_rec': False, 'code_self_recursive': False, 'code_aux_nonempty': False, 'n_if': 0, 'n_plus': 0}"
verina_basic_26,basic,T2_helper_extract,S,definitional,True,,True,1,['verina_basic_26__T2_helper_extract__0'],1,3.0,"{'code_has_def_level_termination': False, 'code_has_where': False, 'code_has_do': False, 'code_has_let_rec': False, 'code_self_recursive': False, 'code_aux_nonempty': False, 'n_if': 0, 'n_plus': 0}"
verina_basic_26,basic,T3_comm_swap,E,theorem_certified,False,no_commutative_operator_occurrence,False,0,[],1,,"{'code_has_def_level_termination': False, 'code_has_where': False, 'code_has_do': False, 'code_has_let_rec': False, 'code_self_recursive': False, 'code_aux_nonempty': False, 'n_if': 0, 'n_plus': 0}"
verina_basic_26,basic,T4_cond_invert,E,theorem_certified,False,no_tail_if_then_else,False,0,[],1,,"{'code_has_def_level_termination': False, 'code_has_where': False, 'code_has_do': False, 'code_has_let_rec': False, 'code_self_recursive': False, 'code_aux_nonempty': False, 'n_if': 0, 'n_plus': 0}"
verina_basic_26,basic,T5_branch_extract,S,definitional,False,no_tail_if_then_else,False,0,[],1,,"{'code_has_def_level_termination': False, 'code_has_where': False, 'code_has_do': False, 'code_has_let_rec': False, 'code_self_recursive': False, 'code_aux_nonempty': False, 'n_if': 0, 'n_plus': 0}"
verina_basic_27,basic,T1_let_intro,D,definitional,True,,True,1,['verina_basic_27__T1_let_intro__0'],11,13.0,"{'code_has_def_level_termination': False, 'code_has_where': False, 'code_has_do': False, 'code_has_let_rec': True, 'code_self_recursive': False, 'code_aux_nonempty': False, 'n_if': 2, 'n_plus': 1}"
verina_basic_27,basic,T2_helper_extract,S,definitional,True,,True,1,['verina_basic_27__T2_helper_extract__0'],11,13.0,"{'code_has_def_level_termination': False, 'code_has_where': False, 'code_has_do': False, 'code_has_let_rec': True, 'code_self_recursive': False, 'code_aux_nonempty': False, 'n_if': 2, 'n_plus': 1}"
verina_basic_27,basic,T3_comm_swap,E,theorem_certified,True,,True,1,['verina_basic_27__T3_comm_swap__0'],11,11.0,"{'code_has_def_level_termination': False, 'code_has_where': False, 'code_has_do': False, 'code_has_let_rec': True, 'code_self_recursive': False, 'code_aux_nonempty': False, 'n_if': 2, 'n_plus': 1}"
verina_basic_27,basic,T4_cond_invert,E,theorem_certified,False,no_tail_if_then_else,False,0,[],11,,"{'code_has_def_level_termination': False, 'code_has_where': False, 'code_has_do': False, 'code_has_let_rec': True, 'code_self_recursive': False, 'code_aux_nonempty': False, 'n_if': 2, 'n_plus': 1}"
verina_basic_27,basic,T5_branch_extract,S,definitional,False,no_tail_if_then_else,False,0,[],11,,"{'code_has_def_level_termination': False, 'code_has_where': False, 'code_has_do': False, 'code_has_let_rec': True, 'code_self_recursive': False, 'code_aux_nonempty': False, 'n_if': 2, 'n_plus': 1}"
verina_basic_28,basic,T1_let_intro,D,definitional,True,,True,1,['verina_basic_28__T1_let_intro__0'],7,9.0,"{'code_has_def_level_termination': False, 'code_has_where': False, 'code_has_do': False, 'code_has_let_rec': True, 'code_self_recursive': False, 'code_aux_nonempty': False, 'n_if': 3, 'n_plus': 1}"
verina_basic_28,basic,T2_helper_extract,S,definitional,True,,True,1,['verina_basic_28__T2_helper_extract__0'],7,9.0,"{'code_has_def_level_termination': False, 'code_has_where': False, 'code_has_do': False, 'code_has_let_rec': True, 'code_self_recursive': False, 'code_aux_nonempty': False, 'n_if': 3, 'n_plus': 1}"
verina_basic_28,basic,T3_comm_swap,E,theorem_certified,True,,True,1,['verina_basic_28__T3_comm_swap__0'],7,7.0,"{'code_has_def_level_termination': False, 'code_has_where': False, 'code_has_do': False, 'code_has_let_rec': True, 'code_self_recursive': False, 'code_aux_nonempty': False, 'n_if': 3, 'n_plus': 1}"
verina_basic_28,basic,T4_cond_invert,E,theorem_certified,False,no_tail_if_then_else,False,0,[],7,,"{'code_has_def_level_termination': False, 'code_has_where': False, 'code_has_do': False, 'code_has_let_rec': True, 'code_self_recursive': False, 'code_aux_nonempty': False, 'n_if': 3, 'n_plus': 1}"
verina_basic_28,basic,T5_branch_extract,S,definitional,False,no_tail_if_then_else,False,0,[],7,,"{'code_has_def_level_termination': False, 'code_has_where': False, 'code_has_do': False, 'code_has_let_rec': True, 'code_self_recursive': False, 'code_aux_nonempty': False, 'n_if': 3, 'n_plus': 1}"
verina_basic_29,basic,T1_let_intro,D,definitional,True,,True,1,['verina_basic_29__T1_let_intro__0'],1,3.0,"{'code_has_def_level_termination': False, 'code_has_where': False, 'code_has_do': False, 'code_has_let_rec': False, 'code_self_recursive': False, 'code_aux_nonempty': False, 'n_if': 0, 'n_plus': 0}"
verina_basic_29,basic,T2_helper_extract,S,definitional,True,,True,1,['verina_basic_29__T2_helper_extract__0'],1,3.0,"{'code_has_def_level_termination': False, 'code_has_where': False, 'code_has_do': False, 'code_has_let_rec': False, 'code_self_recursive': False, 'code_aux_nonempty': False, 'n_if': 0, 'n_plus': 0}"
verina_basic_29,basic,T3_comm_swap,E,theorem_certified,False,no_commutative_operator_occurrence,False,0,[],1,,"{'code_has_def_level_termination': False, 'code_has_where': False, 'code_has_do': False, 'code_has_let_rec': False, 'code_self_recursive': False, 'code_aux_nonempty': False, 'n_if': 0, 'n_plus': 0}"
verina_basic_29,basic,T4_cond_invert,E,theorem_certified,False,no_tail_if_then_else,False,0,[],1,,"{'code_has_def_level_termination': False, 'code_has_where': False, 'code_has_do': False, 'code_has_let_rec': False, 'code_self_recursive': False, 'code_aux_nonempty': False, 'n_if': 0, 'n_plus': 0}"
verina_basic_29,basic,T5_branch_extract,S,definitional,False,no_tail_if_then_else,False,0,[],1,,"{'code_has_def_level_termination': False, 'code_has_where': False, 'code_has_do': False, 'code_has_let_rec': False, 'code_self_recursive': False, 'code_aux_nonempty': False, 'n_if': 0, 'n_plus': 0}"
verina_basic_3,basic,T1_let_intro,D,definitional,True,,True,1,['verina_basic_3__T1_let_intro__0'],1,3.0,"{'code_has_def_level_termination': False, 'code_has_where': False, 'code_has_do': False, 'code_has_let_rec': False, 'code_self_recursive': False, 'code_aux_nonempty': False, 'n_if': 0, 'n_plus': 0}"
verina_basic_3,basic,T2_helper_extract,S,definitional,True,,True,1,['verina_basic_3__T2_helper_extract__0'],1,3.0,"{'code_has_def_level_termination': False, 'code_has_where': False, 'code_has_do': False, 'code_has_let_rec': False, 'code_self_recursive': False, 'code_aux_nonempty': False, 'n_if': 0, 'n_plus': 0}"
verina_basic_3,basic,T3_comm_swap,E,theorem_certified,False,no_commutative_operator_occurrence,False,0,[],1,,"{'code_has_def_level_termination': False, 'code_has_where': False, 'code_has_do': False, 'code_has_let_rec': False, 'code_self_recursive': False, 'code_aux_nonempty': False, 'n_if': 0, 'n_plus': 0}"
verina_basic_3,basic,T4_cond_invert,E,theorem_certified,False,no_tail_if_then_else,False,0,[],1,,"{'code_has_def_level_termination': False, 'code_has_where': False, 'code_has_do': False, 'code_has_let_rec': False, 'code_self_recursive': False, 'code_aux_nonempty': False, 'n_if': 0, 'n_plus': 0}"
verina_basic_3,basic,T5_branch_extract,S,definitional,False,no_tail_if_then_else,False,0,[],1,,"{'code_has_def_level_termination': False, 'code_has_where': False, 'code_has_do': False, 'code_has_let_rec': False, 'code_self_recursive': False, 'code_aux_nonempty': False, 'n_if': 0, 'n_plus': 0}"
verina_basic_30,basic,T1_let_intro,D,definitional,True,,True,1,['verina_basic_30__T1_let_intro__0'],1,3.0,"{'code_has_def_level_termination': False, 'code_has_where': False, 'code_has_do': False, 'code_has_let_rec': False, 'code_self_recursive': False, 'code_aux_nonempty': False, 'n_if': 0, 'n_plus': 0}"
verina_basic_30,basic,T2_helper_extract,S,definitional,True,,True,1,['verina_basic_30__T2_helper_extract__0'],1,3.0,"{'code_has_def_level_termination': False, 'code_has_where': False, 'code_has_do': False, 'code_has_let_rec': False, 'code_self_recursive': False, 'code_aux_nonempty': False, 'n_if': 0, 'n_plus': 0}"
verina_basic_30,basic,T3_comm_swap,E,theorem_certified,False,no_commutative_operator_occurrence,False,0,[],1,,"{'code_has_def_level_termination': False, 'code_has_where': False, 'code_has_do': False, 'code_has_let_rec': False, 'code_self_recursive': False, 'code_aux_nonempty': False, 'n_if': 0, 'n_plus': 0}"
verina_basic_30,basic,T4_cond_invert,E,theorem_certified,False,no_tail_if_then_else,False,0,[],1,,"{'code_has_def_level_termination': False, 'code_has_where': False, 'code_has_do': False, 'code_has_let_rec': False, 'code_self_recursive': False, 'code_aux_nonempty': False, 'n_if': 0, 'n_plus': 0}"
verina_basic_30,basic,T5_branch_extract,S,definitional,False,no_tail_if_then_else,False,0,[],1,,"{'code_has_def_level_termination': False, 'code_has_where': False, 'code_has_do': False, 'code_has_let_rec': False, 'code_self_recursive': False, 'code_aux_nonempty': False, 'n_if': 0, 'n_plus': 0}"
verina_basic_31,basic,T1_let_intro,D,definitional,True,,True,1,['verina_basic_31__T1_let_intro__0'],3,5.0,"{'code_has_def_level_termination': False, 'code_has_where': False, 'code_has_do': False, 'code_has_let_rec': False, 'code_self_recursive': False, 'code_aux_nonempty': False, 'n_if': 1, 'n_plus': 0}"
verina_basic_31,basic,T2_helper_extract,S,definitional,True,,True,1,['verina_basic_31__T2_helper_extract__0'],3,5.0,"{'code_has_def_level_termination': False, 'code_has_where': False, 'code_has_do': False, 'code_has_let_rec': False, 'code_self_recursive': False, 'code_aux_nonempty': False, 'n_if': 1, 'n_plus': 0}"
verina_basic_31,basic,T3_comm_swap,E,theorem_certified,False,no_commutative_operator_occurrence,False,0,[],3,,"{'code_has_def_level_termination': False, 'code_has_where': False, 'code_has_do': False, 'code_has_let_rec': False, 'code_self_recursive': False, 'code_aux_nonempty': False, 'n_if': 1, 'n_plus': 0}"
verina_basic_31,basic,T4_cond_invert,E,theorem_certified,False,no_tail_if_then_else,False,0,[],3,,"{'code_has_def_level_termination': False, 'code_has_where': False, 'code_has_do': False, 'code_has_let_rec': False, 'code_self_recursive': False, 'code_aux_nonempty': False, 'n_if': 1, 'n_plus': 0}"
verina_basic_31,basic,T5_branch_extract,S,definitional,False,no_tail_if_then_else,False,0,[],3,,"{'code_has_def_level_termination': False, 'code_has_where': False, 'code_has_do': False, 'code_has_let_rec': False, 'code_self_recursive': False, 'code_aux_nonempty': False, 'n_if': 1, 'n_plus': 0}"
verina_basic_32,basic,T1_let_intro,D,definitional,True,,True,1,['verina_basic_32__T1_let_intro__0'],3,5.0,"{'code_has_def_level_termination': False, 'code_has_where': False, 'code_has_do': False, 'code_has_let_rec': False, 'code_self_recursive': False, 'code_aux_nonempty': False, 'n_if': 0, 'n_plus': 0}"
verina_basic_32,basic,T2_helper_extract,S,definitional,True,,True,1,['verina_basic_32__T2_helper_extract__0'],3,5.0,"{'code_has_def_level_termination': False, 'code_has_where': False, 'code_has_do': False, 'code_has_let_rec': False, 'code_self_recursive': False, 'code_aux_nonempty': False, 'n_if': 0, 'n_plus': 0}"
verina_basic_32,basic,T3_comm_swap,E,theorem_certified,False,no_commutative_operator_occurrence,False,0,[],3,,"{'code_has_def_level_termination': False, 'code_has_where': False, 'code_has_do': False, 'code_has_let_rec': False, 'code_self_recursive': False, 'code_aux_nonempty': False, 'n_if': 0, 'n_plus': 0}"
verina_basic_32,basic,T4_cond_invert,E,theorem_certified,False,no_tail_if_then_else,False,0,[],3,,"{'code_has_def_level_termination': False, 'code_has_where': False, 'code_has_do': False, 'code_has_let_rec': False, 'code_self_recursive': False, 'code_aux_nonempty': False, 'n_if': 0, 'n_plus': 0}"
verina_basic_32,basic,T5_branch_extract,S,definitional,False,no_tail_if_then_else,False,0,[],3,,"{'code_has_def_level_termination': False, 'code_has_where': False, 'code_has_do': False, 'code_has_let_rec': False, 'code_self_recursive': False, 'code_aux_nonempty': False, 'n_if': 0, 'n_plus': 0}"
verina_basic_33,basic,T1_let_intro,D,definitional,True,,True,1,['verina_basic_33__T1_let_intro__0'],8,10.0,"{'code_has_def_level_termination': False, 'code_has_where': False, 'code_has_do': False, 'code_has_let_rec': True, 'code_self_recursive': False, 'code_aux_nonempty': False, 'n_if': 2, 'n_plus': 1}"
verina_basic_33,basic,T2_helper_extract,S,definitional,True,,True,1,['verina_basic_33__T2_helper_extract__0'],8,10.0,"{'code_has_def_level_termination': False, 'code_has_where': False, 'code_has_do': False, 'code_has_let_rec': True, 'code_self_recursive': False, 'code_aux_nonempty': False, 'n_if': 2, 'n_plus': 1}"
verina_basic_33,basic,T3_comm_swap,E,theorem_certified,True,,True,1,['verina_basic_33__T3_comm_swap__0'],8,8.0,"{'code_has_def_level_termination': False, 'code_has_where': False, 'code_has_do': False, 'code_has_let_rec': True, 'code_self_recursive': False, 'code_aux_nonempty': False, 'n_if': 2, 'n_plus': 1}"
verina_basic_33,basic,T4_cond_invert,E,theorem_certified,False,no_tail_if_then_else,False,0,[],8,,"{'code_has_def_level_termination': False, 'code_has_where': False, 'code_has_do': False, 'code_has_let_rec': True, 'code_self_recursive': False, 'code_aux_nonempty': False, 'n_if': 2, 'n_plus': 1}"
verina_basic_33,basic,T5_branch_extract,S,definitional,False,no_tail_if_then_else,False,0,[],8,,"{'code_has_def_level_termination': False, 'code_has_where': False, 'code_has_do': False, 'code_has_let_rec': True, 'code_self_recursive': False, 'code_aux_nonempty': False, 'n_if': 2, 'n_plus': 1}"
verina_basic_34,basic,T1_let_intro,D,definitional,True,,True,1,['verina_basic_34__T1_let_intro__0'],1,3.0,"{'code_has_def_level_termination': False, 'code_has_where': False, 'code_has_do': False, 'code_has_let_rec': False, 'code_self_recursive': False, 'code_aux_nonempty': False, 'n_if': 1, 'n_plus': 0}"
verina_basic_34,basic,T2_helper_extract,S,definitional,True,,True,1,['verina_basic_34__T2_helper_extract__0'],1,3.0,"{'code_has_def_level_termination': False, 'code_has_where': False, 'code_has_do': False, 'code_has_let_rec': False, 'code_self_recursive': False, 'code_aux_nonempty': False, 'n_if': 1, 'n_plus': 0}"
verina_basic_34,basic,T3_comm_swap,E,theorem_certified,False,no_commutative_operator_occurrence,False,0,[],1,,"{'code_has_def_level_termination': False, 'code_has_where': False, 'code_has_do': False, 'code_has_let_rec': False, 'code_self_recursive': False, 'code_aux_nonempty': False, 'n_if': 1, 'n_plus': 0}"
verina_basic_34,basic,T4_cond_invert,E,theorem_certified,False,no_tail_if_then_else,False,0,[],1,,"{'code_has_def_level_termination': False, 'code_has_where': False, 'code_has_do': False, 'code_has_let_rec': False, 'code_self_recursive': False, 'code_aux_nonempty': False, 'n_if': 1, 'n_plus': 0}"
verina_basic_34,basic,T5_branch_extract,S,definitional,False,no_tail_if_then_else,False,0,[],1,,"{'code_has_def_level_termination': False, 'code_has_where': False, 'code_has_do': False, 'code_has_let_rec': False, 'code_self_recursive': False, 'code_aux_nonempty': False, 'n_if': 1, 'n_plus': 0}"
verina_basic_35,basic,T1_let_intro,D,definitional,True,,True,1,['verina_basic_35__T1_let_intro__0'],3,5.0,"{'code_has_def_level_termination': False, 'code_has_where': False, 'code_has_do': False, 'code_has_let_rec': False, 'code_self_recursive': False, 'code_aux_nonempty': False, 'n_if': 0, 'n_plus': 0}"
verina_basic_35,basic,T2_helper_extract,S,definitional,True,,True,1,['verina_basic_35__T2_helper_extract__0'],3,5.0,"{'code_has_def_level_termination': False, 'code_has_where': False, 'code_has_do': False, 'code_has_let_rec': False, 'code_self_recursive': False, 'code_aux_nonempty': False, 'n_if': 0, 'n_plus': 0}"
verina_basic_35,basic,T3_comm_swap,E,theorem_certified,False,no_commutative_operator_occurrence,False,0,[],3,,"{'code_has_def_level_termination': False, 'code_has_where': False, 'code_has_do': False, 'code_has_let_rec': False, 'code_self_recursive': False, 'code_aux_nonempty': False, 'n_if': 0, 'n_plus': 0}"
verina_basic_35,basic,T4_cond_invert,E,theorem_certified,False,no_tail_if_then_else,False,0,[],3,,"{'code_has_def_level_termination': False, 'code_has_where': False, 'code_has_do': False, 'code_has_let_rec': False, 'code_self_recursive': False, 'code_aux_nonempty': False, 'n_if': 0, 'n_plus': 0}"
verina_basic_35,basic,T5_branch_extract,S,definitional,False,no_tail_if_then_else,False,0,[],3,,"{'code_has_def_level_termination': False, 'code_has_where': False, 'code_has_do': False, 'code_has_let_rec': False, 'code_self_recursive': False, 'code_aux_nonempty': False, 'n_if': 0, 'n_plus': 0}"
verina_basic_36,basic,T1_let_intro,D,definitional,True,,True,1,['verina_basic_36__T1_let_intro__0'],3,5.0,"{'code_has_def_level_termination': False, 'code_has_where': False, 'code_has_do': False, 'code_has_let_rec': False, 'code_self_recursive': False, 'code_aux_nonempty': False, 'n_if': 1, 'n_plus': 0}"
verina_basic_36,basic,T2_helper_extract,S,definitional,True,,True,1,['verina_basic_36__T2_helper_extract__0'],3,5.0,"{'code_has_def_level_termination': False, 'code_has_where': False, 'code_has_do': False, 'code_has_let_rec': False, 'code_self_recursive': False, 'code_aux_nonempty': False, 'n_if': 1, 'n_plus': 0}"
verina_basic_36,basic,T3_comm_swap,E,theorem_certified,False,no_commutative_operator_occurrence,False,0,[],3,,"{'code_has_def_level_termination': False, 'code_has_where': False, 'code_has_do': False, 'code_has_let_rec': False, 'code_self_recursive': False, 'code_aux_nonempty': False, 'n_if': 1, 'n_plus': 0}"
verina_basic_36,basic,T4_cond_invert,E,theorem_certified,False,no_tail_if_then_else,False,0,[],3,,"{'code_has_def_level_termination': False, 'code_has_where': False, 'code_has_do': False, 'code_has_let_rec': False, 'code_self_recursive': False, 'code_aux_nonempty': False, 'n_if': 1, 'n_plus': 0}"
verina_basic_36,basic,T5_branch_extract,S,definitional,False,no_tail_if_then_else,False,0,[],3,,"{'code_has_def_level_termination': False, 'code_has_where': False, 'code_has_do': False, 'code_has_let_rec': False, 'code_self_recursive': False, 'code_aux_nonempty': False, 'n_if': 1, 'n_plus': 0}"
verina_basic_37,basic,T1_let_intro,D,definitional,True,,True,1,['verina_basic_37__T1_let_intro__0'],8,10.0,"{'code_has_def_level_termination': False, 'code_has_where': False, 'code_has_do': False, 'code_has_let_rec': True, 'code_self_recursive': False, 'code_aux_nonempty': False, 'n_if': 3, 'n_plus': 1}"
verina_basic_37,basic,T2_helper_extract,S,definitional,True,,True,1,['verina_basic_37__T2_helper_extract__0'],8,10.0,"{'code_has_def_level_termination': False, 'code_has_where': False, 'code_has_do': False, 'code_has_let_rec': True, 'code_self_recursive': False, 'code_aux_nonempty': False, 'n_if': 3, 'n_plus': 1}"
verina_basic_37,basic,T3_comm_swap,E,theorem_certified,True,,True,1,['verina_basic_37__T3_comm_swap__0'],8,8.0,"{'code_has_def_level_termination': False, 'code_has_where': False, 'code_has_do': False, 'code_has_let_rec': True, 'code_self_recursive': False, 'code_aux_nonempty': False, 'n_if': 3, 'n_plus': 1}"
verina_basic_37,basic,T4_cond_invert,E,theorem_certified,False,no_tail_if_then_else,False,0,[],8,,"{'code_has_def_level_termination': False, 'code_has_where': False, 'code_has_do': False, 'code_has_let_rec': True, 'code_self_recursive': False, 'code_aux_nonempty': False, 'n_if': 3, 'n_plus': 1}"
verina_basic_37,basic,T5_branch_extract,S,definitional,False,no_tail_if_then_else,False,0,[],8,,"{'code_has_def_level_termination': False, 'code_has_where': False, 'code_has_do': False, 'code_has_let_rec': True, 'code_self_recursive': False, 'code_aux_nonempty': False, 'n_if': 3, 'n_plus': 1}"
verina_basic_38,basic,T1_let_intro,D,definitional,True,,True,1,['verina_basic_38__T1_let_intro__0'],3,5.0,"{'code_has_def_level_termination': False, 'code_has_where': False, 'code_has_do': False, 'code_has_let_rec': False, 'code_self_recursive': False, 'code_aux_nonempty': False, 'n_if': 0, 'n_plus': 0}"
verina_basic_38,basic,T2_helper_extract,S,definitional,True,,True,1,['verina_basic_38__T2_helper_extract__0'],3,5.0,"{'code_has_def_level_termination': False, 'code_has_where': False, 'code_has_do': False, 'code_has_let_rec': False, 'code_self_recursive': False, 'code_aux_nonempty': False, 'n_if': 0, 'n_plus': 0}"
verina_basic_38,basic,T3_comm_swap,E,theorem_certified,False,no_commutative_operator_occurrence,False,0,[],3,,"{'code_has_def_level_termination': False, 'code_has_where': False, 'code_has_do': False, 'code_has_let_rec': False, 'code_self_recursive': False, 'code_aux_nonempty': False, 'n_if': 0, 'n_plus': 0}"
verina_basic_38,basic,T4_cond_invert,E,theorem_certified,False,no_tail_if_then_else,False,0,[],3,,"{'code_has_def_level_termination': False, 'code_has_where': False, 'code_has_do': False, 'code_has_let_rec': False, 'code_self_recursive': False, 'code_aux_nonempty': False, 'n_if': 0, 'n_plus': 0}"
verina_basic_38,basic,T5_branch_extract,S,definitional,False,no_tail_if_then_else,False,0,[],3,,"{'code_has_def_level_termination': False, 'code_has_where': False, 'code_has_do': False, 'code_has_let_rec': False, 'code_self_recursive': False, 'code_aux_nonempty': False, 'n_if': 0, 'n_plus': 0}"
verina_basic_39,basic,T1_let_intro,D,definitional,True,,True,1,['verina_basic_39__T1_let_intro__0'],8,10.0,"{'code_has_def_level_termination': False, 'code_has_where': False, 'code_has_do': False, 'code_has_let_rec': False, 'code_self_recursive': False, 'code_aux_nonempty': False, 'n_if': 1, 'n_plus': 1}"
verina_basic_39,basic,T2_helper_extract,S,definitional,True,,True,1,['verina_basic_39__T2_helper_extract__0'],8,10.0,"{'code_has_def_level_termination': False, 'code_has_where': False, 'code_has_do': False, 'code_has_let_rec': False, 'code_self_recursive': False, 'code_aux_nonempty': False, 'n_if': 1, 'n_plus': 1}"
verina_basic_39,basic,T3_comm_swap,E,theorem_certified,False,no_commutative_operator_occurrence,False,0,[],8,,"{'code_has_def_level_termination': False, 'code_has_where': False, 'code_has_do': False, 'code_has_let_rec': False, 'code_self_recursive': False, 'code_aux_nonempty': False, 'n_if': 1, 'n_plus': 1}"
verina_basic_39,basic,T4_cond_invert,E,theorem_certified,True,,True,1,['verina_basic_39__T4_cond_invert__0'],8,8.0,"{'code_has_def_level_termination': False, 'code_has_where': False, 'code_has_do': False, 'code_has_let_rec': False, 'code_self_recursive': False, 'code_aux_nonempty': False, 'n_if': 1, 'n_plus': 1}"
verina_basic_39,basic,T5_branch_extract,S,definitional,False,bindings_before_tail_if,False,0,[],8,,"{'code_has_def_level_termination': False, 'code_has_where': False, 'code_has_do': False, 'code_has_let_rec': False, 'code_self_recursive': False, 'code_aux_nonempty': False, 'n_if': 1, 'n_plus': 1}"
verina_basic_4,basic,T1_let_intro,D,definitional,True,,True,1,['verina_basic_4__T1_let_intro__0'],1,3.0,"{'code_has_def_level_termination': False, 'code_has_where': False, 'code_has_do': False, 'code_has_let_rec': False, 'code_self_recursive': False, 'code_aux_nonempty': False, 'n_if': 0, 'n_plus': 0}"
verina_basic_4,basic,T2_helper_extract,S,definitional,True,,True,1,['verina_basic_4__T2_helper_extract__0'],1,3.0,"{'code_has_def_level_termination': False, 'code_has_where': False, 'code_has_do': False, 'code_has_let_rec': False, 'code_self_recursive': False, 'code_aux_nonempty': False, 'n_if': 0, 'n_plus': 0}"
verina_basic_4,basic,T3_comm_swap,E,theorem_certified,False,no_commutative_operator_occurrence,False,0,[],1,,"{'code_has_def_level_termination': False, 'code_has_where': False, 'code_has_do': False, 'code_has_let_rec': False, 'code_self_recursive': False, 'code_aux_nonempty': False, 'n_if': 0, 'n_plus': 0}"
verina_basic_4,basic,T4_cond_invert,E,theorem_certified,False,no_tail_if_then_else,False,0,[],1,,"{'code_has_def_level_termination': False, 'code_has_where': False, 'code_has_do': False, 'code_has_let_rec': False, 'code_self_recursive': False, 'code_aux_nonempty': False, 'n_if': 0, 'n_plus': 0}"
verina_basic_4,basic,T5_branch_extract,S,definitional,False,no_tail_if_then_else,False,0,[],1,,"{'code_has_def_level_termination': False, 'code_has_where': False, 'code_has_do': False, 'code_has_let_rec': False, 'code_self_recursive': False, 'code_aux_nonempty': False, 'n_if': 0, 'n_plus': 0}"
verina_basic_40,basic,T1_let_intro,D,definitional,True,,True,1,['verina_basic_40__T1_let_intro__0'],1,3.0,"{'code_has_def_level_termination': False, 'code_has_where': False, 'code_has_do': False, 'code_has_let_rec': False, 'code_self_recursive': False, 'code_aux_nonempty': True, 'n_if': 0, 'n_plus': 0}"
verina_basic_40,basic,T2_helper_extract,S,definitional,True,,True,1,['verina_basic_40__T2_helper_extract__0'],1,3.0,"{'code_has_def_level_termination': False, 'code_has_where': False, 'code_has_do': False, 'code_has_let_rec': False, 'code_self_recursive': False, 'code_aux_nonempty': True, 'n_if': 0, 'n_plus': 0}"
verina_basic_40,basic,T3_comm_swap,E,theorem_certified,False,no_commutative_operator_occurrence,False,0,[],1,,"{'code_has_def_level_termination': False, 'code_has_where': False, 'code_has_do': False, 'code_has_let_rec': False, 'code_self_recursive': False, 'code_aux_nonempty': True, 'n_if': 0, 'n_plus': 0}"
verina_basic_40,basic,T4_cond_invert,E,theorem_certified,False,no_tail_if_then_else,False,0,[],1,,"{'code_has_def_level_termination': False, 'code_has_where': False, 'code_has_do': False, 'code_has_let_rec': False, 'code_self_recursive': False, 'code_aux_nonempty': True, 'n_if': 0, 'n_plus': 0}"
verina_basic_40,basic,T5_branch_extract,S,definitional,False,no_tail_if_then_else,False,0,[],1,,"{'code_has_def_level_termination': False, 'code_has_where': False, 'code_has_do': False, 'code_has_let_rec': False, 'code_self_recursive': False, 'code_aux_nonempty': True, 'n_if': 0, 'n_plus': 0}"
verina_basic_41,basic,T1_let_intro,D,definitional,True,,True,1,['verina_basic_41__T1_let_intro__0'],10,12.0,"{'code_has_def_level_termination': False, 'code_has_where': False, 'code_has_do': False, 'code_has_let_rec': True, 'code_self_recursive': False, 'code_aux_nonempty': False, 'n_if': 3, 'n_plus': 1}"
verina_basic_41,basic,T2_helper_extract,S,definitional,True,,True,1,['verina_basic_41__T2_helper_extract__0'],10,12.0,"{'code_has_def_level_termination': False, 'code_has_where': False, 'code_has_do': False, 'code_has_let_rec': True, 'code_self_recursive': False, 'code_aux_nonempty': False, 'n_if': 3, 'n_plus': 1}"
verina_basic_41,basic,T3_comm_swap,E,theorem_certified,True,,True,1,['verina_basic_41__T3_comm_swap__0'],10,10.0,"{'code_has_def_level_termination': False, 'code_has_where': False, 'code_has_do': False, 'code_has_let_rec': True, 'code_self_recursive': False, 'code_aux_nonempty': False, 'n_if': 3, 'n_plus': 1}"
verina_basic_41,basic,T4_cond_invert,E,theorem_certified,True,,True,1,['verina_basic_41__T4_cond_invert__0'],10,10.0,"{'code_has_def_level_termination': False, 'code_has_where': False, 'code_has_do': False, 'code_has_let_rec': True, 'code_self_recursive': False, 'code_aux_nonempty': False, 'n_if': 3, 'n_plus': 1}"
verina_basic_41,basic,T5_branch_extract,S,definitional,False,let_rec_in_branch,False,0,[],10,,"{'code_has_def_level_termination': False, 'code_has_where': False, 'code_has_do': False, 'code_has_let_rec': True, 'code_self_recursive': False, 'code_aux_nonempty': False, 'n_if': 3, 'n_plus': 1}"
verina_basic_42,basic,T1_let_intro,D,definitional,True,,True,1,['verina_basic_42__T1_let_intro__0'],1,3.0,"{'code_has_def_level_termination': False, 'code_has_where': False, 'code_has_do': False, 'code_has_let_rec': False, 'code_self_recursive': False, 'code_aux_nonempty': False, 'n_if': 0, 'n_plus': 0}"
verina_basic_42,basic,T2_helper_extract,S,definitional,True,,True,1,['verina_basic_42__T2_helper_extract__0'],1,3.0,"{'code_has_def_level_termination': False, 'code_has_where': False, 'code_has_do': False, 'code_has_let_rec': False, 'code_self_recursive': False, 'code_aux_nonempty': False, 'n_if': 0, 'n_plus': 0}"
verina_basic_42,basic,T3_comm_swap,E,theorem_certified,False,no_commutative_operator_occurrence,False,0,[],1,,"{'code_has_def_level_termination': False, 'code_has_where': False, 'code_has_do': False, 'code_has_let_rec': False, 'code_self_recursive': False, 'code_aux_nonempty': False, 'n_if': 0, 'n_plus': 0}"
verina_basic_42,basic,T4_cond_invert,E,theorem_certified,False,no_tail_if_then_else,False,0,[],1,,"{'code_has_def_level_termination': False, 'code_has_where': False, 'code_has_do': False, 'code_has_let_rec': False, 'code_self_recursive': False, 'code_aux_nonempty': False, 'n_if': 0, 'n_plus': 0}"
verina_basic_42,basic,T5_branch_extract,S,definitional,False,no_tail_if_then_else,False,0,[],1,,"{'code_has_def_level_termination': False, 'code_has_where': False, 'code_has_do': False, 'code_has_let_rec': False, 'code_self_recursive': False, 'code_aux_nonempty': False, 'n_if': 0, 'n_plus': 0}"
verina_basic_43,basic,T1_let_intro,D,definitional,True,,True,1,['verina_basic_43__T1_let_intro__0'],6,8.0,"{'code_has_def_level_termination': False, 'code_has_where': False, 'code_has_do': False, 'code_has_let_rec': False, 'code_self_recursive': True, 'code_aux_nonempty': False, 'n_if': 0, 'n_plus': 3}"
verina_basic_43,basic,T2_helper_extract,S,definitional,False,self_recursive_body,False,0,[],6,,"{'code_has_def_level_termination': False, 'code_has_where': False, 'code_has_do': False, 'code_has_let_rec': False, 'code_self_recursive': True, 'code_aux_nonempty': False, 'n_if': 0, 'n_plus': 3}"
verina_basic_43,basic,T3_comm_swap,E,theorem_certified,True,,True,1,['verina_basic_43__T3_comm_swap__0'],6,6.0,"{'code_has_def_level_termination': False, 'code_has_where': False, 'code_has_do': False, 'code_has_let_rec': False, 'code_self_recursive': True, 'code_aux_nonempty': False, 'n_if': 0, 'n_plus': 3}"
verina_basic_43,basic,T4_cond_invert,E,theorem_certified,False,no_tail_if_then_else,False,0,[],6,,"{'code_has_def_level_termination': False, 'code_has_where': False, 'code_has_do': False, 'code_has_let_rec': False, 'code_self_recursive': True, 'code_aux_nonempty': False, 'n_if': 0, 'n_plus': 3}"
verina_basic_43,basic,T5_branch_extract,S,definitional,False,self_recursive_body,False,0,[],6,,"{'code_has_def_level_termination': False, 'code_has_where': False, 'code_has_do': False, 'code_has_let_rec': False, 'code_self_recursive': True, 'code_aux_nonempty': False, 'n_if': 0, 'n_plus': 3}"
verina_basic_44,basic,T1_let_intro,D,definitional,True,,True,1,['verina_basic_44__T1_let_intro__0'],2,4.0,"{'code_has_def_level_termination': False, 'code_has_where': False, 'code_has_do': False, 'code_has_let_rec': False, 'code_self_recursive': False, 'code_aux_nonempty': False, 'n_if': 1, 'n_plus': 0}"
verina_basic_44,basic,T2_helper_extract,S,definitional,True,,True,1,['verina_basic_44__T2_helper_extract__0'],2,4.0,"{'code_has_def_level_termination': False, 'code_has_where': False, 'code_has_do': False, 'code_has_let_rec': False, 'code_self_recursive': False, 'code_aux_nonempty': False, 'n_if': 1, 'n_plus': 0}"
verina_basic_44,basic,T3_comm_swap,E,theorem_certified,False,no_commutative_operator_occurrence,False,0,[],2,,"{'code_has_def_level_termination': False, 'code_has_where': False, 'code_has_do': False, 'code_has_let_rec': False, 'code_self_recursive': False, 'code_aux_nonempty': False, 'n_if': 1, 'n_plus': 0}"
verina_basic_44,basic,T4_cond_invert,E,theorem_certified,False,no_tail_if_then_else,False,0,[],2,,"{'code_has_def_level_termination': False, 'code_has_where': False, 'code_has_do': False, 'code_has_let_rec': False, 'code_self_recursive': False, 'code_aux_nonempty': False, 'n_if': 1, 'n_plus': 0}"
verina_basic_44,basic,T5_branch_extract,S,definitional,False,no_tail_if_then_else,False,0,[],2,,"{'code_has_def_level_termination': False, 'code_has_where': False, 'code_has_do': False, 'code_has_let_rec': False, 'code_self_recursive': False, 'code_aux_nonempty': False, 'n_if': 1, 'n_plus': 0}"
verina_basic_45,basic,T1_let_intro,D,definitional,True,,True,1,['verina_basic_45__T1_let_intro__0'],3,5.0,"{'code_has_def_level_termination': False, 'code_has_where': False, 'code_has_do': False, 'code_has_let_rec': False, 'code_self_recursive': False, 'code_aux_nonempty': False, 'n_if': 0, 'n_plus': 0}"
verina_basic_45,basic,T2_helper_extract,S,definitional,True,,True,1,['verina_basic_45__T2_helper_extract__0'],3,5.0,"{'code_has_def_level_termination': False, 'code_has_where': False, 'code_has_do': False, 'code_has_let_rec': False, 'code_self_recursive': False, 'code_aux_nonempty': False, 'n_if': 0, 'n_plus': 0}"
verina_basic_45,basic,T3_comm_swap,E,theorem_certified,True,,True,1,['verina_basic_45__T3_comm_swap__0'],3,3.0,"{'code_has_def_level_termination': False, 'code_has_where': False, 'code_has_do': False, 'code_has_let_rec': False, 'code_self_recursive': False, 'code_aux_nonempty': False, 'n_if': 0, 'n_plus': 0}"
verina_basic_45,basic,T4_cond_invert,E,theorem_certified,False,no_tail_if_then_else,False,0,[],3,,"{'code_has_def_level_termination': False, 'code_has_where': False, 'code_has_do': False, 'code_has_let_rec': False, 'code_self_recursive': False, 'code_aux_nonempty': False, 'n_if': 0, 'n_plus': 0}"
verina_basic_45,basic,T5_branch_extract,S,definitional,False,no_tail_if_then_else,False,0,[],3,,"{'code_has_def_level_termination': False, 'code_has_where': False, 'code_has_do': False, 'code_has_let_rec': False, 'code_self_recursive': False, 'code_aux_nonempty': False, 'n_if': 0, 'n_plus': 0}"
verina_basic_46,basic,T1_let_intro,D,definitional,True,,True,1,['verina_basic_46__T1_let_intro__0'],7,9.0,"{'code_has_def_level_termination': False, 'code_has_where': False, 'code_has_do': False, 'code_has_let_rec': True, 'code_self_recursive': False, 'code_aux_nonempty': False, 'n_if': 2, 'n_plus': 2}"
verina_basic_46,basic,T2_helper_extract,S,definitional,True,,True,1,['verina_basic_46__T2_helper_extract__0'],7,9.0,"{'code_has_def_level_termination': False, 'code_has_where': False, 'code_has_do': False, 'code_has_let_rec': True, 'code_self_recursive': False, 'code_aux_nonempty': False, 'n_if': 2, 'n_plus': 2}"
verina_basic_46,basic,T3_comm_swap,E,theorem_certified,True,,True,2,"['verina_basic_46__T3_comm_swap__0', 'verina_basic_46__T3_comm_swap__1']",7,7.0,"{'code_has_def_level_termination': False, 'code_has_where': False, 'code_has_do': False, 'code_has_let_rec': True, 'code_self_recursive': False, 'code_aux_nonempty': False, 'n_if': 2, 'n_plus': 2}"
verina_basic_46,basic,T4_cond_invert,E,theorem_certified,False,no_tail_if_then_else,False,0,[],7,,"{'code_has_def_level_termination': False, 'code_has_where': False, 'code_has_do': False, 'code_has_let_rec': True, 'code_self_recursive': False, 'code_aux_nonempty': False, 'n_if': 2, 'n_plus': 2}"
verina_basic_46,basic,T5_branch_extract,S,definitional,False,no_tail_if_then_else,False,0,[],7,,"{'code_has_def_level_termination': False, 'code_has_where': False, 'code_has_do': False, 'code_has_let_rec': True, 'code_self_recursive': False, 'code_aux_nonempty': False, 'n_if': 2, 'n_plus': 2}"
verina_basic_47,basic,T1_let_intro,D,definitional,True,,True,1,['verina_basic_47__T1_let_intro__0'],1,3.0,"{'code_has_def_level_termination': False, 'code_has_where': False, 'code_has_do': False, 'code_has_let_rec': False, 'code_self_recursive': False, 'code_aux_nonempty': False, 'n_if': 0, 'n_plus': 0}"
verina_basic_47,basic,T2_helper_extract,S,definitional,True,,True,1,['verina_basic_47__T2_helper_extract__0'],1,3.0,"{'code_has_def_level_termination': False, 'code_has_where': False, 'code_has_do': False, 'code_has_let_rec': False, 'code_self_recursive': False, 'code_aux_nonempty': False, 'n_if': 0, 'n_plus': 0}"
verina_basic_47,basic,T3_comm_swap,E,theorem_certified,False,no_commutative_operator_occurrence,False,0,[],1,,"{'code_has_def_level_termination': False, 'code_has_where': False, 'code_has_do': False, 'code_has_let_rec': False, 'code_self_recursive': False, 'code_aux_nonempty': False, 'n_if': 0, 'n_plus': 0}"
verina_basic_47,basic,T4_cond_invert,E,theorem_certified,False,no_tail_if_then_else,False,0,[],1,,"{'code_has_def_level_termination': False, 'code_has_where': False, 'code_has_do': False, 'code_has_let_rec': False, 'code_self_recursive': False, 'code_aux_nonempty': False, 'n_if': 0, 'n_plus': 0}"
verina_basic_47,basic,T5_branch_extract,S,definitional,False,no_tail_if_then_else,False,0,[],1,,"{'code_has_def_level_termination': False, 'code_has_where': False, 'code_has_do': False, 'code_has_let_rec': False, 'code_self_recursive': False, 'code_aux_nonempty': False, 'n_if': 0, 'n_plus': 0}"
verina_basic_48,basic,T1_let_intro,D,definitional,True,,True,1,['verina_basic_48__T1_let_intro__0'],10,12.0,"{'code_has_def_level_termination': False, 'code_has_where': False, 'code_has_do': False, 'code_has_let_rec': True, 'code_self_recursive': False, 'code_aux_nonempty': False, 'n_if': 3, 'n_plus': 2}"
verina_basic_48,basic,T2_helper_extract,S,definitional,True,,True,1,['verina_basic_48__T2_helper_extract__0'],10,12.0,"{'code_has_def_level_termination': False, 'code_has_where': False, 'code_has_do': False, 'code_has_let_rec': True, 'code_self_recursive': False, 'code_aux_nonempty': False, 'n_if': 3, 'n_plus': 2}"
verina_basic_48,basic,T3_comm_swap,E,theorem_certified,True,,True,1,['verina_basic_48__T3_comm_swap__0'],10,10.0,"{'code_has_def_level_termination': False, 'code_has_where': False, 'code_has_do': False, 'code_has_let_rec': True, 'code_self_recursive': False, 'code_aux_nonempty': False, 'n_if': 3, 'n_plus': 2}"
verina_basic_48,basic,T4_cond_invert,E,theorem_certified,True,,True,1,['verina_basic_48__T4_cond_invert__0'],10,10.0,"{'code_has_def_level_termination': False, 'code_has_where': False, 'code_has_do': False, 'code_has_let_rec': True, 'code_self_recursive': False, 'code_aux_nonempty': False, 'n_if': 3, 'n_plus': 2}"
verina_basic_48,basic,T5_branch_extract,S,definitional,False,let_rec_in_branch,False,0,[],10,,"{'code_has_def_level_termination': False, 'code_has_where': False, 'code_has_do': False, 'code_has_let_rec': True, 'code_self_recursive': False, 'code_aux_nonempty': False, 'n_if': 3, 'n_plus': 2}"
verina_basic_49,basic,T1_let_intro,D,definitional,True,,True,1,['verina_basic_49__T1_let_intro__0'],3,5.0,"{'code_has_def_level_termination': False, 'code_has_where': False, 'code_has_do': False, 'code_has_let_rec': False, 'code_self_recursive': False, 'code_aux_nonempty': False, 'n_if': 1, 'n_plus': 0}"
verina_basic_49,basic,T2_helper_extract,S,definitional,True,,True,1,['verina_basic_49__T2_helper_extract__0'],3,5.0,"{'code_has_def_level_termination': False, 'code_has_where': False, 'code_has_do': False, 'code_has_let_rec': False, 'code_self_recursive': False, 'code_aux_nonempty': False, 'n_if': 1, 'n_plus': 0}"
verina_basic_49,basic,T3_comm_swap,E,theorem_certified,False,no_commutative_operator_occurrence,False,0,[],3,,"{'code_has_def_level_termination': False, 'code_has_where': False, 'code_has_do': False, 'code_has_let_rec': False, 'code_self_recursive': False, 'code_aux_nonempty': False, 'n_if': 1, 'n_plus': 0}"
verina_basic_49,basic,T4_cond_invert,E,theorem_certified,False,no_tail_if_then_else,False,0,[],3,,"{'code_has_def_level_termination': False, 'code_has_where': False, 'code_has_do': False, 'code_has_let_rec': False, 'code_self_recursive': False, 'code_aux_nonempty': False, 'n_if': 1, 'n_plus': 0}"
verina_basic_49,basic,T5_branch_extract,S,definitional,False,no_tail_if_then_else,False,0,[],3,,"{'code_has_def_level_termination': False, 'code_has_where': False, 'code_has_do': False, 'code_has_let_rec': False, 'code_self_recursive': False, 'code_aux_nonempty': False, 'n_if': 1, 'n_plus': 0}"
verina_basic_5,basic,T1_let_intro,D,definitional,True,,True,1,['verina_basic_5__T1_let_intro__0'],1,3.0,"{'code_has_def_level_termination': False, 'code_has_where': False, 'code_has_do': False, 'code_has_let_rec': False, 'code_self_recursive': False, 'code_aux_nonempty': False, 'n_if': 0, 'n_plus': 0}"
verina_basic_5,basic,T2_helper_extract,S,definitional,True,,True,1,['verina_basic_5__T2_helper_extract__0'],1,3.0,"{'code_has_def_level_termination': False, 'code_has_where': False, 'code_has_do': False, 'code_has_let_rec': False, 'code_self_recursive': False, 'code_aux_nonempty': False, 'n_if': 0, 'n_plus': 0}"
verina_basic_5,basic,T3_comm_swap,E,theorem_certified,True,,True,1,['verina_basic_5__T3_comm_swap__0'],1,1.0,"{'code_has_def_level_termination': False, 'code_has_where': False, 'code_has_do': False, 'code_has_let_rec': False, 'code_self_recursive': False, 'code_aux_nonempty': False, 'n_if': 0, 'n_plus': 0}"
verina_basic_5,basic,T4_cond_invert,E,theorem_certified,False,no_tail_if_then_else,False,0,[],1,,"{'code_has_def_level_termination': False, 'code_has_where': False, 'code_has_do': False, 'code_has_let_rec': False, 'code_self_recursive': False, 'code_aux_nonempty': False, 'n_if': 0, 'n_plus': 0}"
verina_basic_5,basic,T5_branch_extract,S,definitional,False,no_tail_if_then_else,False,0,[],1,,"{'code_has_def_level_termination': False, 'code_has_where': False, 'code_has_do': False, 'code_has_let_rec': False, 'code_self_recursive': False, 'code_aux_nonempty': False, 'n_if': 0, 'n_plus': 0}"
verina_basic_50,basic,T1_let_intro,D,definitional,True,,True,1,['verina_basic_50__T1_let_intro__0'],1,3.0,"{'code_has_def_level_termination': False, 'code_has_where': False, 'code_has_do': False, 'code_has_let_rec': False, 'code_self_recursive': False, 'code_aux_nonempty': False, 'n_if': 1, 'n_plus': 0}"
verina_basic_50,basic,T2_helper_extract,S,definitional,True,,True,1,['verina_basic_50__T2_helper_extract__0'],1,3.0,"{'code_has_def_level_termination': False, 'code_has_where': False, 'code_has_do': False, 'code_has_let_rec': False, 'code_self_recursive': False, 'code_aux_nonempty': False, 'n_if': 1, 'n_plus': 0}"
verina_basic_50,basic,T3_comm_swap,E,theorem_certified,False,no_commutative_operator_occurrence,False,0,[],1,,"{'code_has_def_level_termination': False, 'code_has_where': False, 'code_has_do': False, 'code_has_let_rec': False, 'code_self_recursive': False, 'code_aux_nonempty': False, 'n_if': 1, 'n_plus': 0}"
verina_basic_50,basic,T4_cond_invert,E,theorem_certified,True,,True,1,['verina_basic_50__T4_cond_invert__0'],1,2.0,"{'code_has_def_level_termination': False, 'code_has_where': False, 'code_has_do': False, 'code_has_let_rec': False, 'code_self_recursive': False, 'code_aux_nonempty': False, 'n_if': 1, 'n_plus': 0}"
verina_basic_50,basic,T5_branch_extract,S,definitional,True,,True,1,['verina_basic_50__T5_branch_extract__0'],1,4.0,"{'code_has_def_level_termination': False, 'code_has_where': False, 'code_has_do': False, 'code_has_let_rec': False, 'code_self_recursive': False, 'code_aux_nonempty': False, 'n_if': 1, 'n_plus': 0}"
verina_basic_51,basic,T1_let_intro,D,definitional,True,,True,1,['verina_basic_51__T1_let_intro__0'],1,3.0,"{'code_has_def_level_termination': False, 'code_has_where': False, 'code_has_do': False, 'code_has_let_rec': False, 'code_self_recursive': False, 'code_aux_nonempty': True, 'n_if': 0, 'n_plus': 0}"
verina_basic_51,basic,T2_helper_extract,S,definitional,True,,True,1,['verina_basic_51__T2_helper_extract__0'],1,3.0,"{'code_has_def_level_termination': False, 'code_has_where': False, 'code_has_do': False, 'code_has_let_rec': False, 'code_self_recursive': False, 'code_aux_nonempty': True, 'n_if': 0, 'n_plus': 0}"
verina_basic_51,basic,T3_comm_swap,E,theorem_certified,False,no_commutative_operator_occurrence,False,0,[],1,,"{'code_has_def_level_termination': False, 'code_has_where': False, 'code_has_do': False, 'code_has_let_rec': False, 'code_self_recursive': False, 'code_aux_nonempty': True, 'n_if': 0, 'n_plus': 0}"
verina_basic_51,basic,T4_cond_invert,E,theorem_certified,False,no_tail_if_then_else,False,0,[],1,,"{'code_has_def_level_termination': False, 'code_has_where': False, 'code_has_do': False, 'code_has_let_rec': False, 'code_self_recursive': False, 'code_aux_nonempty': True, 'n_if': 0, 'n_plus': 0}"
verina_basic_51,basic,T5_branch_extract,S,definitional,False,no_tail_if_then_else,False,0,[],1,,"{'code_has_def_level_termination': False, 'code_has_where': False, 'code_has_do': False, 'code_has_let_rec': False, 'code_self_recursive': False, 'code_aux_nonempty': True, 'n_if': 0, 'n_plus': 0}"
verina_basic_52,basic,T1_let_intro,D,definitional,True,,True,1,['verina_basic_52__T1_let_intro__0'],1,3.0,"{'code_has_def_level_termination': False, 'code_has_where': False, 'code_has_do': False, 'code_has_let_rec': False, 'code_self_recursive': False, 'code_aux_nonempty': True, 'n_if': 1, 'n_plus': 0}"
verina_basic_52,basic,T2_helper_extract,S,definitional,True,,True,1,['verina_basic_52__T2_helper_extract__0'],1,3.0,"{'code_has_def_level_termination': False, 'code_has_where': False, 'code_has_do': False, 'code_has_let_rec': False, 'code_self_recursive': False, 'code_aux_nonempty': True, 'n_if': 1, 'n_plus': 0}"
verina_basic_52,basic,T3_comm_swap,E,theorem_certified,False,no_commutative_operator_occurrence,False,0,[],1,,"{'code_has_def_level_termination': False, 'code_has_where': False, 'code_has_do': False, 'code_has_let_rec': False, 'code_self_recursive': False, 'code_aux_nonempty': True, 'n_if': 1, 'n_plus': 0}"
verina_basic_52,basic,T4_cond_invert,E,theorem_certified,True,,True,1,['verina_basic_52__T4_cond_invert__0'],1,2.0,"{'code_has_def_level_termination': False, 'code_has_where': False, 'code_has_do': False, 'code_has_let_rec': False, 'code_self_recursive': False, 'code_aux_nonempty': True, 'n_if': 1, 'n_plus': 0}"
verina_basic_52,basic,T5_branch_extract,S,definitional,True,,True,1,['verina_basic_52__T5_branch_extract__0'],1,4.0,"{'code_has_def_level_termination': False, 'code_has_where': False, 'code_has_do': False, 'code_has_let_rec': False, 'code_self_recursive': False, 'code_aux_nonempty': True, 'n_if': 1, 'n_plus': 0}"
verina_basic_53,basic,T1_let_intro,D,definitional,True,,True,1,['verina_basic_53__T1_let_intro__0'],4,6.0,"{'code_has_def_level_termination': False, 'code_has_where': False, 'code_has_do': False, 'code_has_let_rec': True, 'code_self_recursive': False, 'code_aux_nonempty': False, 'n_if': 1, 'n_plus': 1}"
verina_basic_53,basic,T2_helper_extract,S,definitional,True,,True,1,['verina_basic_53__T2_helper_extract__0'],4,6.0,"{'code_has_def_level_termination': False, 'code_has_where': False, 'code_has_do': False, 'code_has_let_rec': True, 'code_self_recursive': False, 'code_aux_nonempty': False, 'n_if': 1, 'n_plus': 1}"
verina_basic_53,basic,T3_comm_swap,E,theorem_certified,False,no_commutative_operator_occurrence,False,0,[],4,,"{'code_has_def_level_termination': False, 'code_has_where': False, 'code_has_do': False, 'code_has_let_rec': True, 'code_self_recursive': False, 'code_aux_nonempty': False, 'n_if': 1, 'n_plus': 1}"
verina_basic_53,basic,T4_cond_invert,E,theorem_certified,False,no_tail_if_then_else,False,0,[],4,,"{'code_has_def_level_termination': False, 'code_has_where': False, 'code_has_do': False, 'code_has_let_rec': True, 'code_self_recursive': False, 'code_aux_nonempty': False, 'n_if': 1, 'n_plus': 1}"
verina_basic_53,basic,T5_branch_extract,S,definitional,False,no_tail_if_then_else,False,0,[],4,,"{'code_has_def_level_termination': False, 'code_has_where': False, 'code_has_do': False, 'code_has_let_rec': True, 'code_self_recursive': False, 'code_aux_nonempty': False, 'n_if': 1, 'n_plus': 1}"
verina_basic_54,basic,T1_let_intro,D,definitional,True,,True,1,['verina_basic_54__T1_let_intro__0'],4,6.0,"{'code_has_def_level_termination': False, 'code_has_where': False, 'code_has_do': False, 'code_has_let_rec': False, 'code_self_recursive': False, 'code_aux_nonempty': True, 'n_if': 1, 'n_plus': 0}"
verina_basic_54,basic,T2_helper_extract,S,definitional,True,,True,1,['verina_basic_54__T2_helper_extract__0'],4,6.0,"{'code_has_def_level_termination': False, 'code_has_where': False, 'code_has_do': False, 'code_has_let_rec': False, 'code_self_recursive': False, 'code_aux_nonempty': True, 'n_if': 1, 'n_plus': 0}"
verina_basic_54,basic,T3_comm_swap,E,theorem_certified,False,no_commutative_operator_occurrence,False,0,[],4,,"{'code_has_def_level_termination': False, 'code_has_where': False, 'code_has_do': False, 'code_has_let_rec': False, 'code_self_recursive': False, 'code_aux_nonempty': True, 'n_if': 1, 'n_plus': 0}"
verina_basic_54,basic,T4_cond_invert,E,theorem_certified,False,no_tail_if_then_else,False,0,[],4,,"{'code_has_def_level_termination': False, 'code_has_where': False, 'code_has_do': False, 'code_has_let_rec': False, 'code_self_recursive': False, 'code_aux_nonempty': True, 'n_if': 1, 'n_plus': 0}"
verina_basic_54,basic,T5_branch_extract,S,definitional,False,no_tail_if_then_else,False,0,[],4,,"{'code_has_def_level_termination': False, 'code_has_where': False, 'code_has_do': False, 'code_has_let_rec': False, 'code_self_recursive': False, 'code_aux_nonempty': True, 'n_if': 1, 'n_plus': 0}"
verina_basic_55,basic,T1_let_intro,D,definitional,True,,True,1,['verina_basic_55__T1_let_intro__0'],1,3.0,"{'code_has_def_level_termination': False, 'code_has_where': False, 'code_has_do': False, 'code_has_let_rec': False, 'code_self_recursive': False, 'code_aux_nonempty': False, 'n_if': 1, 'n_plus': 0}"
verina_basic_55,basic,T2_helper_extract,S,definitional,True,,True,1,['verina_basic_55__T2_helper_extract__0'],1,3.0,"{'code_has_def_level_termination': False, 'code_has_where': False, 'code_has_do': False, 'code_has_let_rec': False, 'code_self_recursive': False, 'code_aux_nonempty': False, 'n_if': 1, 'n_plus': 0}"
verina_basic_55,basic,T3_comm_swap,E,theorem_certified,False,no_commutative_operator_occurrence,False,0,[],1,,"{'code_has_def_level_termination': False, 'code_has_where': False, 'code_has_do': False, 'code_has_let_rec': False, 'code_self_recursive': False, 'code_aux_nonempty': False, 'n_if': 1, 'n_plus': 0}"
verina_basic_55,basic,T4_cond_invert,E,theorem_certified,True,,True,1,['verina_basic_55__T4_cond_invert__0'],1,2.0,"{'code_has_def_level_termination': False, 'code_has_where': False, 'code_has_do': False, 'code_has_let_rec': False, 'code_self_recursive': False, 'code_aux_nonempty': False, 'n_if': 1, 'n_plus': 0}"
verina_basic_55,basic,T5_branch_extract,S,definitional,True,,True,1,['verina_basic_55__T5_branch_extract__0'],1,4.0,"{'code_has_def_level_termination': False, 'code_has_where': False, 'code_has_do': False, 'code_has_let_rec': False, 'code_self_recursive': False, 'code_aux_nonempty': False, 'n_if': 1, 'n_plus': 0}"
verina_basic_56,basic,T1_let_intro,D,definitional,True,,True,1,['verina_basic_56__T1_let_intro__0'],4,6.0,"{'code_has_def_level_termination': False, 'code_has_where': False, 'code_has_do': False, 'code_has_let_rec': False, 'code_self_recursive': False, 'code_aux_nonempty': True, 'n_if': 1, 'n_plus': 0}"
verina_basic_56,basic,T2_helper_extract,S,definitional,True,,True,1,['verina_basic_56__T2_helper_extract__0'],4,6.0,"{'code_has_def_level_termination': False, 'code_has_where': False, 'code_has_do': False, 'code_has_let_rec': False, 'code_self_recursive': False, 'code_aux_nonempty': True, 'n_if': 1, 'n_plus': 0}"
verina_basic_56,basic,T3_comm_swap,E,theorem_certified,False,no_commutative_operator_occurrence,False,0,[],4,,"{'code_has_def_level_termination': False, 'code_has_where': False, 'code_has_do': False, 'code_has_let_rec': False, 'code_self_recursive': False, 'code_aux_nonempty': True, 'n_if': 1, 'n_plus': 0}"
verina_basic_56,basic,T4_cond_invert,E,theorem_certified,True,,True,1,['verina_basic_56__T4_cond_invert__0'],4,4.0,"{'code_has_def_level_termination': False, 'code_has_where': False, 'code_has_do': False, 'code_has_let_rec': False, 'code_self_recursive': False, 'code_aux_nonempty': True, 'n_if': 1, 'n_plus': 0}"
verina_basic_56,basic,T5_branch_extract,S,definitional,True,,True,1,['verina_basic_56__T5_branch_extract__0'],4,6.0,"{'code_has_def_level_termination': False, 'code_has_where': False, 'code_has_do': False, 'code_has_let_rec': False, 'code_self_recursive': False, 'code_aux_nonempty': True, 'n_if': 1, 'n_plus': 0}"
verina_basic_57,basic,T1_let_intro,D,definitional,True,,True,1,['verina_basic_57__T1_let_intro__0'],1,3.0,"{'code_has_def_level_termination': False, 'code_has_where': False, 'code_has_do': False, 'code_has_let_rec': False, 'code_self_recursive': False, 'code_aux_nonempty': True, 'n_if': 0, 'n_plus': 0}"
verina_basic_57,basic,T2_helper_extract,S,definitional,True,,True,1,['verina_basic_57__T2_helper_extract__0'],1,3.0,"{'code_has_def_level_termination': False, 'code_has_where': False, 'code_has_do': False, 'code_has_let_rec': False, 'code_self_recursive': False, 'code_aux_nonempty': True, 'n_if': 0, 'n_plus': 0}"
verina_basic_57,basic,T3_comm_swap,E,theorem_certified,False,no_commutative_operator_occurrence,False,0,[],1,,"{'code_has_def_level_termination': False, 'code_has_where': False, 'code_has_do': False, 'code_has_let_rec': False, 'code_self_recursive': False, 'code_aux_nonempty': True, 'n_if': 0, 'n_plus': 0}"
verina_basic_57,basic,T4_cond_invert,E,theorem_certified,False,no_tail_if_then_else,False,0,[],1,,"{'code_has_def_level_termination': False, 'code_has_where': False, 'code_has_do': False, 'code_has_let_rec': False, 'code_self_recursive': False, 'code_aux_nonempty': True, 'n_if': 0, 'n_plus': 0}"
verina_basic_57,basic,T5_branch_extract,S,definitional,False,no_tail_if_then_else,False,0,[],1,,"{'code_has_def_level_termination': False, 'code_has_where': False, 'code_has_do': False, 'code_has_let_rec': False, 'code_self_recursive': False, 'code_aux_nonempty': True, 'n_if': 0, 'n_plus': 0}"
verina_basic_58,basic,T1_let_intro,D,definitional,True,,True,1,['verina_basic_58__T1_let_intro__0'],1,3.0,"{'code_has_def_level_termination': False, 'code_has_where': False, 'code_has_do': False, 'code_has_let_rec': False, 'code_self_recursive': False, 'code_aux_nonempty': True, 'n_if': 0, 'n_plus': 0}"
verina_basic_58,basic,T2_helper_extract,S,definitional,True,,True,1,['verina_basic_58__T2_helper_extract__0'],1,3.0,"{'code_has_def_level_termination': False, 'code_has_where': False, 'code_has_do': False, 'code_has_let_rec': False, 'code_self_recursive': False, 'code_aux_nonempty': True, 'n_if': 0, 'n_plus': 0}"
verina_basic_58,basic,T3_comm_swap,E,theorem_certified,False,no_commutative_operator_occurrence,False,0,[],1,,"{'code_has_def_level_termination': False, 'code_has_where': False, 'code_has_do': False, 'code_has_let_rec': False, 'code_self_recursive': False, 'code_aux_nonempty': True, 'n_if': 0, 'n_plus': 0}"
verina_basic_58,basic,T4_cond_invert,E,theorem_certified,False,no_tail_if_then_else,False,0,[],1,,"{'code_has_def_level_termination': False, 'code_has_where': False, 'code_has_do': False, 'code_has_let_rec': False, 'code_self_recursive': False, 'code_aux_nonempty': True, 'n_if': 0, 'n_plus': 0}"
verina_basic_58,basic,T5_branch_extract,S,definitional,False,no_tail_if_then_else,False,0,[],1,,"{'code_has_def_level_termination': False, 'code_has_where': False, 'code_has_do': False, 'code_has_let_rec': False, 'code_self_recursive': False, 'code_aux_nonempty': True, 'n_if': 0, 'n_plus': 0}"
verina_basic_59,basic,T1_let_intro,D,definitional,True,,True,1,['verina_basic_59__T1_let_intro__0'],3,5.0,"{'code_has_def_level_termination': False, 'code_has_where': False, 'code_has_do': False, 'code_has_let_rec': False, 'code_self_recursive': False, 'code_aux_nonempty': False, 'n_if': 0, 'n_plus': 0}"
verina_basic_59,basic,T2_helper_extract,S,definitional,True,,True,1,['verina_basic_59__T2_helper_extract__0'],3,5.0,"{'code_has_def_level_termination': False, 'code_has_where': False, 'code_has_do': False, 'code_has_let_rec': False, 'code_self_recursive': False, 'code_aux_nonempty': False, 'n_if': 0, 'n_plus': 0}"
verina_basic_59,basic,T3_comm_swap,E,theorem_certified,True,,True,2,"['verina_basic_59__T3_comm_swap__0', 'verina_basic_59__T3_comm_swap__1']",3,3.0,"{'code_has_def_level_termination': False, 'code_has_where': False, 'code_has_do': False, 'code_has_let_rec': False, 'code_self_recursive': False, 'code_aux_nonempty': False, 'n_if': 0, 'n_plus': 0}"
verina_basic_59,basic,T4_cond_invert,E,theorem_certified,False,no_tail_if_then_else,False,0,[],3,,"{'code_has_def_level_termination': False, 'code_has_where': False, 'code_has_do': False, 'code_has_let_rec': False, 'code_self_recursive': False, 'code_aux_nonempty': False, 'n_if': 0, 'n_plus': 0}"
verina_basic_59,basic,T5_branch_extract,S,definitional,False,no_tail_if_then_else,False,0,[],3,,"{'code_has_def_level_termination': False, 'code_has_where': False, 'code_has_do': False, 'code_has_let_rec': False, 'code_self_recursive': False, 'code_aux_nonempty': False, 'n_if': 0, 'n_plus': 0}"
verina_basic_6,basic,T1_let_intro,D,definitional,True,,True,1,['verina_basic_6__T1_let_intro__0'],3,5.0,"{'code_has_def_level_termination': False, 'code_has_where': False, 'code_has_do': False, 'code_has_let_rec': False, 'code_self_recursive': False, 'code_aux_nonempty': False, 'n_if': 2, 'n_plus': 0}"
verina_basic_6,basic,T2_helper_extract,S,definitional,True,,True,1,['verina_basic_6__T2_helper_extract__0'],3,5.0,"{'code_has_def_level_termination': False, 'code_has_where': False, 'code_has_do': False, 'code_has_let_rec': False, 'code_self_recursive': False, 'code_aux_nonempty': False, 'n_if': 2, 'n_plus': 0}"
verina_basic_6,basic,T3_comm_swap,E,theorem_certified,False,no_commutative_operator_occurrence,False,0,[],3,,"{'code_has_def_level_termination': False, 'code_has_where': False, 'code_has_do': False, 'code_has_let_rec': False, 'code_self_recursive': False, 'code_aux_nonempty': False, 'n_if': 2, 'n_plus': 0}"
verina_basic_6,basic,T4_cond_invert,E,theorem_certified,True,,True,1,['verina_basic_6__T4_cond_invert__0'],3,3.0,"{'code_has_def_level_termination': False, 'code_has_where': False, 'code_has_do': False, 'code_has_let_rec': False, 'code_self_recursive': False, 'code_aux_nonempty': False, 'n_if': 2, 'n_plus': 0}"
verina_basic_6,basic,T5_branch_extract,S,definitional,True,,True,1,['verina_basic_6__T5_branch_extract__0'],3,6.0,"{'code_has_def_level_termination': False, 'code_has_where': False, 'code_has_do': False, 'code_has_let_rec': False, 'code_self_recursive': False, 'code_aux_nonempty': False, 'n_if': 2, 'n_plus': 0}"
verina_basic_60,basic,T1_let_intro,D,definitional,True,,True,1,['verina_basic_60__T1_let_intro__0'],9,11.0,"{'code_has_def_level_termination': False, 'code_has_where': False, 'code_has_do': False, 'code_has_let_rec': True, 'code_self_recursive': False, 'code_aux_nonempty': False, 'n_if': 2, 'n_plus': 2}"
verina_basic_60,basic,T2_helper_extract,S,definitional,True,,True,1,['verina_basic_60__T2_helper_extract__0'],9,11.0,"{'code_has_def_level_termination': False, 'code_has_where': False, 'code_has_do': False, 'code_has_let_rec': True, 'code_self_recursive': False, 'code_aux_nonempty': False, 'n_if': 2, 'n_plus': 2}"
verina_basic_60,basic,T3_comm_swap,E,theorem_certified,True,,True,2,"['verina_basic_60__T3_comm_swap__0', 'verina_basic_60__T3_comm_swap__1']",9,9.0,"{'code_has_def_level_termination': False, 'code_has_where': False, 'code_has_do': False, 'code_has_let_rec': True, 'code_self_recursive': False, 'code_aux_nonempty': False, 'n_if': 2, 'n_plus': 2}"
verina_basic_60,basic,T4_cond_invert,E,theorem_certified,False,no_tail_if_then_else,False,0,[],9,,"{'code_has_def_level_termination': False, 'code_has_where': False, 'code_has_do': False, 'code_has_let_rec': True, 'code_self_recursive': False, 'code_aux_nonempty': False, 'n_if': 2, 'n_plus': 2}"
verina_basic_60,basic,T5_branch_extract,S,definitional,False,no_tail_if_then_else,False,0,[],9,,"{'code_has_def_level_termination': False, 'code_has_where': False, 'code_has_do': False, 'code_has_let_rec': True, 'code_self_recursive': False, 'code_aux_nonempty': False, 'n_if': 2, 'n_plus': 2}"
verina_basic_61,basic,T1_let_intro,D,definitional,True,,True,1,['verina_basic_61__T1_let_intro__0'],9,11.0,"{'code_has_def_level_termination': False, 'code_has_where': False, 'code_has_do': False, 'code_has_let_rec': True, 'code_self_recursive': False, 'code_aux_nonempty': False, 'n_if': 2, 'n_plus': 0}"
verina_basic_61,basic,T2_helper_extract,S,definitional,True,,True,1,['verina_basic_61__T2_helper_extract__0'],9,11.0,"{'code_has_def_level_termination': False, 'code_has_where': False, 'code_has_do': False, 'code_has_let_rec': True, 'code_self_recursive': False, 'code_aux_nonempty': False, 'n_if': 2, 'n_plus': 0}"
verina_basic_61,basic,T3_comm_swap,E,theorem_certified,False,no_commutative_operator_occurrence,False,0,[],9,,"{'code_has_def_level_termination': False, 'code_has_where': False, 'code_has_do': False, 'code_has_let_rec': True, 'code_self_recursive': False, 'code_aux_nonempty': False, 'n_if': 2, 'n_plus': 0}"
verina_basic_61,basic,T4_cond_invert,E,theorem_certified,False,no_tail_if_then_else,False,0,[],9,,"{'code_has_def_level_termination': False, 'code_has_where': False, 'code_has_do': False, 'code_has_let_rec': True, 'code_self_recursive': False, 'code_aux_nonempty': False, 'n_if': 2, 'n_plus': 0}"
verina_basic_61,basic,T5_branch_extract,S,definitional,False,no_tail_if_then_else,False,0,[],9,,"{'code_has_def_level_termination': False, 'code_has_where': False, 'code_has_do': False, 'code_has_let_rec': True, 'code_self_recursive': False, 'code_aux_nonempty': False, 'n_if': 2, 'n_plus': 0}"
verina_basic_62,basic,T1_let_intro,D,definitional,True,,True,1,['verina_basic_62__T1_let_intro__0'],6,8.0,"{'code_has_def_level_termination': False, 'code_has_where': False, 'code_has_do': False, 'code_has_let_rec': True, 'code_self_recursive': False, 'code_aux_nonempty': False, 'n_if': 2, 'n_plus': 1}"
verina_basic_62,basic,T2_helper_extract,S,definitional,True,,True,1,['verina_basic_62__T2_helper_extract__0'],6,8.0,"{'code_has_def_level_termination': False, 'code_has_where': False, 'code_has_do': False, 'code_has_let_rec': True, 'code_self_recursive': False, 'code_aux_nonempty': False, 'n_if': 2, 'n_plus': 1}"
verina_basic_62,basic,T3_comm_swap,E,theorem_certified,True,,True,1,['verina_basic_62__T3_comm_swap__0'],6,6.0,"{'code_has_def_level_termination': False, 'code_has_where': False, 'code_has_do': False, 'code_has_let_rec': True, 'code_self_recursive': False, 'code_aux_nonempty': False, 'n_if': 2, 'n_plus': 1}"
verina_basic_62,basic,T4_cond_invert,E,theorem_certified,False,no_tail_if_then_else,False,0,[],6,,"{'code_has_def_level_termination': False, 'code_has_where': False, 'code_has_do': False, 'code_has_let_rec': True, 'code_self_recursive': False, 'code_aux_nonempty': False, 'n_if': 2, 'n_plus': 1}"
verina_basic_62,basic,T5_branch_extract,S,definitional,False,no_tail_if_then_else,False,0,[],6,,"{'code_has_def_level_termination': False, 'code_has_where': False, 'code_has_do': False, 'code_has_let_rec': True, 'code_self_recursive': False, 'code_aux_nonempty': False, 'n_if': 2, 'n_plus': 1}"
verina_basic_63,basic,T1_let_intro,D,definitional,True,,True,1,['verina_basic_63__T1_let_intro__0'],15,17.0,"{'code_has_def_level_termination': False, 'code_has_where': False, 'code_has_do': False, 'code_has_let_rec': True, 'code_self_recursive': False, 'code_aux_nonempty': False, 'n_if': 4, 'n_plus': 2}"
verina_basic_63,basic,T2_helper_extract,S,definitional,True,,True,1,['verina_basic_63__T2_helper_extract__0'],15,17.0,"{'code_has_def_level_termination': False, 'code_has_where': False, 'code_has_do': False, 'code_has_let_rec': True, 'code_self_recursive': False, 'code_aux_nonempty': False, 'n_if': 4, 'n_plus': 2}"
verina_basic_63,basic,T3_comm_swap,E,theorem_certified,True,,True,2,"['verina_basic_63__T3_comm_swap__0', 'verina_basic_63__T3_comm_swap__1']",15,15.0,"{'code_has_def_level_termination': False, 'code_has_where': False, 'code_has_do': False, 'code_has_let_rec': True, 'code_self_recursive': False, 'code_aux_nonempty': False, 'n_if': 4, 'n_plus': 2}"
verina_basic_63,basic,T4_cond_invert,E,theorem_certified,False,no_tail_if_then_else,False,0,[],15,,"{'code_has_def_level_termination': False, 'code_has_where': False, 'code_has_do': False, 'code_has_let_rec': True, 'code_self_recursive': False, 'code_aux_nonempty': False, 'n_if': 4, 'n_plus': 2}"
verina_basic_63,basic,T5_branch_extract,S,definitional,False,no_tail_if_then_else,False,0,[],15,,"{'code_has_def_level_termination': False, 'code_has_where': False, 'code_has_do': False, 'code_has_let_rec': True, 'code_self_recursive': False, 'code_aux_nonempty': False, 'n_if': 4, 'n_plus': 2}"
verina_basic_64,basic,T1_let_intro,D,definitional,True,,True,1,['verina_basic_64__T1_let_intro__0'],17,19.0,"{'code_has_def_level_termination': False, 'code_has_where': False, 'code_has_do': False, 'code_has_let_rec': False, 'code_self_recursive': False, 'code_aux_nonempty': False, 'n_if': 2, 'n_plus': 3}"
verina_basic_64,basic,T2_helper_extract,S,definitional,True,,True,1,['verina_basic_64__T2_helper_extract__0'],17,19.0,"{'code_has_def_level_termination': False, 'code_has_where': False, 'code_has_do': False, 'code_has_let_rec': False, 'code_self_recursive': False, 'code_aux_nonempty': False, 'n_if': 2, 'n_plus': 3}"
verina_basic_64,basic,T3_comm_swap,E,theorem_certified,True,,True,3,"['verina_basic_64__T3_comm_swap__0', 'verina_basic_64__T3_comm_swap__1', 'verina_basic_64__T3_comm_swap__2']",17,17.0,"{'code_has_def_level_termination': False, 'code_has_where': False, 'code_has_do': False, 'code_has_let_rec': False, 'code_self_recursive': False, 'code_aux_nonempty': False, 'n_if': 2, 'n_plus': 3}"
verina_basic_64,basic,T4_cond_invert,E,theorem_certified,False,no_tail_if_then_else,False,0,[],17,,"{'code_has_def_level_termination': False, 'code_has_where': False, 'code_has_do': False, 'code_has_let_rec': False, 'code_self_recursive': False, 'code_aux_nonempty': False, 'n_if': 2, 'n_plus': 3}"
verina_basic_64,basic,T5_branch_extract,S,definitional,False,no_tail_if_then_else,False,0,[],17,,"{'code_has_def_level_termination': False, 'code_has_where': False, 'code_has_do': False, 'code_has_let_rec': False, 'code_self_recursive': False, 'code_aux_nonempty': False, 'n_if': 2, 'n_plus': 3}"
verina_basic_65,basic,T1_let_intro,D,definitional,True,,True,1,['verina_basic_65__T1_let_intro__0'],8,10.0,"{'code_has_def_level_termination': False, 'code_has_where': False, 'code_has_do': False, 'code_has_let_rec': True, 'code_self_recursive': False, 'code_aux_nonempty': False, 'n_if': 1, 'n_plus': 5}"
verina_basic_65,basic,T2_helper_extract,S,definitional,True,,True,1,['verina_basic_65__T2_helper_extract__0'],8,10.0,"{'code_has_def_level_termination': False, 'code_has_where': False, 'code_has_do': False, 'code_has_let_rec': True, 'code_self_recursive': False, 'code_aux_nonempty': False, 'n_if': 1, 'n_plus': 5}"
verina_basic_65,basic,T3_comm_swap,E,theorem_certified,True,,True,3,"['verina_basic_65__T3_comm_swap__0', 'verina_basic_65__T3_comm_swap__1', 'verina_basic_65__T3_comm_swap__2']",8,8.0,"{'code_has_def_level_termination': False, 'code_has_where': False, 'code_has_do': False, 'code_has_let_rec': True, 'code_self_recursive': False, 'code_aux_nonempty': False, 'n_if': 1, 'n_plus': 5}"
verina_basic_65,basic,T4_cond_invert,E,theorem_certified,False,no_tail_if_then_else,False,0,[],8,,"{'code_has_def_level_termination': False, 'code_has_where': False, 'code_has_do': False, 'code_has_let_rec': True, 'code_self_recursive': False, 'code_aux_nonempty': False, 'n_if': 1, 'n_plus': 5}"
verina_basic_65,basic,T5_branch_extract,S,definitional,False,no_tail_if_then_else,False,0,[],8,,"{'code_has_def_level_termination': False, 'code_has_where': False, 'code_has_do': False, 'code_has_let_rec': True, 'code_self_recursive': False, 'code_aux_nonempty': False, 'n_if': 1, 'n_plus': 5}"
verina_basic_66,basic,T1_let_intro,D,definitional,True,,True,1,['verina_basic_66__T1_let_intro__0'],1,3.0,"{'code_has_def_level_termination': False, 'code_has_where': False, 'code_has_do': False, 'code_has_let_rec': False, 'code_self_recursive': False, 'code_aux_nonempty': False, 'n_if': 1, 'n_plus': 0}"
verina_basic_66,basic,T2_helper_extract,S,definitional,True,,True,1,['verina_basic_66__T2_helper_extract__0'],1,3.0,"{'code_has_def_level_termination': False, 'code_has_where': False, 'code_has_do': False, 'code_has_let_rec': False, 'code_self_recursive': False, 'code_aux_nonempty': False, 'n_if': 1, 'n_plus': 0}"
verina_basic_66,basic,T3_comm_swap,E,theorem_certified,False,no_commutative_operator_occurrence,False,0,[],1,,"{'code_has_def_level_termination': False, 'code_has_where': False, 'code_has_do': False, 'code_has_let_rec': False, 'code_self_recursive': False, 'code_aux_nonempty': False, 'n_if': 1, 'n_plus': 0}"
verina_basic_66,basic,T4_cond_invert,E,theorem_certified,True,,True,1,['verina_basic_66__T4_cond_invert__0'],1,2.0,"{'code_has_def_level_termination': False, 'code_has_where': False, 'code_has_do': False, 'code_has_let_rec': False, 'code_self_recursive': False, 'code_aux_nonempty': False, 'n_if': 1, 'n_plus': 0}"
verina_basic_66,basic,T5_branch_extract,S,definitional,True,,True,1,['verina_basic_66__T5_branch_extract__0'],1,4.0,"{'code_has_def_level_termination': False, 'code_has_where': False, 'code_has_do': False, 'code_has_let_rec': False, 'code_self_recursive': False, 'code_aux_nonempty': False, 'n_if': 1, 'n_plus': 0}"
verina_basic_67,basic,T1_let_intro,D,definitional,True,,True,1,['verina_basic_67__T1_let_intro__0'],1,3.0,"{'code_has_def_level_termination': False, 'code_has_where': False, 'code_has_do': False, 'code_has_let_rec': False, 'code_self_recursive': False, 'code_aux_nonempty': True, 'n_if': 1, 'n_plus': 0}"
verina_basic_67,basic,T2_helper_extract,S,definitional,True,,True,1,['verina_basic_67__T2_helper_extract__0'],1,3.0,"{'code_has_def_level_termination': False, 'code_has_where': False, 'code_has_do': False, 'code_has_let_rec': False, 'code_self_recursive': False, 'code_aux_nonempty': True, 'n_if': 1, 'n_plus': 0}"
verina_basic_67,basic,T3_comm_swap,E,theorem_certified,False,no_commutative_operator_occurrence,False,0,[],1,,"{'code_has_def_level_termination': False, 'code_has_where': False, 'code_has_do': False, 'code_has_let_rec': False, 'code_self_recursive': False, 'code_aux_nonempty': True, 'n_if': 1, 'n_plus': 0}"
verina_basic_67,basic,T4_cond_invert,E,theorem_certified,True,,True,1,['verina_basic_67__T4_cond_invert__0'],1,2.0,"{'code_has_def_level_termination': False, 'code_has_where': False, 'code_has_do': False, 'code_has_let_rec': False, 'code_self_recursive': False, 'code_aux_nonempty': True, 'n_if': 1, 'n_plus': 0}"
verina_basic_67,basic,T5_branch_extract,S,definitional,True,,True,1,['verina_basic_67__T5_branch_extract__0'],1,4.0,"{'code_has_def_level_termination': False, 'code_has_where': False, 'code_has_do': False, 'code_has_let_rec': False, 'code_self_recursive': False, 'code_aux_nonempty': True, 'n_if': 1, 'n_plus': 0}"
verina_basic_68,basic,T1_let_intro,D,definitional,True,,True,1,['verina_basic_68__T1_let_intro__0'],6,8.0,"{'code_has_def_level_termination': False, 'code_has_where': False, 'code_has_do': False, 'code_has_let_rec': True, 'code_self_recursive': False, 'code_aux_nonempty': False, 'n_if': 2, 'n_plus': 1}"
verina_basic_68,basic,T2_helper_extract,S,definitional,True,,True,1,['verina_basic_68__T2_helper_extract__0'],6,8.0,"{'code_has_def_level_termination': False, 'code_has_where': False, 'code_has_do': False, 'code_has_let_rec': True, 'code_self_recursive': False, 'code_aux_nonempty': False, 'n_if': 2, 'n_plus': 1}"
verina_basic_68,basic,T3_comm_swap,E,theorem_certified,True,,True,1,['verina_basic_68__T3_comm_swap__0'],6,6.0,"{'code_has_def_level_termination': False, 'code_has_where': False, 'code_has_do': False, 'code_has_let_rec': True, 'code_self_recursive': False, 'code_aux_nonempty': False, 'n_if': 2, 'n_plus': 1}"
verina_basic_68,basic,T4_cond_invert,E,theorem_certified,False,no_tail_if_then_else,False,0,[],6,,"{'code_has_def_level_termination': False, 'code_has_where': False, 'code_has_do': False, 'code_has_let_rec': True, 'code_self_recursive': False, 'code_aux_nonempty': False, 'n_if': 2, 'n_plus': 1}"
verina_basic_68,basic,T5_branch_extract,S,definitional,False,no_tail_if_then_else,False,0,[],6,,"{'code_has_def_level_termination': False, 'code_has_where': False, 'code_has_do': False, 'code_has_let_rec': True, 'code_self_recursive': False, 'code_aux_nonempty': False, 'n_if': 2, 'n_plus': 1}"
verina_basic_69,basic,T1_let_intro,D,definitional,True,,True,1,['verina_basic_69__T1_let_intro__0'],1,3.0,"{'code_has_def_level_termination': False, 'code_has_where': False, 'code_has_do': False, 'code_has_let_rec': False, 'code_self_recursive': False, 'code_aux_nonempty': True, 'n_if': 0, 'n_plus': 0}"
verina_basic_69,basic,T2_helper_extract,S,definitional,True,,True,1,['verina_basic_69__T2_helper_extract__0'],1,3.0,"{'code_has_def_level_termination': False, 'code_has_where': False, 'code_has_do': False, 'code_has_let_rec': False, 'code_self_recursive': False, 'code_aux_nonempty': True, 'n_if': 0, 'n_plus': 0}"
verina_basic_69,basic,T3_comm_swap,E,theorem_certified,False,no_commutative_operator_occurrence,False,0,[],1,,"{'code_has_def_level_termination': False, 'code_has_where': False, 'code_has_do': False, 'code_has_let_rec': False, 'code_self_recursive': False, 'code_aux_nonempty': True, 'n_if': 0, 'n_plus': 0}"
verina_basic_69,basic,T4_cond_invert,E,theorem_certified,False,no_tail_if_then_else,False,0,[],1,,"{'code_has_def_level_termination': False, 'code_has_where': False, 'code_has_do': False, 'code_has_let_rec': False, 'code_self_recursive': False, 'code_aux_nonempty': True, 'n_if': 0, 'n_plus': 0}"
verina_basic_69,basic,T5_branch_extract,S,definitional,False,no_tail_if_then_else,False,0,[],1,,"{'code_has_def_level_termination': False, 'code_has_where': False, 'code_has_do': False, 'code_has_let_rec': False, 'code_self_recursive': False, 'code_aux_nonempty': True, 'n_if': 0, 'n_plus': 0}"
verina_basic_7,basic,T1_let_intro,D,definitional,True,,True,1,['verina_basic_7__T1_let_intro__0'],6,8.0,"{'code_has_def_level_termination': False, 'code_has_where': False, 'code_has_do': False, 'code_has_let_rec': True, 'code_self_recursive': False, 'code_aux_nonempty': False, 'n_if': 1, 'n_plus': 1}"
verina_basic_7,basic,T2_helper_extract,S,definitional,True,,True,1,['verina_basic_7__T2_helper_extract__0'],6,8.0,"{'code_has_def_level_termination': False, 'code_has_where': False, 'code_has_do': False, 'code_has_let_rec': True, 'code_self_recursive': False, 'code_aux_nonempty': False, 'n_if': 1, 'n_plus': 1}"
verina_basic_7,basic,T3_comm_swap,E,theorem_certified,False,no_commutative_operator_occurrence,False,0,[],6,,"{'code_has_def_level_termination': False, 'code_has_where': False, 'code_has_do': False, 'code_has_let_rec': True, 'code_self_recursive': False, 'code_aux_nonempty': False, 'n_if': 1, 'n_plus': 1}"
verina_basic_7,basic,T4_cond_invert,E,theorem_certified,False,no_tail_if_then_else,False,0,[],6,,"{'code_has_def_level_termination': False, 'code_has_where': False, 'code_has_do': False, 'code_has_let_rec': True, 'code_self_recursive': False, 'code_aux_nonempty': False, 'n_if': 1, 'n_plus': 1}"
verina_basic_7,basic,T5_branch_extract,S,definitional,False,no_tail_if_then_else,False,0,[],6,,"{'code_has_def_level_termination': False, 'code_has_where': False, 'code_has_do': False, 'code_has_let_rec': True, 'code_self_recursive': False, 'code_aux_nonempty': False, 'n_if': 1, 'n_plus': 1}"
verina_basic_70,basic,T1_let_intro,D,definitional,True,,True,1,['verina_basic_70__T1_let_intro__0'],6,8.0,"{'code_has_def_level_termination': False, 'code_has_where': False, 'code_has_do': False, 'code_has_let_rec': True, 'code_self_recursive': False, 'code_aux_nonempty': False, 'n_if': 2, 'n_plus': 1}"
verina_basic_70,basic,T2_helper_extract,S,definitional,True,,True,1,['verina_basic_70__T2_helper_extract__0'],6,8.0,"{'code_has_def_level_termination': False, 'code_has_where': False, 'code_has_do': False, 'code_has_let_rec': True, 'code_self_recursive': False, 'code_aux_nonempty': False, 'n_if': 2, 'n_plus': 1}"
verina_basic_70,basic,T3_comm_swap,E,theorem_certified,True,,True,1,['verina_basic_70__T3_comm_swap__0'],6,6.0,"{'code_has_def_level_termination': False, 'code_has_where': False, 'code_has_do': False, 'code_has_let_rec': True, 'code_self_recursive': False, 'code_aux_nonempty': False, 'n_if': 2, 'n_plus': 1}"
verina_basic_70,basic,T4_cond_invert,E,theorem_certified,False,no_tail_if_then_else,False,0,[],6,,"{'code_has_def_level_termination': False, 'code_has_where': False, 'code_has_do': False, 'code_has_let_rec': True, 'code_self_recursive': False, 'code_aux_nonempty': False, 'n_if': 2, 'n_plus': 1}"
verina_basic_70,basic,T5_branch_extract,S,definitional,False,no_tail_if_then_else,False,0,[],6,,"{'code_has_def_level_termination': False, 'code_has_where': False, 'code_has_do': False, 'code_has_let_rec': True, 'code_self_recursive': False, 'code_aux_nonempty': False, 'n_if': 2, 'n_plus': 1}"
verina_basic_71,basic,T1_let_intro,D,definitional,True,,True,1,['verina_basic_71__T1_let_intro__0'],10,12.0,"{'code_has_def_level_termination': False, 'code_has_where': False, 'code_has_do': False, 'code_has_let_rec': True, 'code_self_recursive': False, 'code_aux_nonempty': False, 'n_if': 2, 'n_plus': 1}"
verina_basic_71,basic,T2_helper_extract,S,definitional,True,,True,1,['verina_basic_71__T2_helper_extract__0'],10,12.0,"{'code_has_def_level_termination': False, 'code_has_where': False, 'code_has_do': False, 'code_has_let_rec': True, 'code_self_recursive': False, 'code_aux_nonempty': False, 'n_if': 2, 'n_plus': 1}"
verina_basic_71,basic,T3_comm_swap,E,theorem_certified,True,,True,1,['verina_basic_71__T3_comm_swap__0'],10,10.0,"{'code_has_def_level_termination': False, 'code_has_where': False, 'code_has_do': False, 'code_has_let_rec': True, 'code_self_recursive': False, 'code_aux_nonempty': False, 'n_if': 2, 'n_plus': 1}"
verina_basic_71,basic,T4_cond_invert,E,theorem_certified,False,no_tail_if_then_else,False,0,[],10,,"{'code_has_def_level_termination': False, 'code_has_where': False, 'code_has_do': False, 'code_has_let_rec': True, 'code_self_recursive': False, 'code_aux_nonempty': False, 'n_if': 2, 'n_plus': 1}"
verina_basic_71,basic,T5_branch_extract,S,definitional,False,no_tail_if_then_else,False,0,[],10,,"{'code_has_def_level_termination': False, 'code_has_where': False, 'code_has_do': False, 'code_has_let_rec': True, 'code_self_recursive': False, 'code_aux_nonempty': False, 'n_if': 2, 'n_plus': 1}"
verina_basic_72,basic,T1_let_intro,D,definitional,True,,True,1,['verina_basic_72__T1_let_intro__0'],3,5.0,"{'code_has_def_level_termination': False, 'code_has_where': False, 'code_has_do': False, 'code_has_let_rec': False, 'code_self_recursive': False, 'code_aux_nonempty': True, 'n_if': 0, 'n_plus': 0}"
verina_basic_72,basic,T2_helper_extract,S,definitional,True,,True,1,['verina_basic_72__T2_helper_extract__0'],3,5.0,"{'code_has_def_level_termination': False, 'code_has_where': False, 'code_has_do': False, 'code_has_let_rec': False, 'code_self_recursive': False, 'code_aux_nonempty': True, 'n_if': 0, 'n_plus': 0}"
verina_basic_72,basic,T3_comm_swap,E,theorem_certified,False,no_commutative_operator_occurrence,False,0,[],3,,"{'code_has_def_level_termination': False, 'code_has_where': False, 'code_has_do': False, 'code_has_let_rec': False, 'code_self_recursive': False, 'code_aux_nonempty': True, 'n_if': 0, 'n_plus': 0}"
verina_basic_72,basic,T4_cond_invert,E,theorem_certified,False,no_tail_if_then_else,False,0,[],3,,"{'code_has_def_level_termination': False, 'code_has_where': False, 'code_has_do': False, 'code_has_let_rec': False, 'code_self_recursive': False, 'code_aux_nonempty': True, 'n_if': 0, 'n_plus': 0}"
verina_basic_72,basic,T5_branch_extract,S,definitional,False,no_tail_if_then_else,False,0,[],3,,"{'code_has_def_level_termination': False, 'code_has_where': False, 'code_has_do': False, 'code_has_let_rec': False, 'code_self_recursive': False, 'code_aux_nonempty': True, 'n_if': 0, 'n_plus': 0}"
verina_basic_73,basic,T1_let_intro,D,definitional,True,,True,1,['verina_basic_73__T1_let_intro__0'],8,10.0,"{'code_has_def_level_termination': False, 'code_has_where': False, 'code_has_do': False, 'code_has_let_rec': True, 'code_self_recursive': False, 'code_aux_nonempty': False, 'n_if': 2, 'n_plus': 1}"
verina_basic_73,basic,T2_helper_extract,S,definitional,True,,True,1,['verina_basic_73__T2_helper_extract__0'],8,10.0,"{'code_has_def_level_termination': False, 'code_has_where': False, 'code_has_do': False, 'code_has_let_rec': True, 'code_self_recursive': False, 'code_aux_nonempty': False, 'n_if': 2, 'n_plus': 1}"
verina_basic_73,basic,T3_comm_swap,E,theorem_certified,True,,True,2,"['verina_basic_73__T3_comm_swap__0', 'verina_basic_73__T3_comm_swap__1']",8,8.0,"{'code_has_def_level_termination': False, 'code_has_where': False, 'code_has_do': False, 'code_has_let_rec': True, 'code_self_recursive': False, 'code_aux_nonempty': False, 'n_if': 2, 'n_plus': 1}"
verina_basic_73,basic,T4_cond_invert,E,theorem_certified,False,no_tail_if_then_else,False,0,[],8,,"{'code_has_def_level_termination': False, 'code_has_where': False, 'code_has_do': False, 'code_has_let_rec': True, 'code_self_recursive': False, 'code_aux_nonempty': False, 'n_if': 2, 'n_plus': 1}"
verina_basic_73,basic,T5_branch_extract,S,definitional,False,no_tail_if_then_else,False,0,[],8,,"{'code_has_def_level_termination': False, 'code_has_where': False, 'code_has_do': False, 'code_has_let_rec': True, 'code_self_recursive': False, 'code_aux_nonempty': False, 'n_if': 2, 'n_plus': 1}"
verina_basic_74,basic,T1_let_intro,D,definitional,True,,True,1,['verina_basic_74__T1_let_intro__0'],1,3.0,"{'code_has_def_level_termination': False, 'code_has_where': False, 'code_has_do': False, 'code_has_let_rec': False, 'code_self_recursive': False, 'code_aux_nonempty': True, 'n_if': 0, 'n_plus': 0}"
verina_basic_74,basic,T2_helper_extract,S,definitional,True,,True,1,['verina_basic_74__T2_helper_extract__0'],1,3.0,"{'code_has_def_level_termination': False, 'code_has_where': False, 'code_has_do': False, 'code_has_let_rec': False, 'code_self_recursive': False, 'code_aux_nonempty': True, 'n_if': 0, 'n_plus': 0}"
verina_basic_74,basic,T3_comm_swap,E,theorem_certified,False,no_commutative_operator_occurrence,False,0,[],1,,"{'code_has_def_level_termination': False, 'code_has_where': False, 'code_has_do': False, 'code_has_let_rec': False, 'code_self_recursive': False, 'code_aux_nonempty': True, 'n_if': 0, 'n_plus': 0}"
verina_basic_74,basic,T4_cond_invert,E,theorem_certified,False,no_tail_if_then_else,False,0,[],1,,"{'code_has_def_level_termination': False, 'code_has_where': False, 'code_has_do': False, 'code_has_let_rec': False, 'code_self_recursive': False, 'code_aux_nonempty': True, 'n_if': 0, 'n_plus': 0}"
verina_basic_74,basic,T5_branch_extract,S,definitional,False,no_tail_if_then_else,False,0,[],1,,"{'code_has_def_level_termination': False, 'code_has_where': False, 'code_has_do': False, 'code_has_let_rec': False, 'code_self_recursive': False, 'code_aux_nonempty': True, 'n_if': 0, 'n_plus': 0}"
verina_basic_75,basic,T1_let_intro,D,definitional,True,,True,1,['verina_basic_75__T1_let_intro__0'],1,3.0,"{'code_has_def_level_termination': False, 'code_has_where': False, 'code_has_do': False, 'code_has_let_rec': False, 'code_self_recursive': False, 'code_aux_nonempty': True, 'n_if': 0, 'n_plus': 0}"
verina_basic_75,basic,T2_helper_extract,S,definitional,True,,True,1,['verina_basic_75__T2_helper_extract__0'],1,3.0,"{'code_has_def_level_termination': False, 'code_has_where': False, 'code_has_do': False, 'code_has_let_rec': False, 'code_self_recursive': False, 'code_aux_nonempty': True, 'n_if': 0, 'n_plus': 0}"
verina_basic_75,basic,T3_comm_swap,E,theorem_certified,False,no_commutative_operator_occurrence,False,0,[],1,,"{'code_has_def_level_termination': False, 'code_has_where': False, 'code_has_do': False, 'code_has_let_rec': False, 'code_self_recursive': False, 'code_aux_nonempty': True, 'n_if': 0, 'n_plus': 0}"
verina_basic_75,basic,T4_cond_invert,E,theorem_certified,False,no_tail_if_then_else,False,0,[],1,,"{'code_has_def_level_termination': False, 'code_has_where': False, 'code_has_do': False, 'code_has_let_rec': False, 'code_self_recursive': False, 'code_aux_nonempty': True, 'n_if': 0, 'n_plus': 0}"
verina_basic_75,basic,T5_branch_extract,S,definitional,False,no_tail_if_then_else,False,0,[],1,,"{'code_has_def_level_termination': False, 'code_has_where': False, 'code_has_do': False, 'code_has_let_rec': False, 'code_self_recursive': False, 'code_aux_nonempty': True, 'n_if': 0, 'n_plus': 0}"
verina_basic_76,basic,T1_let_intro,D,definitional,True,,True,1,['verina_basic_76__T1_let_intro__0'],1,3.0,"{'code_has_def_level_termination': False, 'code_has_where': False, 'code_has_do': False, 'code_has_let_rec': False, 'code_self_recursive': False, 'code_aux_nonempty': False, 'n_if': 1, 'n_plus': 0}"
verina_basic_76,basic,T2_helper_extract,S,definitional,True,,True,1,['verina_basic_76__T2_helper_extract__0'],1,3.0,"{'code_has_def_level_termination': False, 'code_has_where': False, 'code_has_do': False, 'code_has_let_rec': False, 'code_self_recursive': False, 'code_aux_nonempty': False, 'n_if': 1, 'n_plus': 0}"
verina_basic_76,basic,T3_comm_swap,E,theorem_certified,False,no_commutative_operator_occurrence,False,0,[],1,,"{'code_has_def_level_termination': False, 'code_has_where': False, 'code_has_do': False, 'code_has_let_rec': False, 'code_self_recursive': False, 'code_aux_nonempty': False, 'n_if': 1, 'n_plus': 0}"
verina_basic_76,basic,T4_cond_invert,E,theorem_certified,True,,True,1,['verina_basic_76__T4_cond_invert__0'],1,2.0,"{'code_has_def_level_termination': False, 'code_has_where': False, 'code_has_do': False, 'code_has_let_rec': False, 'code_self_recursive': False, 'code_aux_nonempty': False, 'n_if': 1, 'n_plus': 0}"
verina_basic_76,basic,T5_branch_extract,S,definitional,True,,True,1,['verina_basic_76__T5_branch_extract__0'],1,4.0,"{'code_has_def_level_termination': False, 'code_has_where': False, 'code_has_do': False, 'code_has_let_rec': False, 'code_self_recursive': False, 'code_aux_nonempty': False, 'n_if': 1, 'n_plus': 0}"
verina_basic_77,basic,T1_let_intro,D,definitional,True,,True,1,['verina_basic_77__T1_let_intro__0'],3,5.0,"{'code_has_def_level_termination': False, 'code_has_where': False, 'code_has_do': False, 'code_has_let_rec': False, 'code_self_recursive': False, 'code_aux_nonempty': True, 'n_if': 0, 'n_plus': 0}"
verina_basic_77,basic,T2_helper_extract,S,definitional,True,,True,1,['verina_basic_77__T2_helper_extract__0'],3,5.0,"{'code_has_def_level_termination': False, 'code_has_where': False, 'code_has_do': False, 'code_has_let_rec': False, 'code_self_recursive': False, 'code_aux_nonempty': True, 'n_if': 0, 'n_plus': 0}"
verina_basic_77,basic,T3_comm_swap,E,theorem_certified,False,no_commutative_operator_occurrence,False,0,[],3,,"{'code_has_def_level_termination': False, 'code_has_where': False, 'code_has_do': False, 'code_has_let_rec': False, 'code_self_recursive': False, 'code_aux_nonempty': True, 'n_if': 0, 'n_plus': 0}"
verina_basic_77,basic,T4_cond_invert,E,theorem_certified,False,no_tail_if_then_else,False,0,[],3,,"{'code_has_def_level_termination': False, 'code_has_where': False, 'code_has_do': False, 'code_has_let_rec': False, 'code_self_recursive': False, 'code_aux_nonempty': True, 'n_if': 0, 'n_plus': 0}"
verina_basic_77,basic,T5_branch_extract,S,definitional,False,no_tail_if_then_else,False,0,[],3,,"{'code_has_def_level_termination': False, 'code_has_where': False, 'code_has_do': False, 'code_has_let_rec': False, 'code_self_recursive': False, 'code_aux_nonempty': True, 'n_if': 0, 'n_plus': 0}"
verina_basic_78,basic,T1_let_intro,D,definitional,True,,True,1,['verina_basic_78__T1_let_intro__0'],3,5.0,"{'code_has_def_level_termination': False, 'code_has_where': False, 'code_has_do': False, 'code_has_let_rec': False, 'code_self_recursive': False, 'code_aux_nonempty': False, 'n_if': 0, 'n_plus': 1}"
verina_basic_78,basic,T2_helper_extract,S,definitional,True,,True,1,['verina_basic_78__T2_helper_extract__0'],3,5.0,"{'code_has_def_level_termination': False, 'code_has_where': False, 'code_has_do': False, 'code_has_let_rec': False, 'code_self_recursive': False, 'code_aux_nonempty': False, 'n_if': 0, 'n_plus': 1}"
verina_basic_78,basic,T3_comm_swap,E,theorem_certified,True,,True,1,['verina_basic_78__T3_comm_swap__0'],3,3.0,"{'code_has_def_level_termination': False, 'code_has_where': False, 'code_has_do': False, 'code_has_let_rec': False, 'code_self_recursive': False, 'code_aux_nonempty': False, 'n_if': 0, 'n_plus': 1}"
verina_basic_78,basic,T4_cond_invert,E,theorem_certified,False,no_tail_if_then_else,False,0,[],3,,"{'code_has_def_level_termination': False, 'code_has_where': False, 'code_has_do': False, 'code_has_let_rec': False, 'code_self_recursive': False, 'code_aux_nonempty': False, 'n_if': 0, 'n_plus': 1}"
verina_basic_78,basic,T5_branch_extract,S,definitional,False,no_tail_if_then_else,False,0,[],3,,"{'code_has_def_level_termination': False, 'code_has_where': False, 'code_has_do': False, 'code_has_let_rec': False, 'code_self_recursive': False, 'code_aux_nonempty': False, 'n_if': 0, 'n_plus': 1}"
verina_basic_79,basic,T1_let_intro,D,definitional,True,,True,1,['verina_basic_79__T1_let_intro__0'],4,6.0,"{'code_has_def_level_termination': False, 'code_has_where': False, 'code_has_do': False, 'code_has_let_rec': False, 'code_self_recursive': False, 'code_aux_nonempty': True, 'n_if': 0, 'n_plus': 0}"
verina_basic_79,basic,T2_helper_extract,S,definitional,True,,True,1,['verina_basic_79__T2_helper_extract__0'],4,6.0,"{'code_has_def_level_termination': False, 'code_has_where': False, 'code_has_do': False, 'code_has_let_rec': False, 'code_self_recursive': False, 'code_aux_nonempty': True, 'n_if': 0, 'n_plus': 0}"
verina_basic_79,basic,T3_comm_swap,E,theorem_certified,False,no_commutative_operator_occurrence,False,0,[],4,,"{'code_has_def_level_termination': False, 'code_has_where': False, 'code_has_do': False, 'code_has_let_rec': False, 'code_self_recursive': False, 'code_aux_nonempty': True, 'n_if': 0, 'n_plus': 0}"
verina_basic_79,basic,T4_cond_invert,E,theorem_certified,False,no_tail_if_then_else,False,0,[],4,,"{'code_has_def_level_termination': False, 'code_has_where': False, 'code_has_do': False, 'code_has_let_rec': False, 'code_self_recursive': False, 'code_aux_nonempty': True, 'n_if': 0, 'n_plus': 0}"
verina_basic_79,basic,T5_branch_extract,S,definitional,False,no_tail_if_then_else,False,0,[],4,,"{'code_has_def_level_termination': False, 'code_has_where': False, 'code_has_do': False, 'code_has_let_rec': False, 'code_self_recursive': False, 'code_aux_nonempty': True, 'n_if': 0, 'n_plus': 0}"
verina_basic_8,basic,T1_let_intro,D,definitional,True,,True,1,['verina_basic_8__T1_let_intro__0'],1,3.0,"{'code_has_def_level_termination': False, 'code_has_where': False, 'code_has_do': False, 'code_has_let_rec': False, 'code_self_recursive': False, 'code_aux_nonempty': False, 'n_if': 1, 'n_plus': 0}"
verina_basic_8,basic,T2_helper_extract,S,definitional,True,,True,1,['verina_basic_8__T2_helper_extract__0'],1,3.0,"{'code_has_def_level_termination': False, 'code_has_where': False, 'code_has_do': False, 'code_has_let_rec': False, 'code_self_recursive': False, 'code_aux_nonempty': False, 'n_if': 1, 'n_plus': 0}"
verina_basic_8,basic,T3_comm_swap,E,theorem_certified,False,no_commutative_operator_occurrence,False,0,[],1,,"{'code_has_def_level_termination': False, 'code_has_where': False, 'code_has_do': False, 'code_has_let_rec': False, 'code_self_recursive': False, 'code_aux_nonempty': False, 'n_if': 1, 'n_plus': 0}"
verina_basic_8,basic,T4_cond_invert,E,theorem_certified,True,,True,1,['verina_basic_8__T4_cond_invert__0'],1,2.0,"{'code_has_def_level_termination': False, 'code_has_where': False, 'code_has_do': False, 'code_has_let_rec': False, 'code_self_recursive': False, 'code_aux_nonempty': False, 'n_if': 1, 'n_plus': 0}"
verina_basic_8,basic,T5_branch_extract,S,definitional,True,,True,1,['verina_basic_8__T5_branch_extract__0'],1,4.0,"{'code_has_def_level_termination': False, 'code_has_where': False, 'code_has_do': False, 'code_has_let_rec': False, 'code_self_recursive': False, 'code_aux_nonempty': False, 'n_if': 1, 'n_plus': 0}"
verina_basic_80,basic,T1_let_intro,D,definitional,True,,True,1,['verina_basic_80__T1_let_intro__0'],1,3.0,"{'code_has_def_level_termination': False, 'code_has_where': False, 'code_has_do': False, 'code_has_let_rec': False, 'code_self_recursive': False, 'code_aux_nonempty': True, 'n_if': 0, 'n_plus': 0}"
verina_basic_80,basic,T2_helper_extract,S,definitional,True,,True,1,['verina_basic_80__T2_helper_extract__0'],1,3.0,"{'code_has_def_level_termination': False, 'code_has_where': False, 'code_has_do': False, 'code_has_let_rec': False, 'code_self_recursive': False, 'code_aux_nonempty': True, 'n_if': 0, 'n_plus': 0}"
verina_basic_80,basic,T3_comm_swap,E,theorem_certified,False,no_commutative_operator_occurrence,False,0,[],1,,"{'code_has_def_level_termination': False, 'code_has_where': False, 'code_has_do': False, 'code_has_let_rec': False, 'code_self_recursive': False, 'code_aux_nonempty': True, 'n_if': 0, 'n_plus': 0}"
verina_basic_80,basic,T4_cond_invert,E,theorem_certified,False,no_tail_if_then_else,False,0,[],1,,"{'code_has_def_level_termination': False, 'code_has_where': False, 'code_has_do': False, 'code_has_let_rec': False, 'code_self_recursive': False, 'code_aux_nonempty': True, 'n_if': 0, 'n_plus': 0}"
verina_basic_80,basic,T5_branch_extract,S,definitional,False,no_tail_if_then_else,False,0,[],1,,"{'code_has_def_level_termination': False, 'code_has_where': False, 'code_has_do': False, 'code_has_let_rec': False, 'code_self_recursive': False, 'code_aux_nonempty': True, 'n_if': 0, 'n_plus': 0}"
verina_basic_81,basic,T1_let_intro,D,definitional,True,,True,1,['verina_basic_81__T1_let_intro__0'],1,3.0,"{'code_has_def_level_termination': False, 'code_has_where': False, 'code_has_do': False, 'code_has_let_rec': False, 'code_self_recursive': False, 'code_aux_nonempty': True, 'n_if': 1, 'n_plus': 0}"
verina_basic_81,basic,T2_helper_extract,S,definitional,True,,True,1,['verina_basic_81__T2_helper_extract__0'],1,3.0,"{'code_has_def_level_termination': False, 'code_has_where': False, 'code_has_do': False, 'code_has_let_rec': False, 'code_self_recursive': False, 'code_aux_nonempty': True, 'n_if': 1, 'n_plus': 0}"
verina_basic_81,basic,T3_comm_swap,E,theorem_certified,False,no_commutative_operator_occurrence,False,0,[],1,,"{'code_has_def_level_termination': False, 'code_has_where': False, 'code_has_do': False, 'code_has_let_rec': False, 'code_self_recursive': False, 'code_aux_nonempty': True, 'n_if': 1, 'n_plus': 0}"
verina_basic_81,basic,T4_cond_invert,E,theorem_certified,True,,True,1,['verina_basic_81__T4_cond_invert__0'],1,2.0,"{'code_has_def_level_termination': False, 'code_has_where': False, 'code_has_do': False, 'code_has_let_rec': False, 'code_self_recursive': False, 'code_aux_nonempty': True, 'n_if': 1, 'n_plus': 0}"
verina_basic_81,basic,T5_branch_extract,S,definitional,True,,True,1,['verina_basic_81__T5_branch_extract__0'],1,4.0,"{'code_has_def_level_termination': False, 'code_has_where': False, 'code_has_do': False, 'code_has_let_rec': False, 'code_self_recursive': False, 'code_aux_nonempty': True, 'n_if': 1, 'n_plus': 0}"
verina_basic_82,basic,T1_let_intro,D,definitional,True,,True,1,['verina_basic_82__T1_let_intro__0'],5,7.0,"{'code_has_def_level_termination': False, 'code_has_where': False, 'code_has_do': False, 'code_has_let_rec': False, 'code_self_recursive': False, 'code_aux_nonempty': True, 'n_if': 1, 'n_plus': 0}"
verina_basic_82,basic,T2_helper_extract,S,definitional,True,,True,1,['verina_basic_82__T2_helper_extract__0'],5,7.0,"{'code_has_def_level_termination': False, 'code_has_where': False, 'code_has_do': False, 'code_has_let_rec': False, 'code_self_recursive': False, 'code_aux_nonempty': True, 'n_if': 1, 'n_plus': 0}"
verina_basic_82,basic,T3_comm_swap,E,theorem_certified,False,no_commutative_operator_occurrence,False,0,[],5,,"{'code_has_def_level_termination': False, 'code_has_where': False, 'code_has_do': False, 'code_has_let_rec': False, 'code_self_recursive': False, 'code_aux_nonempty': True, 'n_if': 1, 'n_plus': 0}"
verina_basic_82,basic,T4_cond_invert,E,theorem_certified,True,,True,1,['verina_basic_82__T4_cond_invert__0'],5,5.0,"{'code_has_def_level_termination': False, 'code_has_where': False, 'code_has_do': False, 'code_has_let_rec': False, 'code_self_recursive': False, 'code_aux_nonempty': True, 'n_if': 1, 'n_plus': 0}"
verina_basic_82,basic,T5_branch_extract,S,definitional,True,,True,1,['verina_basic_82__T5_branch_extract__0'],5,7.0,"{'code_has_def_level_termination': False, 'code_has_where': False, 'code_has_do': False, 'code_has_let_rec': False, 'code_self_recursive': False, 'code_aux_nonempty': True, 'n_if': 1, 'n_plus': 0}"
verina_basic_83,basic,T1_let_intro,D,definitional,True,,True,1,['verina_basic_83__T1_let_intro__0'],8,10.0,"{'code_has_def_level_termination': False, 'code_has_where': False, 'code_has_do': False, 'code_has_let_rec': True, 'code_self_recursive': False, 'code_aux_nonempty': False, 'n_if': 2, 'n_plus': 2}"
verina_basic_83,basic,T2_helper_extract,S,definitional,True,,True,1,['verina_basic_83__T2_helper_extract__0'],8,10.0,"{'code_has_def_level_termination': False, 'code_has_where': False, 'code_has_do': False, 'code_has_let_rec': True, 'code_self_recursive': False, 'code_aux_nonempty': False, 'n_if': 2, 'n_plus': 2}"
verina_basic_83,basic,T3_comm_swap,E,theorem_certified,True,,True,2,"['verina_basic_83__T3_comm_swap__0', 'verina_basic_83__T3_comm_swap__1']",8,8.0,"{'code_has_def_level_termination': False, 'code_has_where': False, 'code_has_do': False, 'code_has_let_rec': True, 'code_self_recursive': False, 'code_aux_nonempty': False, 'n_if': 2, 'n_plus': 2}"
verina_basic_83,basic,T4_cond_invert,E,theorem_certified,False,no_tail_if_then_else,False,0,[],8,,"{'code_has_def_level_termination': False, 'code_has_where': False, 'code_has_do': False, 'code_has_let_rec': True, 'code_self_recursive': False, 'code_aux_nonempty': False, 'n_if': 2, 'n_plus': 2}"
verina_basic_83,basic,T5_branch_extract,S,definitional,False,no_tail_if_then_else,False,0,[],8,,"{'code_has_def_level_termination': False, 'code_has_where': False, 'code_has_do': False, 'code_has_let_rec': True, 'code_self_recursive': False, 'code_aux_nonempty': False, 'n_if': 2, 'n_plus': 2}"
verina_basic_84,basic,T1_let_intro,D,definitional,True,,True,1,['verina_basic_84__T1_let_intro__0'],1,3.0,"{'code_has_def_level_termination': False, 'code_has_where': False, 'code_has_do': False, 'code_has_let_rec': False, 'code_self_recursive': False, 'code_aux_nonempty': True, 'n_if': 0, 'n_plus': 0}"
verina_basic_84,basic,T2_helper_extract,S,definitional,True,,True,1,['verina_basic_84__T2_helper_extract__0'],1,3.0,"{'code_has_def_level_termination': False, 'code_has_where': False, 'code_has_do': False, 'code_has_let_rec': False, 'code_self_recursive': False, 'code_aux_nonempty': True, 'n_if': 0, 'n_plus': 0}"
verina_basic_84,basic,T3_comm_swap,E,theorem_certified,False,no_commutative_operator_occurrence,False,0,[],1,,"{'code_has_def_level_termination': False, 'code_has_where': False, 'code_has_do': False, 'code_has_let_rec': False, 'code_self_recursive': False, 'code_aux_nonempty': True, 'n_if': 0, 'n_plus': 0}"
verina_basic_84,basic,T4_cond_invert,E,theorem_certified,False,no_tail_if_then_else,False,0,[],1,,"{'code_has_def_level_termination': False, 'code_has_where': False, 'code_has_do': False, 'code_has_let_rec': False, 'code_self_recursive': False, 'code_aux_nonempty': True, 'n_if': 0, 'n_plus': 0}"
verina_basic_84,basic,T5_branch_extract,S,definitional,False,no_tail_if_then_else,False,0,[],1,,"{'code_has_def_level_termination': False, 'code_has_where': False, 'code_has_do': False, 'code_has_let_rec': False, 'code_self_recursive': False, 'code_aux_nonempty': True, 'n_if': 0, 'n_plus': 0}"
verina_basic_85,basic,T1_let_intro,D,definitional,True,,True,1,['verina_basic_85__T1_let_intro__0'],1,3.0,"{'code_has_def_level_termination': False, 'code_has_where': False, 'code_has_do': False, 'code_has_let_rec': False, 'code_self_recursive': False, 'code_aux_nonempty': True, 'n_if': 0, 'n_plus': 0}"
verina_basic_85,basic,T2_helper_extract,S,definitional,True,,True,1,['verina_basic_85__T2_helper_extract__0'],1,3.0,"{'code_has_def_level_termination': False, 'code_has_where': False, 'code_has_do': False, 'code_has_let_rec': False, 'code_self_recursive': False, 'code_aux_nonempty': True, 'n_if': 0, 'n_plus': 0}"
verina_basic_85,basic,T3_comm_swap,E,theorem_certified,False,no_commutative_operator_occurrence,False,0,[],1,,"{'code_has_def_level_termination': False, 'code_has_where': False, 'code_has_do': False, 'code_has_let_rec': False, 'code_self_recursive': False, 'code_aux_nonempty': True, 'n_if': 0, 'n_plus': 0}"
verina_basic_85,basic,T4_cond_invert,E,theorem_certified,False,no_tail_if_then_else,False,0,[],1,,"{'code_has_def_level_termination': False, 'code_has_where': False, 'code_has_do': False, 'code_has_let_rec': False, 'code_self_recursive': False, 'code_aux_nonempty': True, 'n_if': 0, 'n_plus': 0}"
verina_basic_85,basic,T5_branch_extract,S,definitional,False,no_tail_if_then_else,False,0,[],1,,"{'code_has_def_level_termination': False, 'code_has_where': False, 'code_has_do': False, 'code_has_let_rec': False, 'code_self_recursive': False, 'code_aux_nonempty': True, 'n_if': 0, 'n_plus': 0}"
verina_basic_86,basic,T1_let_intro,D,definitional,True,,True,1,['verina_basic_86__T1_let_intro__0'],4,6.0,"{'code_has_def_level_termination': False, 'code_has_where': False, 'code_has_do': False, 'code_has_let_rec': False, 'code_self_recursive': False, 'code_aux_nonempty': True, 'n_if': 1, 'n_plus': 0}"
verina_basic_86,basic,T2_helper_extract,S,definitional,True,,True,1,['verina_basic_86__T2_helper_extract__0'],4,6.0,"{'code_has_def_level_termination': False, 'code_has_where': False, 'code_has_do': False, 'code_has_let_rec': False, 'code_self_recursive': False, 'code_aux_nonempty': True, 'n_if': 1, 'n_plus': 0}"
verina_basic_86,basic,T3_comm_swap,E,theorem_certified,False,no_commutative_operator_occurrence,False,0,[],4,,"{'code_has_def_level_termination': False, 'code_has_where': False, 'code_has_do': False, 'code_has_let_rec': False, 'code_self_recursive': False, 'code_aux_nonempty': True, 'n_if': 1, 'n_plus': 0}"
verina_basic_86,basic,T4_cond_invert,E,theorem_certified,False,no_tail_if_then_else,False,0,[],4,,"{'code_has_def_level_termination': False, 'code_has_where': False, 'code_has_do': False, 'code_has_let_rec': False, 'code_self_recursive': False, 'code_aux_nonempty': True, 'n_if': 1, 'n_plus': 0}"
verina_basic_86,basic,T5_branch_extract,S,definitional,False,no_tail_if_then_else,False,0,[],4,,"{'code_has_def_level_termination': False, 'code_has_where': False, 'code_has_do': False, 'code_has_let_rec': False, 'code_self_recursive': False, 'code_aux_nonempty': True, 'n_if': 1, 'n_plus': 0}"
verina_basic_87,basic,T1_let_intro,D,definitional,True,,True,1,['verina_basic_87__T1_let_intro__0'],5,7.0,"{'code_has_def_level_termination': False, 'code_has_where': False, 'code_has_do': False, 'code_has_let_rec': False, 'code_self_recursive': False, 'code_aux_nonempty': True, 'n_if': 0, 'n_plus': 0}"
verina_basic_87,basic,T2_helper_extract,S,definitional,True,,True,1,['verina_basic_87__T2_helper_extract__0'],5,7.0,"{'code_has_def_level_termination': False, 'code_has_where': False, 'code_has_do': False, 'code_has_let_rec': False, 'code_self_recursive': False, 'code_aux_nonempty': True, 'n_if': 0, 'n_plus': 0}"
verina_basic_87,basic,T3_comm_swap,E,theorem_certified,False,no_commutative_operator_occurrence,False,0,[],5,,"{'code_has_def_level_termination': False, 'code_has_where': False, 'code_has_do': False, 'code_has_let_rec': False, 'code_self_recursive': False, 'code_aux_nonempty': True, 'n_if': 0, 'n_plus': 0}"
verina_basic_87,basic,T4_cond_invert,E,theorem_certified,False,no_tail_if_then_else,False,0,[],5,,"{'code_has_def_level_termination': False, 'code_has_where': False, 'code_has_do': False, 'code_has_let_rec': False, 'code_self_recursive': False, 'code_aux_nonempty': True, 'n_if': 0, 'n_plus': 0}"
verina_basic_87,basic,T5_branch_extract,S,definitional,False,no_tail_if_then_else,False,0,[],5,,"{'code_has_def_level_termination': False, 'code_has_where': False, 'code_has_do': False, 'code_has_let_rec': False, 'code_self_recursive': False, 'code_aux_nonempty': True, 'n_if': 0, 'n_plus': 0}"
verina_basic_88,basic,T1_let_intro,D,definitional,True,,True,1,['verina_basic_88__T1_let_intro__0'],1,3.0,"{'code_has_def_level_termination': False, 'code_has_where': False, 'code_has_do': False, 'code_has_let_rec': False, 'code_self_recursive': False, 'code_aux_nonempty': False, 'n_if': 0, 'n_plus': 0}"
verina_basic_88,basic,T2_helper_extract,S,definitional,True,,True,1,['verina_basic_88__T2_helper_extract__0'],1,3.0,"{'code_has_def_level_termination': False, 'code_has_where': False, 'code_has_do': False, 'code_has_let_rec': False, 'code_self_recursive': False, 'code_aux_nonempty': False, 'n_if': 0, 'n_plus': 0}"
verina_basic_88,basic,T3_comm_swap,E,theorem_certified,False,no_commutative_operator_occurrence,False,0,[],1,,"{'code_has_def_level_termination': False, 'code_has_where': False, 'code_has_do': False, 'code_has_let_rec': False, 'code_self_recursive': False, 'code_aux_nonempty': False, 'n_if': 0, 'n_plus': 0}"
verina_basic_88,basic,T4_cond_invert,E,theorem_certified,False,no_tail_if_then_else,False,0,[],1,,"{'code_has_def_level_termination': False, 'code_has_where': False, 'code_has_do': False, 'code_has_let_rec': False, 'code_self_recursive': False, 'code_aux_nonempty': False, 'n_if': 0, 'n_plus': 0}"
verina_basic_88,basic,T5_branch_extract,S,definitional,False,no_tail_if_then_else,False,0,[],1,,"{'code_has_def_level_termination': False, 'code_has_where': False, 'code_has_do': False, 'code_has_let_rec': False, 'code_self_recursive': False, 'code_aux_nonempty': False, 'n_if': 0, 'n_plus': 0}"
verina_basic_89,basic,T1_let_intro,D,definitional,True,,True,1,['verina_basic_89__T1_let_intro__0'],1,3.0,"{'code_has_def_level_termination': False, 'code_has_where': False, 'code_has_do': False, 'code_has_let_rec': False, 'code_self_recursive': False, 'code_aux_nonempty': False, 'n_if': 1, 'n_plus': 0}"
verina_basic_89,basic,T2_helper_extract,S,definitional,True,,True,1,['verina_basic_89__T2_helper_extract__0'],1,3.0,"{'code_has_def_level_termination': False, 'code_has_where': False, 'code_has_do': False, 'code_has_let_rec': False, 'code_self_recursive': False, 'code_aux_nonempty': False, 'n_if': 1, 'n_plus': 0}"
verina_basic_89,basic,T3_comm_swap,E,theorem_certified,False,no_commutative_operator_occurrence,False,0,[],1,,"{'code_has_def_level_termination': False, 'code_has_where': False, 'code_has_do': False, 'code_has_let_rec': False, 'code_self_recursive': False, 'code_aux_nonempty': False, 'n_if': 1, 'n_plus': 0}"
verina_basic_89,basic,T4_cond_invert,E,theorem_certified,False,no_tail_if_then_else,False,0,[],1,,"{'code_has_def_level_termination': False, 'code_has_where': False, 'code_has_do': False, 'code_has_let_rec': False, 'code_self_recursive': False, 'code_aux_nonempty': False, 'n_if': 1, 'n_plus': 0}"
verina_basic_89,basic,T5_branch_extract,S,definitional,False,no_tail_if_then_else,False,0,[],1,,"{'code_has_def_level_termination': False, 'code_has_where': False, 'code_has_do': False, 'code_has_let_rec': False, 'code_self_recursive': False, 'code_aux_nonempty': False, 'n_if': 1, 'n_plus': 0}"
verina_basic_9,basic,T1_let_intro,D,definitional,True,,True,1,['verina_basic_9__T1_let_intro__0'],1,3.0,"{'code_has_def_level_termination': False, 'code_has_where': False, 'code_has_do': False, 'code_has_let_rec': False, 'code_self_recursive': False, 'code_aux_nonempty': False, 'n_if': 0, 'n_plus': 0}"
verina_basic_9,basic,T2_helper_extract,S,definitional,True,,True,1,['verina_basic_9__T2_helper_extract__0'],1,3.0,"{'code_has_def_level_termination': False, 'code_has_where': False, 'code_has_do': False, 'code_has_let_rec': False, 'code_self_recursive': False, 'code_aux_nonempty': False, 'n_if': 0, 'n_plus': 0}"
verina_basic_9,basic,T3_comm_swap,E,theorem_certified,False,no_commutative_operator_occurrence,False,0,[],1,,"{'code_has_def_level_termination': False, 'code_has_where': False, 'code_has_do': False, 'code_has_let_rec': False, 'code_self_recursive': False, 'code_aux_nonempty': False, 'n_if': 0, 'n_plus': 0}"
verina_basic_9,basic,T4_cond_invert,E,theorem_certified,False,no_tail_if_then_else,False,0,[],1,,"{'code_has_def_level_termination': False, 'code_has_where': False, 'code_has_do': False, 'code_has_let_rec': False, 'code_self_recursive': False, 'code_aux_nonempty': False, 'n_if': 0, 'n_plus': 0}"
verina_basic_9,basic,T5_branch_extract,S,definitional,False,no_tail_if_then_else,False,0,[],1,,"{'code_has_def_level_termination': False, 'code_has_where': False, 'code_has_do': False, 'code_has_let_rec': False, 'code_self_recursive': False, 'code_aux_nonempty': False, 'n_if': 0, 'n_plus': 0}"
verina_basic_90,basic,T1_let_intro,D,definitional,True,,True,1,['verina_basic_90__T1_let_intro__0'],11,13.0,"{'code_has_def_level_termination': False, 'code_has_where': False, 'code_has_do': False, 'code_has_let_rec': True, 'code_self_recursive': False, 'code_aux_nonempty': False, 'n_if': 5, 'n_plus': 2}"
verina_basic_90,basic,T2_helper_extract,S,definitional,True,,True,1,['verina_basic_90__T2_helper_extract__0'],11,13.0,"{'code_has_def_level_termination': False, 'code_has_where': False, 'code_has_do': False, 'code_has_let_rec': True, 'code_self_recursive': False, 'code_aux_nonempty': False, 'n_if': 5, 'n_plus': 2}"
verina_basic_90,basic,T3_comm_swap,E,theorem_certified,True,,True,2,"['verina_basic_90__T3_comm_swap__0', 'verina_basic_90__T3_comm_swap__1']",11,11.0,"{'code_has_def_level_termination': False, 'code_has_where': False, 'code_has_do': False, 'code_has_let_rec': True, 'code_self_recursive': False, 'code_aux_nonempty': False, 'n_if': 5, 'n_plus': 2}"
verina_basic_90,basic,T4_cond_invert,E,theorem_certified,False,no_tail_if_then_else,False,0,[],11,,"{'code_has_def_level_termination': False, 'code_has_where': False, 'code_has_do': False, 'code_has_let_rec': True, 'code_self_recursive': False, 'code_aux_nonempty': False, 'n_if': 5, 'n_plus': 2}"
verina_basic_90,basic,T5_branch_extract,S,definitional,False,no_tail_if_then_else,False,0,[],11,,"{'code_has_def_level_termination': False, 'code_has_where': False, 'code_has_do': False, 'code_has_let_rec': True, 'code_self_recursive': False, 'code_aux_nonempty': False, 'n_if': 5, 'n_plus': 2}"
verina_basic_91,basic,T1_let_intro,D,definitional,True,,True,1,['verina_basic_91__T1_let_intro__0'],6,8.0,"{'code_has_def_level_termination': False, 'code_has_where': False, 'code_has_do': False, 'code_has_let_rec': False, 'code_self_recursive': False, 'code_aux_nonempty': False, 'n_if': 0, 'n_plus': 0}"
verina_basic_91,basic,T2_helper_extract,S,definitional,True,,True,1,['verina_basic_91__T2_helper_extract__0'],6,8.0,"{'code_has_def_level_termination': False, 'code_has_where': False, 'code_has_do': False, 'code_has_let_rec': False, 'code_self_recursive': False, 'code_aux_nonempty': False, 'n_if': 0, 'n_plus': 0}"
verina_basic_91,basic,T3_comm_swap,E,theorem_certified,False,no_commutative_operator_occurrence,False,0,[],6,,"{'code_has_def_level_termination': False, 'code_has_where': False, 'code_has_do': False, 'code_has_let_rec': False, 'code_self_recursive': False, 'code_aux_nonempty': False, 'n_if': 0, 'n_plus': 0}"
verina_basic_91,basic,T4_cond_invert,E,theorem_certified,False,no_tail_if_then_else,False,0,[],6,,"{'code_has_def_level_termination': False, 'code_has_where': False, 'code_has_do': False, 'code_has_let_rec': False, 'code_self_recursive': False, 'code_aux_nonempty': False, 'n_if': 0, 'n_plus': 0}"
verina_basic_91,basic,T5_branch_extract,S,definitional,False,no_tail_if_then_else,False,0,[],6,,"{'code_has_def_level_termination': False, 'code_has_where': False, 'code_has_do': False, 'code_has_let_rec': False, 'code_self_recursive': False, 'code_aux_nonempty': False, 'n_if': 0, 'n_plus': 0}"
verina_basic_92,basic,T1_let_intro,D,definitional,True,,True,1,['verina_basic_92__T1_let_intro__0'],6,8.0,"{'code_has_def_level_termination': False, 'code_has_where': False, 'code_has_do': False, 'code_has_let_rec': False, 'code_self_recursive': False, 'code_aux_nonempty': False, 'n_if': 0, 'n_plus': 1}"
verina_basic_92,basic,T2_helper_extract,S,definitional,True,,True,1,['verina_basic_92__T2_helper_extract__0'],6,8.0,"{'code_has_def_level_termination': False, 'code_has_where': False, 'code_has_do': False, 'code_has_let_rec': False, 'code_self_recursive': False, 'code_aux_nonempty': False, 'n_if': 0, 'n_plus': 1}"
verina_basic_92,basic,T3_comm_swap,E,theorem_certified,True,,True,1,['verina_basic_92__T3_comm_swap__0'],6,6.0,"{'code_has_def_level_termination': False, 'code_has_where': False, 'code_has_do': False, 'code_has_let_rec': False, 'code_self_recursive': False, 'code_aux_nonempty': False, 'n_if': 0, 'n_plus': 1}"
verina_basic_92,basic,T4_cond_invert,E,theorem_certified,False,no_tail_if_then_else,False,0,[],6,,"{'code_has_def_level_termination': False, 'code_has_where': False, 'code_has_do': False, 'code_has_let_rec': False, 'code_self_recursive': False, 'code_aux_nonempty': False, 'n_if': 0, 'n_plus': 1}"
verina_basic_92,basic,T5_branch_extract,S,definitional,False,no_tail_if_then_else,False,0,[],6,,"{'code_has_def_level_termination': False, 'code_has_where': False, 'code_has_do': False, 'code_has_let_rec': False, 'code_self_recursive': False, 'code_aux_nonempty': False, 'n_if': 0, 'n_plus': 1}"
verina_basic_93,basic,T1_let_intro,D,definitional,True,,True,1,['verina_basic_93__T1_let_intro__0'],4,6.0,"{'code_has_def_level_termination': False, 'code_has_where': False, 'code_has_do': False, 'code_has_let_rec': False, 'code_self_recursive': False, 'code_aux_nonempty': False, 'n_if': 0, 'n_plus': 0}"
verina_basic_93,basic,T2_helper_extract,S,definitional,True,,True,1,['verina_basic_93__T2_helper_extract__0'],4,6.0,"{'code_has_def_level_termination': False, 'code_has_where': False, 'code_has_do': False, 'code_has_let_rec': False, 'code_self_recursive': False, 'code_aux_nonempty': False, 'n_if': 0, 'n_plus': 0}"
verina_basic_93,basic,T3_comm_swap,E,theorem_certified,False,no_commutative_operator_occurrence,False,0,[],4,,"{'code_has_def_level_termination': False, 'code_has_where': False, 'code_has_do': False, 'code_has_let_rec': False, 'code_self_recursive': False, 'code_aux_nonempty': False, 'n_if': 0, 'n_plus': 0}"
verina_basic_93,basic,T4_cond_invert,E,theorem_certified,False,no_tail_if_then_else,False,0,[],4,,"{'code_has_def_level_termination': False, 'code_has_where': False, 'code_has_do': False, 'code_has_let_rec': False, 'code_self_recursive': False, 'code_aux_nonempty': False, 'n_if': 0, 'n_plus': 0}"
verina_basic_93,basic,T5_branch_extract,S,definitional,False,no_tail_if_then_else,False,0,[],4,,"{'code_has_def_level_termination': False, 'code_has_where': False, 'code_has_do': False, 'code_has_let_rec': False, 'code_self_recursive': False, 'code_aux_nonempty': False, 'n_if': 0, 'n_plus': 0}"
verina_basic_94,basic,T1_let_intro,D,definitional,True,,True,1,['verina_basic_94__T1_let_intro__0'],8,10.0,"{'code_has_def_level_termination': False, 'code_has_where': False, 'code_has_do': False, 'code_has_let_rec': True, 'code_self_recursive': False, 'code_aux_nonempty': False, 'n_if': 1, 'n_plus': 1}"
verina_basic_94,basic,T2_helper_extract,S,definitional,True,,True,1,['verina_basic_94__T2_helper_extract__0'],8,10.0,"{'code_has_def_level_termination': False, 'code_has_where': False, 'code_has_do': False, 'code_has_let_rec': True, 'code_self_recursive': False, 'code_aux_nonempty': False, 'n_if': 1, 'n_plus': 1}"
verina_basic_94,basic,T3_comm_swap,E,theorem_certified,True,,True,1,['verina_basic_94__T3_comm_swap__0'],8,8.0,"{'code_has_def_level_termination': False, 'code_has_where': False, 'code_has_do': False, 'code_has_let_rec': True, 'code_self_recursive': False, 'code_aux_nonempty': False, 'n_if': 1, 'n_plus': 1}"
verina_basic_94,basic,T4_cond_invert,E,theorem_certified,False,no_tail_if_then_else,False,0,[],8,,"{'code_has_def_level_termination': False, 'code_has_where': False, 'code_has_do': False, 'code_has_let_rec': True, 'code_self_recursive': False, 'code_aux_nonempty': False, 'n_if': 1, 'n_plus': 1}"
verina_basic_94,basic,T5_branch_extract,S,definitional,False,no_tail_if_then_else,False,0,[],8,,"{'code_has_def_level_termination': False, 'code_has_where': False, 'code_has_do': False, 'code_has_let_rec': True, 'code_self_recursive': False, 'code_aux_nonempty': False, 'n_if': 1, 'n_plus': 1}"
verina_basic_95,basic,T1_let_intro,D,definitional,True,,True,1,['verina_basic_95__T1_let_intro__0'],5,7.0,"{'code_has_def_level_termination': False, 'code_has_where': False, 'code_has_do': False, 'code_has_let_rec': False, 'code_self_recursive': False, 'code_aux_nonempty': False, 'n_if': 0, 'n_plus': 0}"
verina_basic_95,basic,T2_helper_extract,S,definitional,True,,True,1,['verina_basic_95__T2_helper_extract__0'],5,7.0,"{'code_has_def_level_termination': False, 'code_has_where': False, 'code_has_do': False, 'code_has_let_rec': False, 'code_self_recursive': False, 'code_aux_nonempty': False, 'n_if': 0, 'n_plus': 0}"
verina_basic_95,basic,T3_comm_swap,E,theorem_certified,False,no_commutative_operator_occurrence,False,0,[],5,,"{'code_has_def_level_termination': False, 'code_has_where': False, 'code_has_do': False, 'code_has_let_rec': False, 'code_self_recursive': False, 'code_aux_nonempty': False, 'n_if': 0, 'n_plus': 0}"
verina_basic_95,basic,T4_cond_invert,E,theorem_certified,False,no_tail_if_then_else,False,0,[],5,,"{'code_has_def_level_termination': False, 'code_has_where': False, 'code_has_do': False, 'code_has_let_rec': False, 'code_self_recursive': False, 'code_aux_nonempty': False, 'n_if': 0, 'n_plus': 0}"
verina_basic_95,basic,T5_branch_extract,S,definitional,False,no_tail_if_then_else,False,0,[],5,,"{'code_has_def_level_termination': False, 'code_has_where': False, 'code_has_do': False, 'code_has_let_rec': False, 'code_self_recursive': False, 'code_aux_nonempty': False, 'n_if': 0, 'n_plus': 0}"
verina_basic_96,basic,T1_let_intro,D,definitional,True,,True,1,['verina_basic_96__T1_let_intro__0'],1,3.0,"{'code_has_def_level_termination': False, 'code_has_where': False, 'code_has_do': False, 'code_has_let_rec': False, 'code_self_recursive': False, 'code_aux_nonempty': False, 'n_if': 0, 'n_plus': 0}"
verina_basic_96,basic,T2_helper_extract,S,definitional,True,,True,1,['verina_basic_96__T2_helper_extract__0'],1,3.0,"{'code_has_def_level_termination': False, 'code_has_where': False, 'code_has_do': False, 'code_has_let_rec': False, 'code_self_recursive': False, 'code_aux_nonempty': False, 'n_if': 0, 'n_plus': 0}"
verina_basic_96,basic,T3_comm_swap,E,theorem_certified,False,no_commutative_operator_occurrence,False,0,[],1,,"{'code_has_def_level_termination': False, 'code_has_where': False, 'code_has_do': False, 'code_has_let_rec': False, 'code_self_recursive': False, 'code_aux_nonempty': False, 'n_if': 0, 'n_plus': 0}"
verina_basic_96,basic,T4_cond_invert,E,theorem_certified,False,no_tail_if_then_else,False,0,[],1,,"{'code_has_def_level_termination': False, 'code_has_where': False, 'code_has_do': False, 'code_has_let_rec': False, 'code_self_recursive': False, 'code_aux_nonempty': False, 'n_if': 0, 'n_plus': 0}"
verina_basic_96,basic,T5_branch_extract,S,definitional,False,no_tail_if_then_else,False,0,[],1,,"{'code_has_def_level_termination': False, 'code_has_where': False, 'code_has_do': False, 'code_has_let_rec': False, 'code_self_recursive': False, 'code_aux_nonempty': False, 'n_if': 0, 'n_plus': 0}"
verina_basic_97,basic,T1_let_intro,D,definitional,True,,True,1,['verina_basic_97__T1_let_intro__0'],1,3.0,"{'code_has_def_level_termination': False, 'code_has_where': False, 'code_has_do': False, 'code_has_let_rec': False, 'code_self_recursive': False, 'code_aux_nonempty': False, 'n_if': 0, 'n_plus': 0}"
verina_basic_97,basic,T2_helper_extract,S,definitional,True,,True,1,['verina_basic_97__T2_helper_extract__0'],1,3.0,"{'code_has_def_level_termination': False, 'code_has_where': False, 'code_has_do': False, 'code_has_let_rec': False, 'code_self_recursive': False, 'code_aux_nonempty': False, 'n_if': 0, 'n_plus': 0}"
verina_basic_97,basic,T3_comm_swap,E,theorem_certified,False,no_commutative_operator_occurrence,False,0,[],1,,"{'code_has_def_level_termination': False, 'code_has_where': False, 'code_has_do': False, 'code_has_let_rec': False, 'code_self_recursive': False, 'code_aux_nonempty': False, 'n_if': 0, 'n_plus': 0}"
verina_basic_97,basic,T4_cond_invert,E,theorem_certified,False,no_tail_if_then_else,False,0,[],1,,"{'code_has_def_level_termination': False, 'code_has_where': False, 'code_has_do': False, 'code_has_let_rec': False, 'code_self_recursive': False, 'code_aux_nonempty': False, 'n_if': 0, 'n_plus': 0}"
verina_basic_97,basic,T5_branch_extract,S,definitional,False,no_tail_if_then_else,False,0,[],1,,"{'code_has_def_level_termination': False, 'code_has_where': False, 'code_has_do': False, 'code_has_let_rec': False, 'code_self_recursive': False, 'code_aux_nonempty': False, 'n_if': 0, 'n_plus': 0}"
verina_basic_98,basic,T1_let_intro,D,definitional,True,,True,1,['verina_basic_98__T1_let_intro__0'],1,3.0,"{'code_has_def_level_termination': False, 'code_has_where': False, 'code_has_do': False, 'code_has_let_rec': False, 'code_self_recursive': False, 'code_aux_nonempty': False, 'n_if': 0, 'n_plus': 0}"
verina_basic_98,basic,T2_helper_extract,S,definitional,True,,True,1,['verina_basic_98__T2_helper_extract__0'],1,3.0,"{'code_has_def_level_termination': False, 'code_has_where': False, 'code_has_do': False, 'code_has_let_rec': False, 'code_self_recursive': False, 'code_aux_nonempty': False, 'n_if': 0, 'n_plus': 0}"
verina_basic_98,basic,T3_comm_swap,E,theorem_certified,True,,True,1,['verina_basic_98__T3_comm_swap__0'],1,1.0,"{'code_has_def_level_termination': False, 'code_has_where': False, 'code_has_do': False, 'code_has_let_rec': False, 'code_self_recursive': False, 'code_aux_nonempty': False, 'n_if': 0, 'n_plus': 0}"
verina_basic_98,basic,T4_cond_invert,E,theorem_certified,False,no_tail_if_then_else,False,0,[],1,,"{'code_has_def_level_termination': False, 'code_has_where': False, 'code_has_do': False, 'code_has_let_rec': False, 'code_self_recursive': False, 'code_aux_nonempty': False, 'n_if': 0, 'n_plus': 0}"
verina_basic_98,basic,T5_branch_extract,S,definitional,False,no_tail_if_then_else,False,0,[],1,,"{'code_has_def_level_termination': False, 'code_has_where': False, 'code_has_do': False, 'code_has_let_rec': False, 'code_self_recursive': False, 'code_aux_nonempty': False, 'n_if': 0, 'n_plus': 0}"
verina_basic_99,basic,T1_let_intro,D,definitional,True,,True,1,['verina_basic_99__T1_let_intro__0'],7,9.0,"{'code_has_def_level_termination': False, 'code_has_where': False, 'code_has_do': False, 'code_has_let_rec': False, 'code_self_recursive': False, 'code_aux_nonempty': False, 'n_if': 1, 'n_plus': 2}"
verina_basic_99,basic,T2_helper_extract,S,definitional,True,,True,1,['verina_basic_99__T2_helper_extract__0'],7,9.0,"{'code_has_def_level_termination': False, 'code_has_where': False, 'code_has_do': False, 'code_has_let_rec': False, 'code_self_recursive': False, 'code_aux_nonempty': False, 'n_if': 1, 'n_plus': 2}"
verina_basic_99,basic,T3_comm_swap,E,theorem_certified,True,,True,3,"['verina_basic_99__T3_comm_swap__0', 'verina_basic_99__T3_comm_swap__1', 'verina_basic_99__T3_comm_swap__2']",7,7.0,"{'code_has_def_level_termination': False, 'code_has_where': False, 'code_has_do': False, 'code_has_let_rec': False, 'code_self_recursive': False, 'code_aux_nonempty': False, 'n_if': 1, 'n_plus': 2}"
verina_basic_99,basic,T4_cond_invert,E,theorem_certified,True,,True,1,['verina_basic_99__T4_cond_invert__0'],7,7.0,"{'code_has_def_level_termination': False, 'code_has_where': False, 'code_has_do': False, 'code_has_let_rec': False, 'code_self_recursive': False, 'code_aux_nonempty': False, 'n_if': 1, 'n_plus': 2}"
verina_basic_99,basic,T5_branch_extract,S,definitional,True,,True,1,['verina_basic_99__T5_branch_extract__0'],7,9.0,"{'code_has_def_level_termination': False, 'code_has_where': False, 'code_has_do': False, 'code_has_let_rec': False, 'code_self_recursive': False, 'code_aux_nonempty': False, 'n_if': 1, 'n_plus': 2}"
