task_id,proof_source,model_id,generation_attempt,proof_source,proof_region_errors,proof_hash,proof_text,proof_aux_text,proof_chars,proof_lines,proof_loc,n_tactic_tokens,count_unfold,unfolds_target_function,count_simp,count_simp_all,simp_mentions_target_function,simp_only_used,count_rw,count_have,count_exact,count_apply,count_intro,count_constructor,count_cases,count_induction,count_split,count_by_cases,count_omega,count_decide,count_aesop,count_grind,count_rfl,count_norm_num,count_linarith,uses_automation,target_function_name_occurrences,code_aux_identifier_occurrences,mentions_code_aux_identifier,mentions_extracted_helper_name,mentions_h_precond,proof_aux_nonempty,first_tactic,tactic_histogram
verina_basic_1,reference,,,reference,[],4cc53b16da1f3c3f504647e8ccd8d3d6e1806c4acdd6de83c1552ec203cd6e2d,,,364,17,15,13,1,True,2,1,False,False,2,2,2,0,1,1,1,0,0,0,0,0,0,0,0,0,0,True,1,0,False,False,False,False,unfold,cases=1;constructor=1;exact=2;have=2;intro=1;rw=2;simp=2;simp_all=1;unfold=1
verina_basic_10,reference,,,reference,[],7d3515d14e95933a588ef7f0e7a666f9404b24c5bc119ca34414f057f296b48c,,,60,2,2,2,1,True,1,0,False,False,0,0,0,0,0,0,0,0,0,0,0,0,0,0,0,0,0,True,1,0,False,False,False,False,unfold,simp=1;unfold=1
verina_basic_100,reference,,,reference,[],a188e1cecea258ef5cc8649df0654c3917fd422f5d225a19b681b3380fed84d0,,,158,8,8,7,1,True,3,0,False,False,3,0,0,0,0,0,0,0,0,0,0,0,0,0,0,0,0,True,1,0,False,False,False,False,unfold,rw=3;simp=3;unfold=1
verina_basic_101,reference,,,reference,[],cd10127c64f63a8b0871c8c9b3d9046b70446efa02f2fe089d464f5d2b51b471,,,109,5,5,5,1,True,2,0,False,False,2,0,0,0,0,0,0,0,0,0,0,0,0,0,0,0,0,True,1,0,False,False,False,False,unfold,rw=2;simp=2;unfold=1
verina_basic_11,reference,,,reference,[],aeba8a798b6026c867ea840ff86b66bae5a6ed6c0d62c06bec8bc1e13147f6e6,,,125,6,6,7,1,True,2,0,False,False,0,0,1,0,0,2,0,0,0,0,0,1,0,0,0,0,0,True,1,0,False,False,False,False,unfold,constructor=2;decide=1;exact=1;simp=2;unfold=1
verina_basic_12,reference,,,reference,[],5775ba4a5c9d5d2b0b7c70b5a14fe470328837a291e1ccbb7734c318ea78b664,,,57,2,2,2,1,True,1,0,False,False,0,0,0,0,0,0,0,0,0,0,0,0,0,0,0,0,0,True,1,0,False,False,False,False,unfold,simp=1;unfold=1
verina_basic_13,reference,,,reference,[],dd2d5c281fe7d638b715a52de1908845611a7cc0afe57644562dbf6b1d011911,,,711,20,20,20,1,True,6,1,False,True,3,6,0,2,1,0,0,0,0,0,0,0,0,0,0,0,0,True,1,0,False,False,False,False,unfold,apply=2;have=6;intro=1;rw=3;simp=6;simp_all=1;unfold=1
verina_basic_14,reference,,,reference,[],9cdd52239334607844541834efdea5aa3300d3495ea7a2a69edcb3a32921709b,,,49,2,2,2,1,True,0,1,False,False,0,0,0,0,0,0,0,0,0,0,0,0,0,0,0,0,0,True,1,0,False,False,False,False,unfold,simp_all=1;unfold=1
verina_basic_15,reference,,,reference,[],6bf0a86ec82ea6e8377a3bf477a9205f2d0b08ded7541aa7690a1b85776cc078,,,826,31,31,31,1,True,5,2,False,False,3,6,6,1,2,2,1,0,0,0,0,0,0,0,0,0,0,True,1,0,False,False,False,False,unfold,apply=1;constructor=2;exact=6;exists=2;have=6;intro=2;rcases=1;rw=3;simp=5;simp_all=2;unfold=1
verina_basic_16,reference,,,reference,[],5117e5f68763180469566bdde2de20e3b678d0825ecb721bf48b7e18f13af71f,,,296,8,6,4,1,True,1,1,False,False,0,0,0,0,0,1,0,0,0,0,0,0,0,0,0,0,0,True,1,0,False,False,False,False,unfold,constructor=1;simp=1;simp_all=1;unfold=1
verina_basic_17,reference,,,reference,[],96703100998013e4e52bc8672c90539a6b5d7d141c75154b019125dc1375650a,,,249,11,11,12,3,True,2,2,False,False,0,1,1,0,1,2,0,0,0,0,0,0,0,0,0,0,0,True,1,0,False,False,False,False,unfold,constructor=2;exact=1;have=1;intro=1;simp=2;simp_all=2;unfold=3
verina_basic_19,reference,,,reference,[],7e7337b807814e1c41eb9f0cc285edf267213caf55d6ee0829c2c463b3a5cdcc,,,255,14,13,12,1,True,5,2,False,False,0,0,0,0,0,1,3,0,0,0,0,0,0,0,0,0,0,True,1,0,False,False,False,False,unfold,cases=3;constructor=1;simp=5;simp_all=2;unfold=1
verina_basic_2,reference,,,reference,[],87a9d46c0253d20c36fac3540f978af6921da0a9140218a5bfba06b20186ba91,,,248,10,10,8,1,True,2,0,False,True,2,0,2,0,0,0,1,0,0,0,0,0,0,0,0,0,0,True,1,0,False,False,False,False,unfold,cases=1;exact=2;rw=2;simp=2;unfold=1
verina_basic_26,reference,,,reference,[],35b7cdc9001d65f142712b22142a276e0a87a0f6a25b6a166fa943811d165400,,,39,2,2,2,1,True,1,0,False,False,0,0,0,0,0,0,0,0,0,0,0,0,0,0,0,0,0,True,1,0,False,False,False,False,unfold,simp=1;unfold=1
verina_basic_29,reference,,,reference,[],5b28a0d354f8e4ba3677b3c3b64c7f4293c676bb38129c945a71b67de2182365,,,703,20,20,22,5,True,5,1,False,False,2,4,2,0,2,1,0,0,0,0,0,0,0,0,0,0,0,True,1,0,False,False,True,False,unfold,constructor=1;exact=2;have=4;intro=2;rw=2;simp=5;simp_all=1;unfold=5
verina_basic_3,reference,,,reference,[],e3b4b70ad41ad4d95f0b49210caf5240324bc8fe7fe2e93b1ac0eb9052e12d90,,,213,9,9,9,1,True,0,1,False,False,2,0,2,1,1,1,0,0,0,0,0,0,0,0,0,0,0,True,1,0,False,False,False,False,unfold,apply=1;constructor=1;exact=2;intro=1;rw=2;simp_all=1;unfold=1
verina_basic_30,reference,,,reference,[],546a0c3a5010d8e23ee7ab19a85f70aee2311bddca0f8c8904eb728fd239f21b,,,849,21,21,21,3,True,5,2,False,True,2,6,0,2,1,0,0,0,0,0,0,0,0,0,0,0,0,True,1,0,False,False,True,False,unfold,apply=2;have=6;intro=1;rw=2;simp=5;simp_all=2;unfold=3
verina_basic_31,reference,,,reference,[],98d532adcb8d3fff9b6f6cda25971f85faa6d2afa64443be2b814396eeedfa40,,,249,11,11,12,3,True,2,2,False,False,0,1,1,0,1,2,0,0,0,0,0,0,0,0,0,0,0,True,1,0,False,False,False,False,unfold,constructor=2;exact=1;have=1;intro=1;simp=2;simp_all=2;unfold=3
verina_basic_32,reference,,,reference,[],a75d3e1a11dec11b8a638bcecf8eb379bd51a37b23d9a94a37fb04c640d57f39,,,877,29,28,26,2,True,6,5,False,False,4,2,2,0,1,2,2,0,0,0,0,0,0,0,0,0,0,True,1,0,False,False,True,False,unfold,cases=2;constructor=2;exact=2;have=2;intro=1;rw=4;simp=6;simp_all=5;unfold=2
verina_basic_36,reference,,,reference,[],37368631be332ce81fdd9d8be1007e5e79f8dc55169ce2fc4e6bdc4638064b62,,,255,11,11,12,3,True,3,1,False,False,0,1,1,0,1,2,0,0,0,0,0,0,0,0,0,0,0,True,1,0,False,False,False,False,unfold,constructor=2;exact=1;have=1;intro=1;simp=3;simp_all=1;unfold=3
verina_basic_4,reference,,,reference,[],9015dc93c2a7f9c0a46da0bbf3bf0a9a7af80bd4dd1d738202cace4eceed3135,,,316,9,9,9,2,True,0,1,False,False,0,2,2,0,0,0,0,0,0,0,0,0,0,0,0,0,0,True,1,0,False,False,True,False,unfold,exact=2;exists=2;have=2;simp_all=1;unfold=2
verina_basic_42,reference,,,reference,[],3b4b09ef4d0c2e2891cacae2a4ac25b7bcace5694ab6aec3b46dfd25caa6b950,,,49,2,2,2,1,True,1,0,False,False,0,0,0,0,0,0,0,0,0,0,0,0,0,0,0,0,0,True,1,0,False,False,False,False,unfold,simp=1;unfold=1
verina_basic_44,reference,,,reference,[],58297dba6f847b0d10b987946aceecd76e5d531c48c51739425079f4d882b5b8,,,763,26,24,24,1,True,4,3,False,False,2,3,2,3,5,1,0,0,0,0,0,0,0,0,0,0,0,True,1,6,True,False,False,False,unfold,apply=3;constructor=1;exact=2;have=3;intro=5;rw=2;simp=4;simp_all=3;unfold=1
verina_basic_45,reference,,,reference,[],a3f0d2e0f29b439fde3c0334443720817d7d65b8939422a6b06cc515a7fb00e3,,,320,12,12,12,1,True,2,0,False,False,1,1,1,0,0,0,1,0,2,0,0,0,0,0,2,0,0,True,1,0,False,False,False,False,unfold,cases=1;contradiction=1;exact=1;have=1;rfl=2;rw=1;simp=2;split=2;unfold=1
verina_basic_47,reference,,,reference,[],1c14c3991deacd42387e36a3e21243f6b529f05473600628801ee386b97503e4,,,1153,41,36,32,2,True,11,2,False,False,5,4,0,2,1,0,3,2,0,0,0,0,0,0,0,0,0,True,1,0,False,False,False,True,unfold,apply=2;cases=3;have=4;induction=2;intro=1;rw=5;simp=11;simp_all=2;unfold=2
verina_basic_48,reference,,,reference,[],4a9c158e1e954f6a11346bf6a786168846b3d0fd76778784cc7302b69d41ae35,,,1465,45,29,28,1,True,5,1,False,False,2,6,4,4,3,0,1,0,0,0,0,0,0,0,0,0,0,True,7,0,False,False,False,True,unfold,apply=4;cases=1;exact=4;exists=1;have=6;intro=3;rw=2;simp=5;simp_all=1;unfold=1
verina_basic_49,reference,,,reference,[],7237d543b1f18f1e03e986c85aab62e42f43615cbcc72481be2803509c958fce,,,1901,58,58,58,1,True,4,3,False,False,12,16,11,1,2,1,2,0,0,0,0,0,0,0,4,0,0,True,1,2,True,False,False,False,unfold,apply=1;cases=1;constructor=1;exact=11;have=16;intro=2;rcases=1;rfl=4;rw=12;simp=4;simp_all=3;trivial=1;unfold=1
verina_basic_5,reference,,,reference,[],1f1e1d178ed69ff2cf2011f3b12452d5e94b32f0ab5414f983adfb99375bda6e,,,43,2,2,2,1,True,1,0,False,False,0,0,0,0,0,0,0,0,0,0,0,0,0,0,0,0,0,True,1,0,False,False,False,False,unfold,simp=1;unfold=1
verina_basic_50,reference,,,reference,[],0c43572ae615aba693c0b554151ddd8286c84283ce8bb4601b2a9e885a44a235,,,300,15,15,11,0,False,2,0,True,False,0,1,0,1,2,0,0,0,2,0,0,0,0,0,1,0,0,True,1,0,False,False,False,False,simp,apply=1;contradiction=2;have=1;intro=2;rfl=1;simp=2;split=2
verina_basic_53,reference,,,reference,[],78b61aa5fe54ab892a107a49049de103d55292087e026307563fb71a17c7ea95,,,283,14,14,12,4,True,3,0,False,False,4,0,0,0,0,0,0,1,0,0,0,0,0,0,0,0,0,True,3,0,False,False,False,False,unfold,induction=1;rw=4;simp=3;unfold=4
verina_basic_55,reference,,,reference,[],e8a03b3b16b0a9ce8abd48e76a55d76dbc78d21677c33373ccd66a2653a19e0f,,,41,2,2,2,1,True,1,0,False,False,0,0,0,0,0,0,0,0,0,0,0,0,0,0,0,0,0,True,1,0,False,False,False,False,unfold,simp=1;unfold=1
verina_basic_6,reference,,,reference,[],f5e345eda33dc41ac54b46013767babc5edf641aa72d5b07c9a4e9c5a4e24f94,,,999,45,37,40,1,True,4,7,False,False,2,4,5,1,0,5,0,0,2,4,0,0,0,0,0,0,0,True,1,0,False,False,False,False,unfold,apply=1;assumption=1;by_cases=4;constructor=5;contradiction=4;exact=5;have=4;rw=2;simp=4;simp_all=7;split=2;unfold=1
verina_basic_66,reference,,,reference,[],738b44058f5a36560a1133007b0475769ed1a63f455c6241725130c1061e5ac4,,,59,3,3,3,1,True,1,0,False,False,0,0,0,0,0,0,0,0,0,0,0,0,0,0,1,0,0,True,1,0,False,False,False,False,unfold,rfl=1;simp=1;unfold=1
verina_basic_68,reference,,,reference,[],ddf8116f270f794889d6cbb165db0698c471baee68002fca2c17360e4570c343,,,5977,166,162,146,9,True,26,0,False,False,26,37,15,10,12,0,0,3,0,4,0,0,0,0,3,0,0,True,13,0,False,False,False,False,unfold,apply=10;by_cases=4;contradiction=1;exact=15;have=37;induction=3;intro=12;rfl=3;rw=26;simp=26;unfold=9
verina_basic_76,reference,,,reference,[],ad8f0fab293b2f133dded5a6c7ce64bfe5c910305aac960e8b485dd5834a96c0,,,303,10,10,10,1,True,1,0,False,False,0,3,2,0,2,0,0,0,0,0,0,0,0,0,0,0,0,True,1,0,False,False,False,False,unfold,contradiction=1;exact=2;have=3;intro=2;simp=1;unfold=1
verina_basic_78,reference,,,reference,[],b5da5cb0d8956bdb5ee634b4c2dfdb41abb0f7a3d8898ea4897c01a2b7efc5dd,,,57,2,2,2,1,True,1,0,False,False,0,0,0,0,0,0,0,0,0,0,0,0,0,0,0,0,0,True,1,0,False,False,False,False,unfold,simp=1;unfold=1
verina_basic_8,reference,,,reference,[],7ad2ae3dae289ae6f6eea98bac4689679d43ee5cdae259c501b5bcf2b7ea6215,,,216,11,11,10,1,True,3,0,False,False,1,0,2,0,0,1,0,0,2,0,0,0,0,0,0,0,0,True,1,0,False,False,False,False,unfold,constructor=1;exact=2;rw=1;simp=3;split=2;unfold=1
verina_basic_81,reference,,,reference,[],0369a11fac2fd4d20eeffe78e779da518dfca4f240d8b625c9b2d5b18d0aabe1,,,1939,61,59,53,7,True,8,2,False,False,7,14,4,4,3,1,0,0,1,0,0,0,0,0,1,0,0,True,1,25,True,False,False,False,unfold,apply=4;constructor=1;contradiction=1;exact=4;have=14;intro=3;rfl=1;rw=7;simp=8;simp_all=2;split=1;unfold=7
verina_basic_9,reference,,,reference,[],8000cecc97b4369f6a4148f57a8b3d48cee1dc3ab7b011b9c5cc4d9823b91aec,,,660,27,27,27,1,True,3,0,False,False,2,4,6,0,2,1,2,0,0,0,0,0,0,0,0,0,0,True,1,0,False,False,False,False,unfold,constructor=1;exact=6;exists=6;have=4;intro=2;rcases=2;rw=2;simp=3;unfold=1
verina_basic_91,reference,,,reference,[],11a241da7a71c347f0308869f8f07dd088dfbdb373127ef4c276d0407546286b,,,81,3,3,3,1,True,0,1,False,False,0,0,1,0,0,0,0,0,0,0,0,0,0,0,0,0,0,True,1,0,False,False,False,False,unfold,exact=1;simp_all=1;unfold=1
verina_basic_92,reference,,,reference,[],e9d957e120f9a0f9106f46b361d201dac71e6707aa6eb989f96a8702cfcd86f7,,,132,5,5,5,1,True,1,1,False,False,1,0,1,0,0,0,0,0,0,0,0,0,0,0,0,0,0,True,1,0,False,False,False,False,unfold,exact=1;rw=1;simp=1;simp_all=1;unfold=1
verina_basic_95,reference,,,reference,[],21f04f749c0ba4d00c372384e7aa0bb582649967581fc327af3b35af84685dc1,,,3263,122,121,116,6,True,27,0,False,True,31,9,11,4,2,0,1,0,12,2,0,0,0,0,7,0,0,True,1,0,False,False,True,False,unfold,apply=4;by_cases=2;contradiction=4;exact=11;have=9;intro=2;obtain=1;rfl=7;rw=31;simp=27;split=12;unfold=6
verina_basic_96,reference,,,reference,[],e8b0e366e4b2fa4e3a34c65c2414c53f30c5bebaf330b3724de172a1807cf7d1,,,105,3,3,3,1,True,0,1,False,False,0,0,1,0,0,0,0,0,0,0,0,0,0,0,0,0,0,True,1,0,False,False,False,False,unfold,exact=1;simp_all=1;unfold=1
verina_basic_97,reference,,,reference,[],6a15a3eee4643d452e205e161eca9ce2eed53b77249c5486c8368cf0e1d84636,,,600,24,24,22,2,True,3,0,False,False,5,0,1,2,2,0,0,0,3,0,0,0,0,0,2,0,0,True,1,0,False,False,True,False,unfold,apply=2;contradiction=2;exact=1;intro=2;rfl=2;rw=5;simp=3;split=3;unfold=2
verina_basic_98,reference,,,reference,[],9cefbf5d49b8e7912377419600898a46c75ad4baee3c947e10c57bf0800893a5,,,46,2,2,2,1,True,1,0,False,False,0,0,0,0,0,0,0,0,0,0,0,0,0,0,0,0,0,True,1,0,False,False,False,False,unfold,simp=1;unfold=1
verina_basic_99,reference,,,reference,[],2572871e989024d02382816ae1e567ec1cc9198e8c597ccde123cb1b5d979b13,,,318,14,14,14,1,True,6,0,False,False,5,1,0,0,0,0,0,0,0,0,0,0,0,0,1,0,0,True,1,0,False,False,False,False,unfold,have=1;rfl=1;rw=5;simp=6;unfold=1
verina_advanced_41,model,deepseek-prover-v2-7b,0.0,model,[],c36a21e1417da8e7594845c16e087b9346fc2fba9e236d82b7e65dd42783098c,"  have h_main : (maxOfThree a b c h_precond >= a ∧ maxOfThree a b c h_precond >= b ∧ maxOfThree a b c h_precond >= c) ∧ (maxOfThree a b c h_precond = a ∨ maxOfThree a b c h_precond = b ∨ maxOfThree a b c h_precond = c) := by
    dsimp only [maxOfThree, maxOfThree_precond] at *
    split_ifs <;> simp_all (config := {decide := true}) <;>
    (try omega) <;>
    (try
      (
        cases h <;>
        simp_all (config := {decide := true}) <;>
        omega
      )) <;>
    (try
      (
        aesop
      )) <;>
    (try
      (
        omega
      ))
    <;>
    aesop
  exact h_main
","
",589,21,21,17,0,False,1,2,True,False,0,1,1,0,0,0,1,0,0,0,3,2,2,0,0,0,0,True,7,0,False,False,True,False,have,aesop=2;cases=1;decide=2;dsimp=1;exact=1;have=1;omega=3;simp_all=2;try=4
verina_advanced_41,model,deepseek-prover-v2-7b__hard_unfold,0.0,model,[],1462a6b721c7dd095a44b641ecc945854870d24e951d9f404ec392fc573da8df,"  unfold maxOfThree maxOfThree_postcond
  have h_main : (maxOfThree a b c h_precond) ≥ a ∧ (maxOfThree a b c h_precond) ≥ b ∧ (maxOfThree a b c h_precond) ≥ c ∧ ((maxOfThree a b c h_precond) = a ∨ (maxOfThree a b c h_precond) = b ∨ (maxOfThree a b c h_precond) = c) := by
    dsimp only [maxOfThree, maxOfThree_postcond]
    split_ifs <;>
    (try {
      simp_all [maxOfThree_precond, Int.le_of_lt]
      <;>
      (try omega) <;>
      (try aesop) <;>
      (try
        {
          (try aesop)
          <;>
          (try omega)
          <;>
          (try
            {
              left
              <;> omega
            })
          <;>
          (try
            {
              right
              <;> left
              <;> omega
            })
          <;>
          (try
            {
              right
              <;> right
              <;> omega
            })
        })
    }) <;>
    (try
      {
        constructor <;>
        (try omega) <;>
        (try aesop)
      }) <;>
    (try
      {
        constructor <;>
        (try omega) <;>
        (try aesop)
      }) <;>
    (try
      {
        constructor <;>
        (try omega) <;>
        (try aesop)
      }) <;>
    (try
      {
        aesop
      }) <;>
    (try
      {
        constructor <;>
        (try omega) <;>
        (try aesop)
      }) <;>
    (try
      {
        simp_all [or_iff_not_imp_left, or_iff_not_imp_left]
        <;>
        tauto
      }) <;>
    (try
      {
        omega
      })
  -- The above steps use `aesop` to automatically handle the `omega` and other logical steps.
  tauto
","
",1601,76,75,52,1,True,1,2,True,False,0,1,0,0,0,4,0,0,0,0,10,0,7,0,0,0,0,True,8,0,False,False,True,False,unfold,aesop=7;constructor=4;dsimp=1;have=1;omega=10;simp_all=2;tauto=2;try=24;unfold=1
verina_advanced_41,model,goedel-prover-v2-32b,1.0,model,[],454669b05e8806e128d5e1020a42c43a6724c18b431bbd7d28605ad8565ff4da,"  dsimp only [maxOfThree_precond, maxOfThree_postcond] at *
  have h_main : (maxOfThree a b c h_precond ≥ a ∧ maxOfThree a b c h_precond ≥ b ∧ maxOfThree a b c h_precond ≥ c) ∧ (maxOfThree a b c h_precond = a ∨ maxOfThree a b c h_precond = b ∨ maxOfThree a b c h_precond = c) := by
    have h₁ : maxOfThree a b c h_precond = if a >= b && a >= c then a else if b >= a && b >= c then b else c := by
      rfl
    rw [h₁]
    split_ifs <;>
    (try { contradiction }) <;>
    (try {
      -- Case: a ≥ b ∧ a ≥ c
      constructor
      · -- Prove a ≥ a, a ≥ b, a ≥ c
        constructor <;>
        (try { nlinarith }) <;>
        (try {
          norm_num at *
          <;>
          (try omega)
          <;>
          (try nlinarith)
        }) <;>
        (try {
          simp_all [Int.and_eq_max]
          <;>
          omega
        })
      · -- Prove a is one of a, b, c
        simp
    }) <;>
    (try {
      -- Case: ¬(a ≥ b ∧ a ≥ c) and b ≥ a ∧ b ≥ c
      constructor
      · -- Prove b ≥ a, b ≥ b, b ≥ c
        constructor <;>
        (try { nlinarith }) <;>
        (try {
          norm_num at *
          <;>
          (try omega)
          <;>
          (try nlinarith)
        }) <;>
        (try {
          simp_all [Int.and_eq_max]
          <;>
          omega
        })
      · -- Prove b is one of a, b, c
        simp
    }) <;>
    (try {
      -- Case: ¬(a ≥ b ∧ a ≥ c) and ¬(b ≥ a ∧ b ≥ c)
      have h₂ : (if a >= b && a >= c then a else if b >= a && b >= c then b else c) = c := by
        simp_all [Int.and_eq_max]
        <;>
        (try omega)
        <;>
        (try norm_num)
        <;>
        (try simp_all [Int.and_eq_max])
        <;>
        (try omega)
      have h₃ : c ≥ a := by
        by_cases h₄ : a < c
        · -- Subcase: a < c
          linarith
        · -- Subcase: a ≥ c
          have h₅ : a < b := by
            by_contra h₅
            -- If a ≥ b, then a ≥ b ∧ a ≥ c (since a ≥ c)
            have h₆ : a ≥ b := by linarith
            have h₇ : a >= b && a >= c := by
              simp_all [Int.and_eq_max]
              <;>
              (try omega)
              <;>
              (try norm_num)
              <;>
              (try simp_all [Int.and_eq_max])
              <;>
              (try omega)
            simp_all [Int.and_eq_max]
            <;>
            (try omega)
            <;>
            (try norm_num)
            <;>
            (try simp_all [Int.and_eq_max])
            <;>
            (try omega)
          have h₆ : b < c := by
            by_contra h₆
            -- If b ≥ c, then since a < b, we have b ≥ a ∧ b ≥ c
            have h₇ : b ≥ c := by linarith
            have h₈ : b >= a && b >= c := by
              simp_all [Int.and_eq_max]
              <;>
              (try omega)
              <;>
              (try norm_num)
              <;>
              (try simp_all [Int.and_eq_max])
              <;>
              (try omega)
            simp_all [Int.and_eq_max]
            <;>
            (try omega)
            <;>
            (try norm_num)
            <;>
            (try simp_all [Int.and_eq_max])
            <;>
            (try omega)
          linarith
      have h₄ : c ≥ b := by
        by_cases h₅ : b < c
        · -- Subcase: b < c
          linarith
        · -- Subcase: b ≥ c
          have h₆ : b < a := by
            by_contra h₆
            -- If b ≥ a, then since b ≥ c, we have b ≥ a ∧ b ≥ c
            have h₇ : b ≥ a := by linarith
            have h₈ : b >= a && b >= c := by
              simp_all [Int.and_eq_max]
              <;>
              (try omega)
              <;>
              (try norm_num)
              <;>
              (try simp_all [Int.and_eq_max])
              <;>
              (try omega)
            simp_all [Int.and_eq_max]
            <;>
            (try omega)
            <;>
            (try norm_num)
            <;>
            (try simp_all [Int.and_eq_max])
            <;>
            (try omega)
          have h₇ : a < c := by
            by_contra h₇
            -- If a ≥ c, then since a > b, we have a ≥ b ∧ a ≥ c
            have h₈ : a ≥ c := by linarith
            have h₉ : a >= b && a >= c := by
              have h₁₀ : a ≥ b := by linarith
              simp_all [Int.and_eq_max]
              <;>
              (try omega)
              <;>
              (try norm_num)
              <;>
              (try simp_all [Int.and_eq_max])
              <;>
              (try omega)
            simp_all [Int.and_eq_max]
            <;>
            (try omega)
            <;>
            (try norm_num)
            <;>
            (try simp_all [Int.and_eq_max])
            <;>
            (try omega)
          linarith
      -- Prove c ≥ a, c ≥ b, c ≥ c and c is one of a, b, c
      constructor
      · -- Prove c ≥ a, c ≥ b, c ≥ c
        constructor <;>
        (try { nlinarith }) <;>
        (try {
          norm_num at *
          <;>
          (try omega)
          <;>
          (try nlinarith)
        }) <;>
        (try {
          simp_all [Int.and_eq_max]
          <;>
          omega
        })
      · -- Prove c is one of a, b, c
        simp
    })
  exact h_main
","
",5184,187,179,165,0,False,4,21,False,False,1,18,1,0,0,6,0,0,0,2,24,0,0,0,1,12,15,True,7,0,False,False,True,False,dsimp,by_cases=2;by_contra=4;constructor=6;contradiction=1;dsimp=1;exact=1;have=18;linarith=9;nlinarith=6;norm_num=12;omega=24;rfl=1;rw=1;simp=3;simp_all=21;try=55
verina_advanced_41,model,goedel-prover-v2-8b,1.0,model,[],1e9a839737d91709985dc94b77a2a05edc06e2d0f3f8675f1b96986db1b19b46,"  have h_main : maxOfThree_postcond (a) (b) (c) (maxOfThree (a) (b) (c) h_precond) h_precond := by
    constructor
    · -- Prove that the result is >= a, >= b, >= c
      have h₁ : maxOfThree (a) (b) (c) h_precond = if a >= b && a >= c then a else if b >= a && b >= c then b else c := by
        rfl
      rw [h₁]
      split_ifs with h₂ h₃
      · -- Case 1: a >= b && a >= c
        constructor <;>
        (try constructor) <;>
        (try simp_all) <;>
        (try omega) <;>
        (try
          {
            cases' le_total a b with hab hab <;> cases' le_total a c with hac hac <;>
            cases' le_total b c with hbc hbc <;>
            simp_all [max_eq_left, max_eq_right, le_refl, le_of_lt, le_trans] <;>
            omega
          }) <;>
        omega
      · -- Case 2: b >= a && b >= c
        constructor <;>
        (try constructor) <;>
        (try simp_all) <;>
        (try omega) <;>
        (try
          {
            cases' le_total a b with hab hab <;> cases' le_total a c with hac hac <;>
            cases' le_total b c with hbc hbc <;>
            simp_all [max_eq_left, max_eq_right, le_refl, le_of_lt, le_trans] <;>
            omega
          }) <;>
        omega
      · -- Case 3: c >= a && c >= b
        constructor <;>
        (try constructor) <;>
        (try simp_all) <;>
        (try omega) <;>
        (try
          {
            cases' le_total a b with hab hab <;> cases' le_total a c with hac hac <;>
            cases' le_total b c with hbc hbc <;>
            simp_all [max_eq_left, max_eq_right, le_refl, le_of_lt, le_trans] <;>
            omega
          }) <;>
        omega
    · -- Prove that the result is one of a, b, or c
      have h₁ : maxOfThree (a) (b) (c) h_precond = if a >= b && a >= c then a else if b >= a && b >= c then b else c := by
        rfl
      rw [h₁]
      split_ifs with h₂ h₃
      · -- Case 1: a >= b && a >= c
        simp_all [maxOfThree_postcond]
        <;>
        (try omega) <;>
        (try aesop) <;>
        (try
          {
            cases' le_total a b with hab hab <;> cases' le_total a c with hac hac <;>
            cases' le_total b c with hbc hbc <;>
            simp_all [max_eq_left, max_eq_right, le_refl, le_of_lt, le_trans] <;>
            omega
          })
      · -- Case 2: b >= a && b >= c
        simp_all [maxOfThree_postcond]
        <;>
        (try omega) <;>
        (try aesop) <;>
        (try
          {
            cases' le_total a b with hab hab <;> cases' le_total a c with hac hac <;>
            cases' le_total b c with hbc hbc <;>
            simp_all [max_eq_left, max_eq_right, le_refl, le_of_lt, le_trans] <;>
            omega
          })
      · -- Case 3: c >= a && c >= b
        simp_all [maxOfThree_postcond]
        <;>
        (try omega) <;>
        (try aesop) <;>
        (try
          {
            cases' le_total a b with hab hab <;> cases' le_total a c with hac hac <;>
            cases' le_total b c with hbc hbc <;>
            simp_all [max_eq_left, max_eq_right, le_refl, le_of_lt, le_trans] <;>
            omega
          })
  exact h_main
","
",3105,88,88,66,0,False,0,12,False,False,2,3,1,0,0,7,0,0,0,0,15,0,3,0,2,0,0,True,3,0,False,False,True,False,have,aesop=3;constructor=7;exact=1;have=3;omega=15;rfl=2;rw=2;simp_all=12;try=21
verina_advanced_41,model,goedel-prover-v2-8b__avoid_unfold,1.0,model,[],fdd9545d509df84315dde14cf6e740038883d158a4ec436f67e94243845c2c5c,"  have h_main : maxOfThree_postcond (a) (b) (c) (maxOfThree (a) (b) (c) h_precond) h_precond := by
    simp only [maxOfThree_postcond, maxOfThree_precond, maxOfThree, maxOfThree_precond] at *
    split_ifs <;> simp_all [le_refl, le_of_lt]
    <;> norm_num <;>
    (try omega) <;>
    (try
      {
        by_cases h : a ≥ b <;> by_cases h' : a ≥ c <;> by_cases h'' : b ≥ c <;>
          by_cases h''' : b ≥ a <;> by_cases h'''' : c ≥ a <;> by_cases h''''' : c ≥ b <;>
            simp_all [max_eq_left, max_eq_right, le_refl, le_of_lt] <;>
            (try omega) <;>
            (try { aesop }) <;>
            (try {
              cases' le_total a b with hab hab <;> cases' le_total b c with hbc hbc <;> cases' le_total c a with hac hac <;>
                simp_all [max_eq_left, max_eq_right, le_refl, le_of_lt] <;>
                (try omega) <;>
                (try { aesop })
            })
      }) <;>
    (try {
      omega
    }) <;>
    (try {
      aesop
    }) <;>
    (try {
      norm_num
      <;> omega
    }) <;>
    (try {
      norm_num
      <;> omega
    }) <;>
    (try {
      omega
    })
    <;>
    (try {
      aesop
    })
    <;>
    (try {
      norm_num
      <;> omega
    })
    <;>
    (try {
      omega
    })
  exact h_main
","
",1264,50,50,44,0,False,1,3,True,True,0,1,1,0,0,0,0,0,0,6,9,0,4,0,0,4,0,True,2,0,False,False,True,False,have,aesop=4;by_cases=6;exact=1;have=1;norm_num=4;omega=9;simp=1;simp_all=3;try=15
verina_advanced_41,model,goedel-prover-v2-8b__hard_unfold,1.0,model,[],895d8a704f5b33775369c8ab2a09446606ba20718449fb3f8dfef7ac656ec232,"  unfold maxOfThree maxOfThree_postcond
  have h_main : (maxOfThree (a) (b) (c) h_precond >= a ∧ maxOfThree (a) (b) (c) h_precond >= b ∧ maxOfThree (a) (b) (c) h_precond >= c) ∧ (maxOfThree (a) (b) (c) h_precond = a ∨ maxOfThree (a) (b) (c) h_precond = b ∨ maxOfThree (a) (b) (c) h_precond = c) := by
    dsimp only [maxOfThree, maxOfThree_precond, maxOfThree_postcond] at h_precond ⊢
    split_ifs at * <;>
    (try { contradiction }) <;>
    (try { simp_all }) <;>
    (try { omega }) <;>
    (try {
      aesop
    }) <;>
    (try {
      by_cases h : a ≥ b <;> by_cases h' : a ≥ c <;> by_cases h'' : b ≥ a <;> by_cases h''' : b ≥ c <;> simp_all [Int.le_of_lt, Int.le_of_lt] <;> omega
    }) <;>
    (try {
      by_cases h : a ≥ b <;> by_cases h' : a ≥ c <;> by_cases h'' : b ≥ a <;> by_cases h''' : b ≥ c <;> simp_all [Int.le_of_lt, Int.le_of_lt] <;> omega
    })
    <;>
    (try {
      by_cases h : a ≥ b <;> by_cases h' : a ≥ c <;> by_cases h'' : b ≥ a <;> by_cases h''' : b ≥ c <;> simp_all [Int.le_of_lt, Int.le_of_lt] <;> omega
    })
    <;>
    (try {
      by_cases h : a ≥ b <;> by_cases h' : a ≥ c <;> by_cases h'' : b ≥ a <;> by_cases h''' : b ≥ c <;> simp_all [Int.le_of_lt, Int.le_of_lt] <;> omega
    })

  exact h_main
","
",1241,26,25,40,1,True,1,5,True,False,0,1,1,0,0,0,0,0,0,16,5,0,1,0,0,0,0,True,8,0,False,False,True,False,unfold,aesop=1;by_cases=16;contradiction=1;dsimp=1;exact=1;have=1;omega=5;simp_all=5;try=8;unfold=1
verina_advanced_6,model,deepseek-prover-v2-7b,0.0,model,[],0487a1c2537563bb1b89bda13bf9bbd1f00a835473591118cb0edc2179cc4a19,"  have h_main : allVowels (s) h_precond = (List.all ['a', 'e', 'i', 'o', 'u'] (fun v => (normalize_str s).contains v)) := by
    unfold allVowels
    <;> simp [List.all_cons, List.all_nil, List.map]
    <;> rfl

  have h_final : allVowels_postcond (s) (allVowels (s) h_precond) h_precond := by
    simp only [allVowels_postcond, h_main]
    <;>
    aesop

  apply h_final
","
",372,11,9,8,1,True,2,0,False,True,0,2,0,1,0,0,0,0,0,0,0,0,1,0,1,0,0,True,3,1,True,False,True,False,have,aesop=1;apply=1;have=2;rfl=1;simp=2;unfold=1
verina_advanced_6,model,deepseek-prover-v2-7b__hard_unfold,1.0,model,[],a1d6986592d809fef3d08ee6fd564625224c308dcd431e8935cfb150fd186067,"  unfold allVowels allVowels_postcond
  have h_main : allVowels (s) h_precond = List.all (['a', 'e', 'i', 'o', 'u'] : List Char) (fun v => (normalize_str s).contains v) := by
    unfold allVowels
    <;> simp_all [List.all_cons, List.all_nil]
    <;> rfl

  have h_final : allVowels_postcond s (allVowels s h_precond) h_precond := by
    simp_all [allVowels_postcond]
    <;> aesop

  exact h_final
","
",399,11,9,9,2,True,0,2,False,False,0,2,1,0,0,0,0,0,0,0,0,0,1,0,1,0,0,True,4,1,True,False,True,False,unfold,aesop=1;exact=1;have=2;rfl=1;simp_all=2;unfold=2
verina_advanced_6,model,goedel-prover-v2-32b,0.0,model,[],c62eddba911648e391360bf4b3ddaf3927a17995aa2fa81f21a9a47f601b1013,"  have h_main : allVowels_postcond (s) (allVowels (s) h_precond) h_precond := by
    dsimp only [allVowels_postcond, allVowels]
    <;>
    (try simp_all) <;>
    (try
      {
        -- Use the fact that the Boolean and Propositional `all` are equivalent
        cases (List.all ['a', 'e', 'i', 'o', 'u'] (fun v => (normalize_str s).contains v) : Bool) <;>
        simp_all [List.all_iff]
        <;>
        (try
          {
            -- For each case, check that the equivalence holds
            aesop
          })
      }) <;>
    (try
      {
        -- Use `decide` to automatically check the equivalence
        decide
      })
  exact h_main
","
",653,22,19,12,0,False,1,2,True,False,0,1,1,0,0,0,1,0,0,0,0,1,1,0,0,0,0,True,2,1,True,False,True,False,have,aesop=1;cases=1;decide=1;dsimp=1;exact=1;have=1;simp_all=2;try=4
verina_advanced_6,model,goedel-prover-v2-8b,1.0,model,[],a0e5510c7c83da7dd86eb56c029007f53b46dc717867355e3d90e6cc240f8ab3,"  have h_main : allVowels_postcond (s) (allVowels (s) h_precond) h_precond := by
    dsimp [allVowels_postcond, allVowels]
    <;> simp_all [List.all_cons, List.all_nil, List.mem_cons, List.mem_singleton]
    <;>
    (try aesop) <;>
    (try simp_all [Char.toNat_add, Char.toNat_zero, Char.toNat_succ, Nat.mod_eq_of_lt]) <;>
    (try norm_num) <;>
    (try aesop)
    <;>
    (try
      {
        aesop
      })
    <;>
    (try
      {
        simp_all [Char.toNat_add, Char.toNat_zero, Char.toNat_succ, Nat.mod_eq_of_lt]
        <;>
        aesop
      })
    <;>
    (try
      {
        norm_num
        <;>
        aesop
      })
    <;>
    (try
      {
        aesop
      })

  exact h_main
","
",699,34,33,22,0,False,1,3,True,False,0,1,1,0,0,0,0,0,0,0,0,0,6,0,0,2,0,True,2,0,False,False,True,False,have,aesop=6;dsimp=1;exact=1;have=1;norm_num=2;simp_all=3;try=8
verina_advanced_6,model,goedel-prover-v2-8b__avoid_unfold,0.0,model,[],02bea86b26d2836ee97d898067d42f69b650e4187a951a2392c4912834566431,"  have h₁ : allVowels_postcond (s) (allVowels (s) h_precond) h_precond := by
    dsimp [allVowels_postcond, allVowels]
    <;> rfl
  exact h₁
","
",142,4,4,4,0,False,1,0,True,False,0,1,1,0,0,0,0,0,0,0,0,0,0,0,1,0,0,False,2,0,False,False,True,False,have,dsimp=1;exact=1;have=1;rfl=1
verina_advanced_6,model,goedel-prover-v2-8b__hard_unfold,0.0,model,[],ed1a9103c71a7197165fe346e37568452afb293bb82ef89b801a97db57a53203,"  unfold allVowels allVowels_postcond
  have h_main : allVowels_postcond (s) (allVowels (s) h_precond) h_precond := by
    dsimp [allVowels_postcond, allVowels, allVowels_precond] at *
    <;>
    (try trivial) <;>
    (try simp_all) <;>
    (try aesop) <;>
    (try ring_nf) <;>
    (try norm_num) <;>
    (try simp_all [Char.toNat_add, Char.toNat_zero, Nat.add_assoc]) <;>
    (try aesop) <;>
    (try ring_nf) <;>
    (try norm_num) <;>
    (try simp_all [Char.toNat_add, Char.toNat_zero, Nat.add_assoc]) <;>
    (try aesop)
    <;>
    simp_all [Char.toNat_add, Char.toNat_zero, Nat.add_assoc]
    <;>
    aesop

  exact h_main
","
",632,21,20,28,1,True,1,4,True,False,0,1,1,0,0,0,0,0,0,0,0,0,4,0,0,2,0,True,3,0,False,False,True,False,unfold,aesop=4;dsimp=1;exact=1;have=1;norm_num=2;ring_nf=2;simp_all=4;trivial=1;try=11;unfold=1
verina_advanced_6,model,goedel-prover-v2-8b__unfold,0.0,model,[],32634d9a74b87dc8a4ea84d51b57c3da52e7aee1dc7d9de9060ac0e7ebb2a12e,"  have h₁ : allVowels_postcond s (allVowels s h_precond) h_precond := by
    dsimp [allVowels_postcond, allVowels, normalize_str, List.all_cons, List.all_nil]
    <;> aesop

  exact h₁
","
",185,5,4,4,0,False,1,0,True,False,0,1,1,0,0,0,0,0,0,0,0,0,1,0,0,0,0,True,2,1,True,False,True,False,have,aesop=1;dsimp=1;exact=1;have=1
verina_advanced_6,model,qwen3-14b__neutral,0.0,model,[],4916b09172993df0e5f91fda532b15f0b54e18396130fda758dce165eeae4198,"  unfold allVowels allVowels_postcond
  simp_all
","
",49,2,2,2,1,True,0,1,False,False,0,0,0,0,0,0,0,0,0,0,0,0,0,0,0,0,0,True,1,0,False,False,False,False,unfold,simp_all=1;unfold=1
verina_advanced_6,model,qwen3-32b,2.0,model,[],217897776183ccbce3df29d27e053858b9ad0d85417504663fae1d616227c276,"  unfold allVowels allVowels_postcond
  rfl
","
",44,2,2,2,1,True,0,0,False,False,0,0,0,0,0,0,0,0,0,0,0,0,0,0,1,0,0,False,1,0,False,False,False,False,unfold,rfl=1;unfold=1
verina_advanced_72,model,goedel-prover-v2-8b,3.0,model,[],543622c4cffa8714dd0bf7ebe6fbc1e9ae5f14e57f881dd0de7cab118654a1d6,"  have h_main : singleDigitPrimeFactor_postcond (n) (singleDigitPrimeFactor (n) h_precond) h_precond := by
    have h₁ : singleDigitPrimeFactor (n) h_precond ∈ ([0, 2, 3, 5, 7] : List Nat) := by
      by_cases hn : n = 0
      · -- Case n = 0
        rw [hn]
        simp [singleDigitPrimeFactor]
        <;> aesop
      · -- Case n ≠ 0
        have h₂ : n ≠ 0 := hn
        have h₃ : singleDigitPrimeFactor (n) h_precond = if n % 2 = 0 then 2 else if n % 3 = 0 then 3 else if n % 5 = 0 then 5 else if n % 7 = 0 then 7 else 0 := by
          simp [singleDigitPrimeFactor, h₂, Nat.mod_eq_of_lt]
          <;> aesop
        rw [h₃]
        split_ifs <;> simp_all (config := {decide := true})
        <;> aesop

    have h₂ : (singleDigitPrimeFactor (n) h_precond = 0 → (n = 0 ∨ [2, 3, 5, 7].all (n % · ≠ 0))) ∧ (singleDigitPrimeFactor (n) h_precond ≠ 0 → n ≠ 0 ∧ n % singleDigitPrimeFactor (n) h_precond = 0 ∧ (List.range (singleDigitPrimeFactor (n) h_precond)).all (fun x => x ∈ ([2, 3, 5, 7] : List Nat) → n % x ≠ 0)) := by
      by_cases hn : n = 0
      · -- Case n = 0
        have h₃ : singleDigitPrimeFactor (n) h_precond = 0 := by
          simp [singleDigitPrimeFactor, hn]
          <;> aesop
        constructor
        · -- Prove the first part of the conjunction
          intro h₄
          simp_all
        · -- Prove the second part of the conjunction
          intro h₄
          simp_all
          <;> aesop
      · -- Case n ≠ 0
        have h₃ : n ≠ 0 := hn
        have h₄ : singleDigitPrimeFactor (n) h_precond = if n % 2 = 0 then 2 else if n % 3 = 0 then 3 else if n % 5 = 0 then 5 else if n % 7 = 0 then 7 else 0 := by
          simp [singleDigitPrimeFactor, h₃, Nat.mod_eq_of_lt]
          <;> aesop
        constructor
        · -- Prove the first part of the conjunction
          intro h₅
          have h₆ : singleDigitPrimeFactor (n) h_precond = 0 := h₅
          have h₇ : ¬n % 2 = 0 := by
            by_contra h₇
            have h₈ : n % 2 = 0 := h₇
            rw [h₄] at h₆
            split_ifs at h₆ <;> simp_all (config := {decide := true})
            <;> omega
          have h₈ : ¬n % 3 = 0 := by
            by_contra h₈
            have h₉ : n % 3 = 0 := h₈
            rw [h₄] at h₆
            split_ifs at h₆ <;> simp_all (config := {decide := true})
            <;> omega
          have h₉ : ¬n % 5 = 0 := by
            by_contra h₉
            have h₁₀ : n % 5 = 0 := h₉
            rw [h₄] at h₆
            split_ifs at h₆ <;> simp_all (config := {decide := true})
            <;> omega
          have h₁₀ : ¬n % 7 = 0 := by
            by_contra h₁₀
            have h₁₁ : n % 7 = 0 := h₁₀
            rw [h₄] at h₆
            split_ifs at h₆ <;> simp_all (config := {decide := true})
            <;> omega
          have h₁₁ : [2, 3, 5, 7].all (n % · ≠ 0) := by
            simp [List.all_cons, List.all_nil]
            <;> simp_all [Nat.mod_eq_of_lt]
            <;> omega
          exact Or.inr h₁₁
        · -- Prove the second part of the conjunction
          intro h₅
          have h₆ : singleDigitPrimeFactor (n) h_precond ≠ 0 := h₅
          have h₇ : singleDigitPrimeFactor (n) h_precond = if n % 2 = 0 then 2 else if n % 3 = 0 then 3 else if n % 5 = 0 then 5 else if n % 7 = 0 then 7 else 0 := by
            simp [singleDigitPrimeFactor, h₃, Nat.mod_eq_of_lt]
            <;> aesop
          have h₈ : n % singleDigitPrimeFactor (n) h_precond = 0 := by
            rw [h₇]
            split_ifs with h₈ h₉ h₁₀ h₁₁
            · -- Case n % 2 = 0
              omega
            · -- Case n % 3 = 0
              omega
            · -- Case n % 5 = 0
              omega
            · -- Case n % 7 = 0
              omega
            · -- Case none of the above
              exfalso
              simp_all (config := {decide := true})
          have h₉ : n ≠ 0 := by
            intro h₉
            simp_all
          have h₁₀ : (List.range (singleDigitPrimeFactor (n) h_precond)).all (fun x => x ∈ ([2, 3, 5, 7] : List Nat) → n % x ≠ 0) := by
            rw [h₇]
            split_ifs with h₁₀ h₁₁ h₁₂ h₁₃
            · -- Case n % 2 = 0
              simp_all [List.range_succ, List.all_cons, List.all_nil]
              <;> norm_num
              <;>
                (try omega) <;>
                (try
                  {
                    intros x hx
                    simp_all (config := {decide := true})
                    <;> omega
                  })
            · -- Case n % 3 = 0
              simp_all [List.range_succ, List.all_cons, List.all_nil]
              <;> norm_num
              <;>
                (try omega) <;>
                (try
                  {
                    intros x hx
                    simp_all (config := {decide := true})
                    <;> omega
                  })
            · -- Case n % 5 = 0
              simp_all [List.range_succ, List.all_cons, List.all_nil]
              <;> norm_num
              <;>
                (try omega) <;>
                (try
                  {
                    intros x hx
                    simp_all (config := {decide := true})
                    <;> omega
                  })
            · -- Case n % 7 = 0
              simp_all [List.range_succ, List.all_cons, List.all_nil]
              <;> norm_num
              <;>
                (try omega) <;>
                (try
                  {
                    intros x hx
                    simp_all (config := {decide := true})
                    <;> omega
                  })
            · -- Case none of the above
              exfalso
              simp_all (config := {decide := true})
          exact ⟨h₉, h₈, h₁₀⟩

    have h₃ : singleDigitPrimeFactor_postcond (n) (singleDigitPrimeFactor (n) h_precond) h_precond := by
      simp_all [singleDigitPrimeFactor_postcond]
      <;> aesop
    exact h₃
  exact h_main
","
",5862,148,146,129,0,False,6,20,True,False,8,24,4,0,9,2,0,0,0,2,17,11,8,0,0,4,0,True,20,0,False,False,True,False,have,aesop=8;by_cases=2;by_contra=4;constructor=2;decide=11;exact=4;exfalso=2;have=24;intro=5;intros=4;norm_num=4;omega=17;rw=8;simp=6;simp_all=20;try=8
verina_basic_1,model,deepseek-prover-v2-7b,3.0,model,[],8c93bb5ba45b166bf1d2a2ad778dac285ffd12c71501ca2b241ebede1a6e3f46,"  have h_main₁ : (((a < 0 ∧ b > 0) ∨ (a > 0 ∧ b < 0)) → hasOppositeSign a b h_precond = true) := by
    intro h
    have h₁ : hasOppositeSign a b h_precond = true := by
      cases h with
      | inl h =>
        -- Case: a < 0 and b > 0
        have h₂ : a * b < 0 := by
          nlinarith
        simp_all [hasOppositeSign, h_precond]
        <;> norm_num at * <;>
        (try omega) <;>
        (try omega) <;>
        aesop
      | inr h =>
        -- Case: a > 0 and b < 0
        have h₂ : a * b < 0 := by
          nlinarith
        simp_all [hasOppositeSign, h_precond]
        <;> norm_num at * <;>
        (try omega) <;>
        (try omega) <;>
        aesop
    exact h₁
  have h_main₂ : (¬((a < 0 ∧ b > 0) ∨ (a > 0 ∧ b < 0)) → hasOppositeSign a b h_precond = false) := by
    intro h
    have h₁ : hasOppositeSign a b h_precond = false := by
      have h₂ : hasOppositeSign a b h_precond = false := by
        by_cases h₃ : a < 0 <;> by_cases h₄ : b > 0 <;> by_cases h₅ : a > 0 <;> by_cases h₆ : b < 0 <;>
          simp_all [hasOppositeSign, h_precond, Int.mul_emod]
          <;>
          (try omega) <;>
          (try {
            aesop
          }) <;>
          (try {
            norm_num at *
            <;>
            (try omega) <;>
            (try nlinarith)
          })
        <;>
        (try {
          simp_all
          <;> norm_num <;> nlinarith
        })
        <;>
        (try {
          exfalso
          aesop
        })
        <;>
        (try {
          aesop
        })
        <;>
        (try {
          norm_num at *
          <;> nlinarith
        })
        <;>
        (try {
          aesop
        })
        <;>
        (try {
          omega
        })
      exact h₂
    exact h₁
  constructor
  · -- First condition: if the condition holds, then the result is true
    intro h
    simpa [hasOppositeSign, h_precond] using h_main₁ h
  · -- Second condition: if the condition does not hold, then the result is false
    intro h
    simpa [hasOppositeSign, h_precond] using h_main₂ h
","
",2047,76,74,63,0,False,0,4,True,False,0,7,3,0,4,1,1,0,0,4,7,0,6,0,0,5,5,True,10,0,False,False,True,False,have,aesop=6;by_cases=4;cases=1;constructor=1;exact=3;exfalso=1;have=7;intro=4;nlinarith=5;norm_num=5;omega=7;simp_all=4;try=15
verina_basic_1,model,deepseek-prover-v2-7b__hard_unfold,3.0,model,[],ff638b3c10c12125d6fa25593fb16b78858275e6b5ccfaf63a9bc62b2d1c5514,"  unfold hasOppositeSign hasOppositeSign_postcond
  have h_main : hasOppositeSign_postcond a b (hasOppositeSign a b h_precond) h_precond := by
    constructor
    · -- First implication: if (a < 0 ∧ b > 0) ∨ (a > 0 ∧ b < 0), then a * b < 0
      intro h
      -- Consider the two cases of h
      cases h with
      | inl h =>
        -- Case: a < 0 ∧ b > 0
        have h₁ : a < 0 := h.1
        have h₂ : b > 0 := h.2
        have h₃ : a * b < 0 := by
          -- Since a < 0 and b > 0, a * b < 0
          nlinarith [mul_self_nonneg a, mul_self_nonneg b]
        simpa [hasOppositeSign] using h₃
      | inr h =>
        -- Case: a > 0 ∧ b < 0
        have h₁ : a > 0 := h.1
        have h₂ : b < 0 := h.2
        have h₃ : a * b < 0 := by
          -- Since a > 0 and b < 0, a * b < 0
          nlinarith [mul_self_nonneg a, mul_self_nonneg b]
        simpa [hasOppositeSign] using h₃
    · -- Second implication: if ¬((a < 0 ∧ b > 0) ∨ (a > 0 ∧ b < 0)), then not (a * b < 0)
      intro h
      -- Simplify the negation using classical reasoning
      have h₁ : ¬((a < 0 ∧ b > 0) ∨ (a > 0 ∧ b < 0)) := h
      have h₂ : ¬(a * b < 0) := by
        intro h₃
        apply h₁
        -- If a * b < 0, then a and b have opposite signs
        have h₄ : (a < 0 ∧ b > 0) ∨ (a > 0 ∧ b < 0) := by
          by_cases h₅ : a > 0
          · -- Case a > 0
            have h₆ : b < 0 := by
              by_contra h₆
              -- If b ≥ 0, then a * b ≥ 0, which contradicts a * b < 0
              have h₇ : b ≥ 0 := by linarith
              have h₈ : a * b ≥ 0 := by nlinarith
              nlinarith
            exact Or.inr ⟨h₅, h₆⟩
          · -- Case a ≤ 0
            have h₅ : a ≤ 0 := by nlinarith
            by_cases h₆ : a < 0
            · -- Case a < 0
              have h₇ : b > 0 := by
                by_contra h₇
                have h₈ : b ≤ 0 := by nlinarith
                have h₉ : a * b ≥ 0 := by
                  have h₁₀ : a * b ≤ 0 := by nlinarith
                  nlinarith
                nlinarith
              exact Or.inl ⟨h₆, h₇⟩
            · -- Case a = 0
              have h₆ : a = 0 := by nlinarith
              rw [h₆] at h₃
              have h₇ : (0 : ℤ) * b < 0 := by simpa [h₆] using h₃
              norm_num at h₇
              <;> simp_all
        exact h₄
      simpa [hasOppositeSign] using h₂
  exact h_main
","
",2361,62,54,49,1,True,0,1,False,False,1,20,4,1,3,1,1,0,0,2,0,0,0,0,0,1,11,True,5,0,False,False,True,False,unfold,apply=1;by_cases=2;by_contra=2;cases=1;constructor=1;exact=4;have=20;intro=3;linarith=1;nlinarith=10;norm_num=1;rw=1;simp_all=1;unfold=1
verina_basic_1,model,goedel-prover-v2-32b,0.0,model,[],73d4e65f75587fc84aa05f50aa6a5cf9175676307fe021f29350446a1d53826a,"  have h_main : (((a < 0 ∧ b > 0) ∨ (a > 0 ∧ b < 0)) → (a * b < 0)) ∧ (¬((a < 0 ∧ b > 0) ∨ (a > 0 ∧ b < 0)) → ¬(a * b < 0)) := by
    constructor
    · -- Prove the first direction: if (a < 0 ∧ b > 0) ∨ (a > 0 ∧ b < 0), then a * b < 0
      intro h
      cases h with
      | inl h =>
        -- Case: a < 0 ∧ b > 0
        have h₁ : a < 0 := h.1
        have h₂ : b > 0 := h.2
        have h₃ : a * b < 0 := by
          nlinarith
        exact h₃
      | inr h =>
        -- Case: a > 0 ∧ b < 0
        have h₁ : a > 0 := h.1
        have h₂ : b < 0 := h.2
        have h₃ : a * b < 0 := by
          nlinarith
        exact h₃
    · -- Prove the second direction: if ¬((a < 0 ∧ b > 0) ∨ (a > 0 ∧ b < 0)), then ¬(a * b < 0)
      intro h
      by_contra h₁
      -- Assume a * b < 0 and derive a contradiction
      have h₂ : a * b < 0 := by
        exact h₁
      -- Since a * b < 0, one of a or b is positive and the other is negative
      have h₃ : (a < 0 ∧ b > 0) ∨ (a > 0 ∧ b < 0) := by
        by_cases h₄ : a > 0
        · -- Case: a > 0
          have h₅ : b < 0 := by
            by_contra h₅
            -- If b ≥ 0, then a * b ≥ 0, contradicting a * b < 0
            have h₆ : b ≥ 0 := by linarith
            have h₇ : a * b ≥ 0 := by nlinarith
            linarith
          exact Or.inr ⟨h₄, h₅⟩
        · -- Case: a ≤ 0
          by_cases h₅ : a < 0
          · -- Subcase: a < 0
            have h₆ : b > 0 := by
              by_contra h₆
              -- If b ≤ 0, then a * b ≥ 0, contradicting a * b < 0
              have h₇ : b ≤ 0 := by linarith
              have h₈ : a * b ≥ 0 := by nlinarith
              linarith
            exact Or.inl ⟨h₅, h₆⟩
          · -- Subcase: a = 0
            have h₆ : a = 0 := by
              linarith
            rw [h₆] at h₂
            norm_num at h₂ ⊢
            <;> simp_all
            <;> linarith
      -- Contradiction with the assumption ¬((a < 0 ∧ b > 0) ∨ (a > 0 ∧ b < 0))
      exact h h₃
  -- Simplify the goal using the main result and definitions
  simp_all [hasOppositeSign_precond, hasOppositeSign, hasOppositeSign_postcond]
  <;>
  (try tauto) <;>
  (try norm_num) <;>
  (try aesop)
","
",2168,61,53,51,0,False,0,2,True,False,1,16,6,0,2,1,1,0,0,2,0,0,1,0,0,2,10,True,1,0,False,False,False,False,have,aesop=1;by_cases=2;by_contra=3;cases=1;constructor=1;exact=6;have=16;intro=2;linarith=6;nlinarith=4;norm_num=2;rw=1;simp_all=2;tauto=1;try=3
verina_basic_1,model,goedel-prover-v2-8b,1.0,model,[],4749806959fb59f87045b53dbee6b7e90e17abfdb0a5c8afb745ce59994a2ffd,"  have h_main : (((a < 0 ∧ b > 0) ∨ (a > 0 ∧ b < 0)) → (hasOppositeSign (a) (b) h_precond = true)) ∧ (¬((a < 0 ∧ b > 0) ∨ (a > 0 ∧ b < 0)) → (hasOppositeSign (a) (b) h_precond = false)) := by
    constructor
    · -- Prove the first implication: if (a < 0 ∧ b > 0) ∨ (a > 0 ∧ b < 0), then hasOppositeSign (a) (b) h_precond = true
      intro h
      have h₁ : a * b < 0 := by
        -- Consider the two cases in the disjunction
        cases h with
        | inl h =>
          -- Case: a < 0 and b > 0
          have h₂ : a < 0 := h.1
          have h₃ : b > 0 := h.2
          have h₄ : a * b < 0 := by
            nlinarith
          exact h₄
        | inr h =>
          -- Case: a > 0 and b < 0
          have h₂ : a > 0 := h.1
          have h₃ : b < 0 := h.2
          have h₄ : a * b < 0 := by
            nlinarith
          exact h₄
      -- Use the definition of hasOppositeSign to show the result is true
      have h₂ : hasOppositeSign (a) (b) h_precond = true := by
        rw [hasOppositeSign]
        simp [h₁]
      exact h₂
    · -- Prove the second implication: if ¬((a < 0 ∧ b > 0) ∨ (a > 0 ∧ b < 0)), then hasOppositeSign (a) (b) h_precond = false
      intro h
      have h₁ : ¬((a < 0 ∧ b > 0) ∨ (a > 0 ∧ b < 0)) := h
      have h₂ : a * b ≥ 0 := by
        by_cases h₃ : a < 0 ∧ b > 0
        · -- Case: a < 0 and b > 0 (this contradicts h₁)
          exfalso
          apply h₁
          exact Or.inl h₃
        · by_cases h₄ : a > 0 ∧ b < 0
          · -- Case: a > 0 and b < 0 (this contradicts h₁)
            exfalso
            apply h₁
            exact Or.inr h₄
          · -- Case: neither (a < 0 and b > 0) nor (a > 0 and b < 0)
            have h₅ : ¬(a < 0 ∧ b > 0) := h₃
            have h₆ : ¬(a > 0 ∧ b < 0) := h₄
            -- Use the fact that the product of two non-positive or non-negative numbers is non-negative
            by_cases h₇ : a < 0
            · -- Subcase: a < 0
              by_cases h₈ : b < 0
              · -- Subcase: a < 0 and b < 0
                have h₉ : a * b ≥ 0 := by
                  nlinarith
                exact h₉
              · -- Subcase: a < 0 and b ≥ 0
                by_cases h₉ : b > 0
                · -- Subcase: a < 0 and b > 0 (contradicts h₅)
                  exfalso
                  apply h₅
                  exact ⟨h₇, h₉⟩
                · -- Subcase: a < 0 and b = 0
                  have h₁₀ : b = 0 := by
                    omega
                  rw [h₁₀]
                  nlinarith
            · -- Subcase: a ≥ 0
              by_cases h₈ : b < 0
              · -- Subcase: a ≥ 0 and b < 0
                by_cases h₉ : a > 0
                · -- Subcase: a > 0 and b < 0 (contradicts h₆)
                  exfalso
                  apply h₆
                  exact ⟨h₉, h₈⟩
                · -- Subcase: a = 0 and b < 0
                  have h₁₀ : a = 0 := by
                    omega
                  rw [h₁₀]
                  nlinarith
              · -- Subcase: a ≥ 0 and b ≥ 0
                by_cases h₉ : b > 0
                · -- Subcase: a ≥ 0 and b > 0
                  by_cases h₁₀ : a > 0
                  · -- Subcase: a > 0 and b > 0
                    have h₁₁ : a * b > 0 := by
                      nlinarith
                    nlinarith
                  · -- Subcase: a = 0 and b > 0
                    have h₁₀ : a = 0 := by
                      omega
                    rw [h₁₀]
                    nlinarith
                · -- Subcase: a ≥ 0 and b = 0
                  have h₁₀ : b = 0 := by
                    omega
                  rw [h₁₀]
                  nlinarith
      -- Use the definition of hasOppositeSign to show the result is false
      have h₃ : hasOppositeSign (a) (b) h_precond = false := by
        rw [hasOppositeSign]
        simp [h₂]
        <;>
        (try omega) <;>
        (try nlinarith)
      exact h₃
  -- Use the main result to prove the theorem
  simpa [hasOppositeSign_postcond] using h_main
","
",3980,103,96,75,0,False,2,0,False,False,6,20,9,4,2,1,1,0,0,9,5,0,0,0,0,0,10,True,6,0,False,False,True,False,have,apply=4;by_cases=9;cases=1;constructor=1;exact=9;exfalso=4;have=20;intro=2;nlinarith=10;omega=5;rw=6;simp=2;try=2
verina_basic_1,model,goedel-prover-v2-8b__avoid_unfold,1.0,model,[],1af321dc70618c4556af591e0d0f732ce54c85cba82d7db65afeab33be304020,"  have h₁ : ((a < 0 ∧ b > 0) ∨ (a > 0 ∧ b < 0)) → (a * b < 0) := by
    intro h
    have h₂ : a * b < 0 := by
      cases h with
      | inl h =>
        -- Case: a < 0 and b > 0
        have h₃ : a < 0 := h.1
        have h₄ : b > 0 := h.2
        have h₅ : a * b < 0 := by
          nlinarith
        exact h₅
      | inr h =>
        -- Case: a > 0 and b < 0
        have h₃ : a > 0 := h.1
        have h₄ : b < 0 := h.2
        have h₅ : a * b < 0 := by
          nlinarith
        exact h₅
    exact h₂

  have h₂ : (¬((a < 0 ∧ b > 0) ∨ (a > 0 ∧ b < 0))) → ¬(a * b < 0) := by
    intro h
    by_contra h₃
    -- Assume a * b < 0 and derive a contradiction
    have h₄ : a * b < 0 := by simpa using h₃
    -- Consider the cases where a and b have the same sign or one of them is zero
    have h₅ : (a < 0 ∧ b > 0) ∨ (a > 0 ∧ b < 0) := by
      by_cases h₅ : a < 0
      · -- Case: a < 0
        by_cases h₆ : b > 0
        · -- Subcase: b > 0
          exact Or.inl ⟨h₅, h₆⟩
        · -- Subcase: b ≤ 0
          have h₇ : b ≤ 0 := by linarith
          have h₈ : a > 0 := by
            by_contra h₈
            have h₉ : a ≤ 0 := by linarith
            have h₁₀ : a * b ≥ 0 := by
              nlinarith
            linarith
          have h₉ : b < 0 := by
            by_contra h₉
            have h₁₀ : b ≥ 0 := by linarith
            have h₁₁ : a * b ≥ 0 := by
              nlinarith
            linarith
          exact Or.inr ⟨h₈, h₉⟩
      · -- Case: a ≥ 0
        have h₆ : a ≥ 0 := by linarith
        by_cases h₇ : b > 0
        · -- Subcase: b > 0
          have h₈ : a > 0 := by
            by_contra h₈
            have h₉ : a = 0 := by
              by_contra h₉
              have h₁₀ : a < 0 := by
                omega
              omega
            rw [h₉] at h₄
            norm_num at h₄ ⊢
            <;> linarith
          have h₉ : a > 0 := h₈
          have h₁₀ : b > 0 := h₇
          have h₁₁ : a * b > 0 := by nlinarith
          linarith
        · -- Subcase: b ≤ 0
          have h₈ : b ≤ 0 := by linarith
          by_cases h₉ : a > 0
          · -- Subcase: a > 0
            have h₁₀ : b < 0 := by
              by_contra h₁₀
              have h₁₁ : b ≥ 0 := by linarith
              have h₁₂ : a * b ≥ 0 := by nlinarith
              linarith
            exact Or.inr ⟨h₉, h₁₀⟩
          · -- Subcase: a ≤ 0
            have h₁₀ : a ≤ 0 := by linarith
            have h₁₁ : a * b ≥ 0 := by
              nlinarith
            linarith
    -- Contradiction arises as h₅ contradicts h
    exact h h₅

  simp_all [hasOppositeSign_postcond, hasOppositeSign, hasOppositeSign_precond]
  <;> aesop
","
",2636,85,78,77,0,False,0,1,True,False,1,31,7,0,2,0,1,0,0,4,2,0,1,0,0,1,20,True,1,0,False,False,False,False,have,aesop=1;by_cases=4;by_contra=6;cases=1;exact=7;have=31;intro=2;linarith=13;nlinarith=7;norm_num=1;omega=2;rw=1;simp_all=1
verina_basic_1,model,goedel-prover-v2-8b__hard_unfold,1.0,model,[],7ec9ba41b8524b39be0678a1d123f344d2b416cf23310a685ee95215b4636eea,"  unfold hasOppositeSign hasOppositeSign_postcond
  have h_main : hasOppositeSign_postcond (a) (b) (hasOppositeSign (a) (b) h_precond) h_precond := by
    dsimp only [hasOppositeSign, hasOppositeSign_postcond, hasOppositeSign_precond] at *
    <;>
    (try constructor) <;>
    (try simp_all) <;>
    (try
      {
        by_cases h₁ : a < 0 <;> by_cases h₂ : b < 0 <;> by_cases h₃ : a > 0 <;> by_cases h₄ : b > 0 <;>
          simp_all [mul_comm, mul_assoc, mul_left_comm, Int.mul_emod, Int.add_emod, Int.sub_emod]
        <;>
          (try omega) <;>
          (try
            {
              nlinarith
            }) <;>
          (try
            {
              aesop
            })
      }) <;>
    (try
      {
        by_cases h₁ : a < 0 <;> by_cases h₂ : b < 0 <;> by_cases h₃ : a > 0 <;> by_cases h₄ : b > 0 <;>
          simp_all [mul_comm, mul_assoc, mul_left_comm, Int.mul_emod, Int.add_emod, Int.sub_emod]
        <;>
          (try omega) <;>
          (try
            {
              nlinarith
            }) <;>
          (try
            {
              aesop
            })
      }) <;>
    (try
      {
        aesop
      }) <;>
    (try
      {
        omega
      })
  exact h_main
","
",1208,45,45,36,1,True,1,3,True,False,0,1,1,0,0,1,0,0,0,8,3,0,3,0,0,0,2,True,3,0,False,False,True,False,unfold,aesop=3;by_cases=8;constructor=1;dsimp=1;exact=1;have=1;nlinarith=2;omega=3;simp_all=3;try=12;unfold=1
verina_basic_10,model,goedel-prover-v2-8b__avoid_unfold,3.0,model,[],0dfe4f6811c4a29af2a0d36105f4e730005750de666e37ac93910a6bda6239d9,"  have h_main : isGreater_postcond (n) (a) (isGreater (n) (a) h_precond) h_precond := by
    simp [isGreater_postcond, isGreater, isGreater_precond, h_precond]
    <;>
    (try decide) <;>
    (try ring_nf) <;>
    (try simp_all [Array.all, Int.lt_iff_add_one_le]) <;>
    (try omega) <;>
    (try aesop) <;>
    (try norm_num) <;>
    (try ring_nf) <;>
    (try omega)
    <;>
    (try aesop)
    <;>
    (try norm_num)
    <;>
    (try ring_nf)
    <;>
    (try omega)
    <;>
    (try aesop)
    <;>
    (try norm_num)
    <;>
    (try ring_nf)
    <;>
    (try omega)
    <;>
    (try aesop)
    <;>
    (try norm_num)
    <;>
    (try ring_nf)
    <;>
    (try omega)
    <;>
    (try aesop)
    <;>
    (try norm_num)
    <;>
    (try ring_nf)
    <;>
    (try omega)
    <;>
    (try aesop)
  exact h_main
","
",813,46,46,53,0,False,1,1,True,False,0,1,1,0,0,0,0,0,0,0,6,1,6,0,0,5,0,True,2,0,False,False,True,False,have,aesop=6;decide=1;exact=1;have=1;norm_num=5;omega=6;ring_nf=6;simp=1;simp_all=1;try=25
verina_basic_10,model,goedel-prover-v2-8b__hard_unfold,1.0,model,[],fff1ab3a2725f491e4d24aec5a0dcb565e503c880ddc814aa887544cd5426662,"  unfold isGreater isGreater_postcond
  have h_main : (∀ i, (hi : i < a.size) → n > a[i]) ↔ a.all (fun x => n > x) := by
    rw [Array.all_eq]
    <;> simp_all [isGreater_precond]
    <;>
    aesop

  have h_final : isGreater_postcond (n) (a) (isGreater (n) (a) h_precond) h_precond := by
    dsimp only [isGreater_postcond, isGreater, isGreater_precond] at *
    rw [h_main]
    <;> simp_all [isGreater_precond]
    <;>
    aesop

  apply h_final
","
",448,15,13,11,1,True,1,2,True,False,2,2,0,1,0,0,0,0,0,0,0,0,2,0,0,0,0,True,3,0,False,False,True,False,unfold,aesop=2;apply=1;dsimp=1;have=2;rw=2;simp_all=2;unfold=1
verina_basic_100,model,deepseek-prover-v2-7b,0.0,model,[],7f3e90aae1b1955b9e82bcf476815e4a01858ed2b72f407177b4deb783434019,"  have h_main : ((Triple (x) h_precond) / 3 = x) ∧ ((Triple (x) h_precond) / 3 * 3 = Triple (x) h_precond) := by
    dsimp [Triple, Triple_precond, Triple_postcond]
    split_ifs <;> simp_all [Int.mul_emod, Int.add_emod, Int.emod_emod]
    <;>
    (try omega) <;>
    (try
      {
        -- Prove that (3 * x) / 3 = x
        have h₀ : (3 * x) / 3 = x := by omega
        simp_all [h₀, Int.mul_emod, Int.add_emod, Int.emod_emod]
        <;> omega
      }) <;>
    (try
      {
        -- Prove that (3 * x) / 3 * 3 = 3 * x
        have h₀ : (3 * x) / 3 * 3 = 3 * x := by
          omega
        simp_all [h₀, Int.mul_emod, Int.add_emod, Int.emod_emod]
        <;> omega
      })
    <;> omega

  -- We now have the two conditions we need in `h_main`, so we can use them to prove the final theorem.
  exact h_main
","
",814,24,20,17,0,False,1,3,True,False,0,3,1,0,0,0,0,0,0,0,6,0,0,0,0,0,0,True,4,0,False,False,True,False,have,dsimp=1;exact=1;have=3;omega=6;simp_all=3;try=3
verina_basic_100,model,deepseek-prover-v2-7b__hard_unfold,0.0,model,[],ab6c40881812f7df193ba57e079b37bdeabaf19a758a0a9f8960a178557e61c7,"  unfold Triple Triple_postcond
  have h_main : Triple_postcond (x) (Triple (x) h_precond) h_precond := by
    dsimp [Triple, Triple_postcond, Triple_precond] at *
    split_ifs with h
    · -- Case: x = 0
      simp_all (config := {decide := true})
    · -- Case: x ≠ 0
      have h₁ : (3 * x) / 3 = x := by
        -- Prove that (3 * x) / 3 = x for x ≠ 0
        have h₂ : x ≠ 0 := by simpa using h
        have h₃ : (3 * x) / 3 = x := by
          omega
        exact h₃
      have h₂ : (3 * x) / 3 * 3 = 3 * x := by
        -- Prove that ((3 * x) / 3) * 3 = 3 * x
        have h₃ : (3 * x) / 3 * 3 = 3 * x := by
          omega
        exact h₃
      simp_all (config := {decide := true}) <;> omega
  exact h_main
","
",718,20,18,18,1,True,1,2,True,False,0,6,3,0,0,0,0,0,0,0,3,2,0,0,0,0,0,True,3,0,False,False,True,False,unfold,decide=2;dsimp=1;exact=3;have=6;omega=3;simp_all=2;unfold=1
verina_basic_100,model,goedel-prover-v2-32b,0.0,model,[],aa33545d82a54bfd828d70af7f44b0348523f5250f468362c700caf52b1992df,"  have h_main : Triple_postcond x (Triple x h_precond) h_precond := by
    by_cases hx : x = 0
    · -- Case: x = 0
      have h₁ : Triple x h_precond = 0 := by
        simp [hx, Triple]
        <;> simp_all [Triple_precond]
        <;> norm_num
      have h₂ : (Triple x h_precond) / 3 = x := by
        rw [h₁]
        simp [hx]
        <;> norm_num
      have h₃ : (Triple x h_precond) / 3 * 3 = Triple x h_precond := by
        rw [h₁]
        <;> norm_num
      exact ⟨h₂, h₃⟩
    · -- Case: x ≠ 0
      have h₁ : Triple x h_precond = 3 * x := by
        have h₂ : ¬x = 0 := hx
        simp [h₂, Triple]
        <;> ring_nf
        <;> simp_all [Triple_precond]
        <;> norm_num
        <;> linarith
      have h₂ : (Triple x h_precond) / 3 = x := by
        rw [h₁]
        have h₃ : (3 * x : Int) / 3 = x := by
          have h₄ : (3 : Int) ≠ 0 := by norm_num
          have h₅ : (x * 3 : Int) / 3 = x := by
            apply Int.ediv_eq_of_eq_mul_right (by norm_num : (3 : Int) ≠ 0)
            <;> ring_nf
            <;> simp [mul_assoc]
          have h₆ : (3 * x : Int) = (x * 3 : Int) := by ring
          rw [h₆]
          exact h₅
        exact h₃
      have h₃ : (Triple x h_precond) / 3 * 3 = Triple x h_precond := by
        rw [h₂]
        have h₄ : (x : Int) * 3 = 3 * x := by ring
        have h₅ : (x : Int) * 3 = Triple x h_precond := by
          rw [h₁]
          <;> ring
        linarith
      exact ⟨h₂, h₃⟩
  exact h_main
","
",1455,44,44,46,0,False,4,2,True,False,6,14,5,1,0,0,0,0,0,1,0,0,0,0,0,6,2,True,12,0,False,False,True,False,have,apply=1;by_cases=1;exact=5;have=14;linarith=2;norm_num=6;ring=3;ring_nf=2;rw=6;simp=4;simp_all=2
verina_basic_100,model,goedel-prover-v2-8b,0.0,model,[],72b95d88821c4fd375557dcd2d0194d09c2109a05f53d2d1c4c1be800f8cc8d8,"  have h_main : Triple_postcond (x) (Triple (x) h_precond) h_precond := by
    simp only [Triple_precond, Triple, Triple_postcond]
    split_ifs <;>
    (try { contradiction }) <;>
    (try { simp_all [Int.mul_ediv_cancel_left, Int.mul_emod, Int.add_emod, Int.emod_emod] }) <;>
    (try {
      ring_nf at * <;>
      norm_num at * <;>
      omega
    }) <;>
    (try {
      cases x <;> simp_all [Int.mul_ediv_cancel_left, Int.mul_emod, Int.add_emod, Int.emod_emod] <;>
      ring_nf at * <;>
      norm_num at * <;>
      omega
    }) <;>
    (try {
      aesop
    }) <;>
    (try {
      omega
    })
    <;>
    (try {
      simp_all [Int.mul_ediv_cancel_left, Int.mul_emod, Int.add_emod, Int.emod_emod]
      <;> ring_nf at * <;> norm_num at * <;> omega
    })
    <;>
    (try {
      aesop
    })
    <;>
    (try {
      omega
    })
  exact h_main
","
",858,36,36,30,0,False,1,3,True,True,0,1,1,0,0,0,1,0,0,0,5,0,2,0,0,3,0,True,2,0,False,False,True,False,have,aesop=2;cases=1;contradiction=1;exact=1;have=1;norm_num=3;omega=5;ring_nf=3;simp=1;simp_all=3;try=9
verina_basic_100,model,goedel-prover-v2-8b__avoid_unfold,0.0,model,[],1c0f6af3bd13b58736d7d02066d27f4c54caa0ab69768471e2945dc4852b19da,"  have h_main : Triple_postcond (x) (Triple (x) h_precond) h_precond := by
    have h₁ : Triple (x) h_precond = if x = 0 then 0 else 3 * x := by
      by_cases hx : x = 0
      · -- Case: x = 0
        rw [hx]
        simp [Triple, hx]
        <;> norm_num
      · -- Case: x ≠ 0
        simp [Triple, hx]
        <;> ring
        <;> simp_all
        <;> norm_num
        <;> omega
    rw [h₁]
    constructor
    · -- Prove (if x = 0 then 0 else 3 * x) / 3 = x
      split_ifs with hx
      · -- Subcase: x = 0
        simp [hx]
      · -- Subcase: x ≠ 0
        have h₂ : (3 * x : ℤ) / 3 = x := by
          have h₃ : (3 * x : ℤ) % 3 = 0 := by
            omega
          have h₄ : (3 * x : ℤ) / 3 = x := by
            omega
          exact h₄
        simp_all
    · -- Prove ((if x = 0 then 0 else 3 * x) / 3) * 3 = (if x = 0 then 0 else 3 * x)
      split_ifs with hx
      · -- Subcase: x = 0
        simp [hx]
      · -- Subcase: x ≠ 0
        have h₂ : (3 * x : ℤ) / 3 = x := by
          have h₃ : (3 * x : ℤ) % 3 = 0 := by
            omega
          have h₄ : (3 * x : ℤ) / 3 = x := by
            omega
          exact h₄
        have h₃ : ((3 * x : ℤ) / 3) * 3 = 3 * x := by
          rw [h₂]
          <;> ring
          <;> omega
        simp_all
  exact h_main
","
",1278,44,44,34,0,False,4,3,True,False,3,9,3,0,0,1,0,0,0,1,6,0,0,0,0,2,0,True,4,0,False,False,True,False,have,by_cases=1;constructor=1;exact=3;have=9;norm_num=2;omega=6;ring=2;rw=3;simp=4;simp_all=3
verina_basic_100,model,goedel-prover-v2-8b__hard_unfold,0.0,model,[],4a5615281a47c33162040f8e86344aaefd28d5854e20ed28ba22866e2d8ba64e,"  unfold Triple Triple_postcond
  have h_main : Triple_postcond (x) (Triple (x) h_precond) h_precond := by
    unfold Triple Triple_postcond
    split_ifs <;> simp_all [Int.mul_ediv_cancel_left]
    <;>
    (try omega) <;>
    (try
      {
        -- Prove that (3 * x) / 3 = x
        have h₁ : (3 * x : ℤ) / 3 = x := by
          have h₂ : (3 * x : ℤ) / 3 = x := by
            omega
          exact h₂
        -- Prove that ((3 * x) / 3) * 3 = 3 * x
        have h₂ : ((3 * x : ℤ) / 3) * 3 = 3 * x := by
          have h₃ : ((3 * x : ℤ) / 3) * 3 = 3 * x := by
            omega
          exact h₃
        omega
      }) <;>
    (try
      {
        -- Prove that x = 0
        have h₁ : x = 0 := by
          omega
        simp [h₁] at * <;> omega
      }) <;>
    (try
      {
        -- Prove that x ≠ 0
        have h₁ : x ≠ 0 := by
          omega
        have h₂ : (3 * x : ℤ) / 3 = x := by
          have h₃ : (3 * x : ℤ) / 3 = x := by
            omega
          exact h₃
        have h₃ : ((3 * x : ℤ) / 3) * 3 = 3 * x := by
          have h₄ : ((3 * x : ℤ) / 3) * 3 = 3 * x := by
            omega
          exact h₄
        omega
      })
  exact h_main
","
",1167,43,39,34,2,True,1,1,False,False,0,11,5,0,0,0,0,0,0,0,10,0,0,0,0,0,0,True,3,0,False,False,True,False,unfold,exact=5;have=11;omega=10;simp=1;simp_all=1;try=4;unfold=2
verina_basic_101,model,deepseek-prover-v2-7b,0.0,model,[],2ee58a7d0e84abce34b941ae36e64d6eb6e20f2116992bdb90d59a33cea4ad8f,"  have h₁ : (Triple (x) h_precond) / 3 = x := by
    have h₁ : Triple (x) h_precond = 3 * x := by
      -- Simplify the expression for Triple x using the given definition
      simp [Triple, Triple_precond]
      <;> ring
      <;> omega
    rw [h₁]
    -- Use the property of integer division to prove the result
    have h₂ : (3 * x : ℤ) / 3 = x := by
      have h₃ : (3 : ℤ) ∣ 3 * x := by
        use x
        <;> ring
      -- Use the property of divisibility to simplify the division
      omega
    exact h₂

  have h₂ : ((Triple (x) h_precond) / 3) * 3 = Triple (x) h_precond := by
    have h₂ : Triple (x) h_precond = 3 * x := by
      have h₂ : Triple (x) h_precond = 3 * x := by
        -- Simplify the expression for Triple x using the given definition
        simp [Triple, Triple_precond]
        <;> ring
        <;> omega
      exact h₂
    rw [h₂]
    have h₃ : ((3 * x : ℤ) / 3) * 3 = 3 * x := by
      have h₄ : (3 * x : ℤ) / 3 = x := by
        have h₅ : (3 : ℤ) ∣ 3 * x := by
          use x
          <;> ring
        -- Use the property of divisibility to simplify the division
        omega
      rw [h₄]
      <;> ring
    exact h₃

  simp_all [Triple_postcond, Triple, Triple_precond]
  <;>
  (try omega) <;>
  (try ring_nf at * <;> norm_num at * <;> linarith) <;>
  (try nlinarith) <;>
  (try
    {
      cases Int.emod_two_eq_zero_or_one x <;>
      cases Int.emod_two_eq_zero_or_one (x + 1) <;>
      simp_all [Int.emod_eq_of_lt] <;>
      omega
    })
","
",1482,48,41,43,0,False,2,2,True,False,3,10,3,0,0,0,2,0,0,0,6,0,0,0,0,1,2,True,9,0,False,False,True,False,have,cases=2;exact=3;have=10;linarith=1;nlinarith=1;norm_num=1;omega=6;ring=5;ring_nf=1;rw=3;simp=2;simp_all=2;try=4;use=2
verina_basic_101,model,deepseek-prover-v2-7b__hard_unfold,0.0,model,[],41305e8f3d03b47505a499fb79b798b40733226cb5a4d519ea53ba0e32eb4059,"  unfold Triple Triple_postcond
  have h_main : (Triple (x) h_precond) / 3 = x := by
    have h₁ : Triple (x) h_precond = 3 * x := by
      simp [Triple, Triple_precond, mul_comm]
      <;> ring
      <;> simp_all
      <;> omega
    rw [h₁]
    -- Now we need to prove that (3 * x) / 3 = x
    -- This is straightforward since 3 * x is divisible by 3
    have h₂ : (3 * x) / 3 = x := by
      have h₃ : (3 * x) / 3 = x := by
        omega
      exact h₃
    rw [h₂]
    <;> simp_all
    <;> omega

  have h_main2 : ((Triple (x) h_precond) / 3) * 3 = Triple (x) h_precond := by
    have h₁ : Triple (x) h_precond = 3 * x := by
      simp [Triple, Triple_precond, mul_comm]
      <;> ring
      <;> simp_all
      <;> omega
    rw [h₁] at *
    have h₂ : ((3 * x) / 3) * 3 = 3 * x := by
      have h₃ : (3 * x) / 3 * 3 = 3 * x := by
        have h₄ : (3 * x) / 3 * 3 = 3 * x := by
          have h₅ : (3 * x) % 3 = 0 := by
            omega
          omega
        exact h₄
      exact h₃
    omega

  constructor
  · exact h_main
  · exact h_main2
","
",1048,38,34,34,1,True,2,3,True,False,3,10,5,0,0,1,0,0,0,0,7,0,0,0,0,0,0,True,8,0,False,False,True,False,unfold,constructor=1;exact=5;have=10;omega=7;ring=2;rw=3;simp=2;simp_all=3;unfold=1
verina_basic_101,model,goedel-prover-v2-32b,0.0,model,[],d3979094cafc97bd3f2cebf7317102fdad5d74eca245fcee7d6fb6901d3cef13,"  have h_triple : Triple x h_precond = 3 * x := by
    dsimp [Triple]
    <;> ring_nf
    <;> simp_all
    <;> linarith

  have h_div : (3 * x) / 3 = x := by
    have h₁ : (3 : ℤ) ≠ 0 := by norm_num
    have h₂ : (3 * x : ℤ) = 3 * x := by ring
    have h₃ : (3 * x : ℤ) / 3 = x := by
      apply Int.ediv_eq_of_eq_mul_right (by norm_num : (3 : ℤ) ≠ 0)
      <;> ring_nf
      <;> linarith
    exact h₃

  have h_main : Triple_postcond x (Triple x h_precond) h_precond := by
    have h₁ : (Triple x h_precond) / 3 = x := by
      rw [h_triple]
      <;>
      (try norm_num) <;>
      (try ring_nf at h_div ⊢) <;>
      (try simp_all [Int.mul_ediv_cancel_left]) <;>
      (try omega) <;>
      (try linarith)
      <;>
      (try
        {
          have h₂ : (3 : ℤ) ≠ 0 := by norm_num
          have h₃ : (3 * x : ℤ) = 3 * x := by ring
          have h₄ : (3 * x : ℤ) / 3 = x := by
            apply Int.ediv_eq_of_eq_mul_right (by norm_num : (3 : ℤ) ≠ 0)
            <;> ring_nf
            <;> linarith
          simp_all
        })
      <;>
      (try
        {
          simp_all [Int.mul_emod, Int.add_emod]
          <;>
          omega
        })
    have h₂ : (Triple x h_precond) / 3 * 3 = Triple x h_precond := by
      rw [h_triple]
      have h₃ : (3 * x : ℤ) / 3 = x := by
        have h₄ : (3 : ℤ) ≠ 0 := by norm_num
        have h₅ : (3 * x : ℤ) = 3 * x := by ring
        have h₆ : (3 * x : ℤ) / 3 = x := by
          apply Int.ediv_eq_of_eq_mul_right (by norm_num : (3 : ℤ) ≠ 0)
          <;> ring_nf
          <;> linarith
        exact h₆
      have h₄ : ((3 * x : ℤ) / 3) * 3 = 3 * x := by
        rw [h₃]
        <;> ring
        <;> linarith
      linarith
    exact ⟨h₁, h₂⟩

  exact h_main
","
",1716,60,57,63,0,False,1,4,True,False,3,16,4,3,0,0,0,0,0,0,2,0,0,0,0,7,7,True,6,0,False,False,True,False,have,apply=3;dsimp=1;exact=4;have=16;linarith=7;norm_num=7;omega=2;ring=4;ring_nf=5;rw=3;simp_all=4;try=7
verina_basic_101,model,goedel-prover-v2-8b,0.0,model,[],10e50ff65cd5cf9c7dd23a458846c053e78a2b0471fe3a284ab69159c82dd2e1,"  have h₁ : ((x * 2) + x) / 3 = x := by
    have h₁₁ : (x * 2 + x : ℤ) = 3 * x := by
      ring
    rw [h₁₁]
    have h₁₂ : (3 * x : ℤ) / 3 = x := by
      have h₁₃ : (3 : ℤ) ≠ 0 := by norm_num
      have h₁₄ : (3 * x : ℤ) / 3 = x := by
        apply Int.ediv_eq_of_eq_mul_right (by norm_num : (3 : ℤ) ≠ 0)
        <;> ring
        <;> norm_num
        <;> linarith
      exact h₁₄
    exact h₁₂

  have h₂ : ((x * 2) + x) / 3 * 3 = (x * 2) + x := by
    have h₂₁ : ((x * 2) + x : ℤ) = 3 * x := by
      ring
    rw [h₁]
    <;> ring_nf
    <;> omega

  have h₃ : Triple_postcond x (Triple x h_precond) h_precond := by
    dsimp [Triple, Triple_postcond, Triple_precond] at *
    <;> simp_all [Int.mul_ediv_cancel_left]
    <;> ring_nf at *
    <;> omega

  exact h₃
","
",767,28,25,27,0,False,1,1,True,False,2,8,3,1,0,0,0,0,0,0,2,0,0,0,0,3,1,True,2,0,False,False,True,False,have,apply=1;dsimp=1;exact=3;have=8;linarith=1;norm_num=3;omega=2;ring=3;ring_nf=2;rw=2;simp_all=1
verina_basic_101,model,goedel-prover-v2-8b__avoid_unfold,0.0,model,[],94b751a8bbd053dfcf9a74eb76544f9a6eb63797b48e7b716cbdd03cd694fb91,"  have h₁ : Triple (x) h_precond = 3 * x := by
    dsimp [Triple]
    <;> ring
    <;> norm_num
    <;> omega

  have h₂ : Triple_postcond (x) (Triple (x) h_precond) h_precond := by
    rw [h₁]
    constructor
    · -- Prove (3 * x) / 3 = x
      have h₃ : (3 * x : ℤ) / 3 = x := by
        -- Prove that (3 * x) / 3 = x using the fact that 3 * x is a multiple of 3
        omega
      exact h₃
    · -- Prove (3 * x) / 3 * 3 = 3 * x
      have h₃ : ((3 * x : ℤ) / 3 * 3) = 3 * x := by
        -- Prove that ((3 * x) / 3 * 3) = 3 * x
        omega
      exact h₃

  exact h₂
","
",575,21,17,15,0,False,1,0,True,False,1,4,3,0,0,1,0,0,0,0,3,0,0,0,0,1,0,True,3,0,False,False,True,False,have,constructor=1;dsimp=1;exact=3;have=4;norm_num=1;omega=3;ring=1;rw=1
verina_basic_101,model,goedel-prover-v2-8b__hard_unfold,0.0,model,[],53684df3a626de0a74dc15d19811ce706de9ae8ba318910eefddde15885bbbf2,"  unfold Triple Triple_postcond
  have h₁ : ((x * 2 + x : ℤ) / 3 : ℤ) = x := by
    have h₁₁ : (x * 2 + x : ℤ) = x * 3 := by ring
    rw [h₁₁]
    have h₁₂ : (x * 3 : ℤ) / 3 = x := by
      have h₁₃ : (x * 3 : ℤ) = 3 * x := by ring
      rw [h₁₃]
      have h₁₄ : (3 : ℤ) * x / 3 = x := by
        have h₁₅ : (3 : ℤ) * x / 3 = x := by
          apply Int.ediv_eq_of_eq_mul_right (show (3 : ℤ) ≠ 0 by norm_num)
          <;> ring_nf
          <;> linarith
        exact h₁₅
      exact h₁₄
    exact h₁₂

  have h₂ : ((x * 2 + x : ℤ) / 3 : ℤ) * 3 = x * 2 + x := by
    have h₂₁ : (x * 2 + x : ℤ) = x * 3 := by ring
    rw [h₂₁]
    have h₂₂ : (x * 3 : ℤ) / 3 * 3 = x * 3 := by
      have h₂₃ : (x * 3 : ℤ) / 3 * 3 = x * 3 := by
        have h₂₄ : (x * 3 : ℤ) % 3 = 0 := by
          -- Prove that (x * 3) % 3 = 0
          omega
        have h₂₅ : (x * 3 : ℤ) / 3 * 3 = x * 3 := by
          -- Use the fact that (x * 3) % 3 = 0 to simplify the division
          have h₂₆ : (x * 3 : ℤ) = 3 * ((x * 3 : ℤ) / 3) + (x * 3 : ℤ) % 3 := by
            omega
          rw [h₂₄] at h₂₆
          ring_nf at h₂₆ ⊢
          <;> omega
        exact h₂₅
      exact h₂₃
    linarith

  simp_all [Triple, Triple_postcond, Triple_precond, Int.mul_emod, Int.add_emod]
  <;>
  (try omega) <;>
  (try ring_nf at *) <;>
  (try norm_num) <;>
  (try omega)
","
",1338,41,37,45,1,True,0,1,True,False,4,13,5,1,0,0,0,0,0,0,5,0,0,0,0,2,2,True,2,0,False,False,False,False,unfold,apply=1;exact=5;have=13;linarith=2;norm_num=2;omega=5;ring=3;ring_nf=3;rw=4;show=1;simp_all=1;try=4;unfold=1
verina_basic_107,model,deepseek-prover-v2-7b,0.0,model,[],3703d3dd3c3649e1211fe54ae6cae959bf9d79625f326bf73a75e7664c5fdfed,"  have h : 2 * (ComputeAvg (a) (b) h_precond) = a + b - ((a + b) % 2) := by
    have h₁ : 2 * (ComputeAvg (a) (b) h_precond) = 2 * ((a + b) / 2) := by
      simp [ComputeAvg]
    rw [h₁]
    have h₂ : a + b - ((a + b) % 2) = 2 * ((a + b) / 2) := by
      have h₃ : a + b = 2 * ((a + b) / 2) + ((a + b) % 2) := by
        have h₄ := Int.emod_add_ediv (a + b) 2
        omega
      have h₄ : a + b - ((a + b) % 2) = 2 * ((a + b) / 2) := by
        omega
      exact h₄
    omega
  exact h
","
",487,13,13,13,0,False,1,0,True,False,1,6,2,0,0,0,0,0,0,0,3,0,0,0,0,0,0,True,3,0,False,False,True,False,have,exact=2;have=6;omega=3;rw=1;simp=1
verina_basic_107,model,deepseek-prover-v2-7b__hard_unfold,0.0,model,[],88399489d0e3b8e659efbfda1da05018dcd390a4801fd3fb7c2895b78414354d,"  unfold ComputeAvg ComputeAvg_postcond
  have h_main : 2 * (ComputeAvg (a) (b) h_precond) = a + b - ((a + b) % 2) := by
    have h₁ : ComputeAvg (a) (b) h_precond = (a + b) / 2 := by
      rfl
    rw [h₁]
    have h₂ : 2 * ((a + b) / 2) = a + b - ((a + b) % 2) := by
      -- Use the property that a + b = 2 * ((a + b) / 2) + ((a + b) % 2)
      have h₃ := Int.emod_add_ediv (a + b) 2
      omega
    exact h₂
  -- Use the main result to complete the proof
  simpa [ComputeAvg_postcond, ComputeAvg] using h_main
","
",513,12,10,9,1,True,0,0,False,False,1,4,1,0,0,0,0,0,0,0,1,0,0,0,1,0,0,True,4,0,False,False,True,False,unfold,exact=1;have=4;omega=1;rfl=1;rw=1;unfold=1
verina_basic_107,model,goedel-prover-v2-32b,0.0,model,[],e7eeb3ad2deec241db6c783971797c8e9c24a3cec648c1100aca571d7b160971,"  have h_main : 2 * (ComputeAvg a b h_precond) = a + b - (a + b) % 2 := by
    have h₁ : (a + b) % 2 = (a + b) - 2 * ((a + b) / 2) := by
      have h₂ := Int.emod_def (a + b) 2
      ring_nf at h₂ ⊢
      <;> omega
    have h₂ : 2 * (ComputeAvg a b h_precond) = 2 * ((a + b) / 2) := by
      simp [ComputeAvg]
      <;> ring_nf
    rw [h₂]
    have h₃ : a + b - (a + b) % 2 = 2 * ((a + b) / 2) := by
      rw [h₁]
      <;> ring_nf
      <;> omega
    linarith

  simp only [ComputeAvg_postcond, ComputeAvg] at *
  <;>
  (try simp_all) <;>
  (try omega) <;>
  (try linarith) <;>
  (try ring_nf at *) <;>
  (try norm_num at *) <;>
  (try nlinarith)
  <;>
  (try
    {
      have h₁ := Int.emod_def (a + b) 2
      ring_nf at h₁ ⊢
      <;> omega
    })
  <;>
  (try
    {
      omega
    })
","
",790,35,34,33,0,False,2,1,True,True,2,6,0,0,0,0,0,0,0,0,5,0,0,0,0,1,3,True,4,0,False,False,True,False,have,have=6;linarith=2;nlinarith=1;norm_num=1;omega=5;ring_nf=5;rw=2;simp=2;simp_all=1;try=8
verina_basic_107,model,goedel-prover-v2-8b,0.0,model,[],2104c6941f3022fc06a92c8b840c92a942d493c0b0e3268f1ebd6f7d592ef28f,"  have h_main : 2 * ((a + b) / 2) = (a + b) - ((a + b) % 2) := by
    have h₁ : (a + b : ℤ) = 2 * ((a + b) / 2) + ((a + b) % 2) := by
      have h₂ : (a + b : ℤ) = 2 * ((a + b) / 2) + ((a + b) % 2) := by
        -- Use the property of integer division and modulo to express `a + b` in terms of `(a + b) / 2` and `(a + b) % 2`
        have h₃ : (a + b : ℤ) % 2 = 0 ∨ (a + b : ℤ) % 2 = 1 := by
          -- Prove that `(a + b) % 2` is either 0 or 1
          have h₄ : (a + b : ℤ) % 2 = 0 ∨ (a + b : ℤ) % 2 = 1 := by
            have h₅ : (a + b : ℤ) % 2 = 0 ∨ (a + b : ℤ) % 2 = 1 := by
              omega
            exact h₅
          exact h₄
        -- Consider the two cases for `(a + b) % 2`
        rcases h₃ with (h₃ | h₃)
        · -- Case 1: `(a + b) % 2 = 0`
          have h₄ : (a + b : ℤ) = 2 * ((a + b) / 2) + ((a + b) % 2) := by
            have h₅ : (a + b : ℤ) = 2 * ((a + b) / 2) := by
              omega
            omega
          exact h₄
        · -- Case 2: `(a + b) % 2 = 1`
          have h₄ : (a + b : ℤ) = 2 * ((a + b) / 2) + ((a + b) % 2) := by
            have h₅ : (a + b : ℤ) = 2 * ((a + b) / 2) + 1 := by
              omega
            omega
          exact h₄
      exact h₂
    -- Use the above result to prove the main statement
    have h₂ : 2 * ((a + b) / 2) = (a + b) - ((a + b) % 2) := by
      omega
    exact h₂

  have h₁ : ComputeAvg (a) (b) h_precond = (a + b) / 2 := by
    rfl

  have h₂ : 2 * (ComputeAvg (a) (b) h_precond) = (a + b) - ((a + b) % 2) := by
    rw [h₁]
    <;> simpa using h_main

  have h₃ : ComputeAvg_postcond (a) (b) (ComputeAvg (a) (b) h_precond) h_precond := by
    rw [ComputeAvg_postcond]
    <;> simpa [h₁] using h₂

  exact h₃
","
",1700,43,35,31,0,False,0,0,False,False,2,14,7,0,0,0,1,0,0,0,6,0,0,0,1,0,0,True,3,0,False,False,True,False,have,exact=7;have=14;omega=6;rcases=1;rfl=1;rw=2
verina_basic_107,model,goedel-prover-v2-8b__avoid_unfold,0.0,model,[],a8655c24dddb7e91027f9709909b66871eceb0fc7cc6794951ce20e093976419,"  have h_main : 2 * (ComputeAvg (a) (b) h_precond) = a + b - ((a + b) % 2) := by
    have h₁ : ComputeAvg (a) (b) h_precond = (a + b) / 2 := by
      rfl
    rw [h₁]
    have h₂ : 2 * ((a + b) / 2) = a + b - ((a + b) % 2) := by
      have h₃ : a + b - ((a + b) % 2) = a + b - ((a + b) % 2) := rfl
      -- We need to prove that 2 * ((a + b) / 2) = a + b - ((a + b) % 2)
      -- This is equivalent to proving 2 * ((a + b) / 2) + ((a + b) % 2) = a + b
      have h₄ : 2 * ((a + b) / 2) + ((a + b) % 2) = a + b := by
        have h₅ : (a + b) % 2 = 0 ∨ (a + b) % 2 = 1 := by
          omega
        rcases h₅ with (h₅ | h₅) <;>
          simp [h₅, Int.emod_eq_of_lt, Int.add_emod, Int.mul_emod, Int.emod_emod]
        <;>
          (try omega) <;>
          (try {
            ring_nf
            <;> omega
          }) <;>
          (try {
            omega
          }) <;>
          (try {
            omega
          })
      -- Using the above, we can directly conclude the proof
      omega
    exact h₂
  exact h_main
","
",1023,29,26,24,0,False,1,0,False,False,1,6,2,0,0,0,1,0,0,0,6,0,0,0,2,0,0,True,2,0,False,False,True,False,have,exact=2;have=6;omega=6;rcases=1;rfl=2;ring_nf=1;rw=1;simp=1;try=4
verina_basic_107,model,goedel-prover-v2-8b__hard_unfold,0.0,model,[],0ff9dd9feaf25ba492402dbedf0e58d7567a12d3eca0ff005542081c1869cc84,"  unfold ComputeAvg ComputeAvg_postcond
  have h_main : 2 * ((a + b) / 2 : ℤ) = a + b - ((a + b) % 2 : ℤ) := by
    have h₁ : a + b = 2 * ((a + b) / 2) + ((a + b) % 2) := by
      have h₂ := Int.emod_add_ediv (a + b) 2
      linarith
    have h₂ : 2 * ((a + b) / 2 : ℤ) = a + b - ((a + b) % 2 : ℤ) := by
      linarith
    exact h₂

  simp_all [ComputeAvg, ComputeAvg_precond, ComputeAvg_postcond]
  <;>
  (try omega) <;>
  (try linarith) <;>
  (try
    {
      omega
    }) <;>
  (try
    {
      simp_all [Int.mul_emod, Int.add_emod, Int.sub_emod]
      <;> omega
    }) <;>
  (try
    {
      ring_nf at *
      <;> omega
    }) <;>
  (try
    {
      omega
    })
  <;>
  omega
","
",682,33,32,24,1,True,0,2,True,False,0,4,1,0,0,0,0,0,0,0,6,0,0,0,0,0,3,True,2,0,False,False,False,False,unfold,exact=1;have=4;linarith=3;omega=6;ring_nf=1;simp_all=2;try=6;unfold=1
verina_basic_11,model,deepseek-prover-v2-7b,0.0,model,[],e69d4afd5eda80555c670a73475e29964bc4cf9bd140b9231d8a4eb9a3e5bdc8,"  have h_main : lastDigit_postcond n (lastDigit n h_precond) h_precond := by
    have h₁ : lastDigit n h_precond = n % 10 := rfl
    rw [h₁]
    constructor
    · -- Prove 0 ≤ n % 10 < 10
      have h₂ : n % 10 < 10 := by
        omega
      have h₃ : 0 ≤ n % 10 := by
        omega
      exact ⟨h₃, h₂⟩
    · -- Prove the rest of the conditions
      constructor
      · -- Prove n % 10 - (n % 10) = 0
        have h₄ : n % 10 - n % 10 = 0 := by
          omega
        exact h₄
      · -- Prove (n % 10) - n % 10 = 0
        have h₅ : (n % 10 : ℕ) - n % 10 = 0 := by
          omega
        exact h₅
  exact h_main
","
",617,21,21,18,0,False,0,0,False,False,1,6,4,0,0,2,0,0,0,0,4,0,0,0,1,0,0,True,2,0,False,False,True,False,have,constructor=2;exact=4;have=6;omega=4;rfl=1;rw=1
verina_basic_11,model,deepseek-prover-v2-7b__hard_unfold,0.0,model,[],0ada95b9d76ff2dc7244d6c352c2ed9ea1bf2c51bf2a952925d0f33408968076,"  unfold lastDigit lastDigit_postcond
  have h₁ : lastDigit (n) h_precond = n % 10 := by
    simp [lastDigit]
    <;> aesop

  have h₂ : 0 ≤ n % 10 ∧ n % 10 < 10 := by
    have h₂ : n % 10 < 10 := Nat.mod_lt _ (by decide)
    have h₃ : 0 ≤ n % 10 := Nat.zero_le _
    exact ⟨h₃, h₂⟩

  have h₃ : n % 10 - (n % 10) = 0 := by
    have h₃ : n % 10 ≥ 0 := by omega
    have h₄ : n % 10 - (n % 10) = 0 := by
      apply Nat.sub_self
    exact h₄

  have h₄ : (n % 10) - (n % 10) = 0 := by
    have h₄ : n % 10 - (n % 10) = 0 := by
      apply Nat.sub_self
    exact h₄

  have h₅ : lastDigit_postcond (n) (lastDigit (n) h_precond) h_precond := by
    rw [h₁]
    have h₅₁ : 0 ≤ (n % 10 : ℕ) ∧ (n % 10 : ℕ) < 10 := by simpa using h₂
    have h₅₂ : (n % 10 : ℕ) - (n % 10 : ℕ) = 0 := by simpa using h₄
    have h₅₃ : (n % 10 : ℕ) - (n % 10 : ℕ) = 0 := by simpa using h₃
    simp_all [lastDigit_postcond, lastDigit_precond]
    <;> omega

  apply h₅
","
",942,30,25,27,1,True,1,1,True,False,1,13,3,3,0,0,0,0,0,0,2,1,1,0,0,0,0,True,4,0,False,False,True,False,unfold,aesop=1;apply=3;decide=1;exact=3;have=13;omega=2;rw=1;simp=1;simp_all=1;unfold=1
verina_basic_11,model,goedel-prover-v2-32b,0.0,model,[],7c91d0b4f529b0b0b5070b8279c6e2448eae554bd9f40c91b134ae731e5cb269,"  have h_last_digit : lastDigit n h_precond = n % 10 := by
    rfl

  have h_zero_le : 0 ≤ n % 10 := by
    -- Since n % 10 is a natural number, it is always non-negative.
    exact Nat.zero_le _

  have h_lt_ten : n % 10 < 10 := by
    -- By the property of the modulus operation, n % 10 is always less than 10.
    have h : n % 10 < 10 := Nat.mod_lt n (by decide)
    exact h

  have h_sub_self : n % 10 - (n % 10) = 0 := by
    -- Any natural number minus itself is 0.
    have h₁ : n % 10 - (n % 10) = 0 := by
      simp [Nat.sub_self]
    exact h₁

  have h_main : lastDigit_postcond n (lastDigit n h_precond) h_precond := by
    have h₁ : lastDigit n h_precond = n % 10 := h_last_digit
    have h₂ : 0 ≤ n % 10 := h_zero_le
    have h₃ : n % 10 < 10 := h_lt_ten
    have h₄ : n % 10 - (n % 10) = 0 := h_sub_self
    have h₅ : (n % 10) - (n % 10) = 0 := by
      simp [Nat.sub_self]
    simp_all [lastDigit_postcond, lastDigit_precond]
    <;>
    (try omega) <;>
    (try simp_all) <;>
    (try ring_nf at *) <;>
    (try omega)
    <;>
    (try
      {
        cases n <;> simp_all [Nat.mod_eq_of_lt]
        <;> omega
      })

  exact h_main
","
",1151,39,31,33,0,False,2,3,False,False,0,12,4,0,0,0,1,0,0,0,3,1,0,0,1,0,0,True,3,0,False,False,True,False,have,cases=1;decide=1;exact=4;have=12;omega=3;rfl=1;ring_nf=1;simp=2;simp_all=3;try=5
verina_basic_11,model,goedel-prover-v2-8b,0.0,model,[],697c5f73a0c2bf1f0d3b3c9a8644842f25585cf3c13f4aea43812c1111e3fa98,"  have h₁ : lastDigit (n) h_precond = n % 10 := by
    simp [lastDigit, h_precond]
    <;> rfl

  have h₂ : 0 ≤ n % 10 ∧ n % 10 < 10 := by
    have h₂₁ : 0 ≤ n % 10 := by
      omega
    have h₂₂ : n % 10 < 10 := by
      have h₂₂₁ : n % 10 < 10 := by
        omega
      exact h₂₂₁
    exact ⟨h₂₁, h₂₂⟩

  have h₃ : n % 10 - n % 10 = 0 := by
    have h₃ : n % 10 - n % 10 = 0 := by
      simp [Nat.sub_self]
    exact h₃

  have h₄ : n % 10 - n % 10 = 0 := by
    have h₄ : n % 10 - n % 10 = 0 := by
      simp [Nat.sub_self]
    exact h₄

  have h₅ : (0 ≤ n % 10 ∧ n % 10 < 10) ∧ (n % 10 - n % 10 = 0 ∧ n % 10 - n % 10 = 0) := by
    constructor
    · -- Prove 0 ≤ n % 10 ∧ n % 10 < 10
      exact h₂
    · -- Prove n % 10 - n % 10 = 0 ∧ n % 10 - n % 10 = 0
      constructor
      · -- Prove n % 10 - n % 10 = 0
        exact h₃
      · -- Prove n % 10 - n % 10 = 0
        exact h₄

  simp_all [lastDigit, h₁]
  <;>
  (try omega) <;>
  (try aesop) <;>
  (try simp_all [lastDigit_precond, lastDigit_postcond]) <;>
  (try aesop) <;>
  (try omega)
  <;>
  aesop
","
",1063,43,38,37,0,False,3,2,True,False,0,10,7,0,0,2,0,0,0,0,4,0,3,0,1,0,0,True,3,0,False,False,True,False,have,aesop=3;constructor=2;exact=7;have=10;omega=4;rfl=1;simp=3;simp_all=2;try=5
verina_basic_11,model,goedel-prover-v2-8b__avoid_unfold,0.0,model,[],c99f9315822a3df6ed81907420cac7cd9eb84da3c13325b64b27ec8aeabaf6ae,"  have h_main : lastDigit_postcond (n) (lastDigit (n) h_precond) h_precond := by
    simp only [lastDigit_precond, lastDigit, Nat.mod_eq_of_lt]
    constructor
    · -- Prove 0 ≤ n % 10 ∧ n % 10 < 10
      constructor
      · -- Prove 0 ≤ n % 10
        omega
      · -- Prove n % 10 < 10
        omega
    · -- Prove n % 10 - (n % 10) = 0 ∧ (n % 10) - (n % 10) = 0
      constructor
      · -- Prove n % 10 - (n % 10) = 0
        simp [Nat.sub_self]
      · -- Prove (n % 10) - (n % 10) = 0
        simp [Nat.sub_self]
  exact h_main
","
",535,16,16,10,0,False,3,0,True,True,0,1,1,0,0,3,0,0,0,0,2,0,0,0,0,0,0,True,2,0,False,False,True,False,have,constructor=3;exact=1;have=1;omega=2;simp=3
verina_basic_11,model,goedel-prover-v2-8b__hard_unfold,0.0,model,[],04b6aa65ccb4f8021cbe1b4f74e53e88fd4a19c448ea840c08274cfd4c47313f,"  unfold lastDigit lastDigit_postcond
  have h₁ : lastDigit_postcond (n) (lastDigit (n) h_precond) h_precond := by
    simp [lastDigit, lastDigit_postcond, lastDigit_precond, Nat.mod_eq_of_lt]
    <;>
    (try omega) <;>
    (try
      {
        constructor <;>
        (try omega) <;>
        (try
          {
            simp [Nat.mod_eq_of_lt]
            <;> omega
          })
      }) <;>
    (try
      {
        constructor <;>
        omega
      }) <;>
    (try
      {
        simp [Nat.mod_eq_of_lt]
        <;> omega
      })
    <;>
    (try
      {
        omega
      })
  exact h₁
","
",598,31,31,21,1,True,3,0,True,False,0,1,1,0,0,2,0,0,0,0,6,0,0,0,0,0,0,True,3,0,False,False,True,False,unfold,constructor=2;exact=1;have=1;omega=6;simp=3;try=7;unfold=1
verina_basic_12,model,deepseek-prover-v2-7b,0.0,model,[],278dfd94402f7b3e83fd43a093db4fa76c8fd2db478ae09d0b86b0c8382eaead,"  have h₁ : cubeSurfaceArea (size) h_precond - 6 * size * size = 0 := by
    have h : cubeSurfaceArea (size) h_precond = 6 * size * size := by
      unfold cubeSurfaceArea
      <;> simp_all [cubeSurfaceArea_precond]
      <;> ring
    rw [h]
    <;> simp [Nat.mul_sub_left_distrib, Nat.mul_sub_right_distrib]
    <;> induction size <;> simp_all [Nat.mul_succ, Nat.mul_zero, Nat.add_zero]
    <;> ring_nf at * <;> omega

  have h₂ : 6 * size * size - cubeSurfaceArea (size) h_precond = 0 := by
    have h : cubeSurfaceArea (size) h_precond = 6 * size * size := by
      unfold cubeSurfaceArea
      <;> simp_all [cubeSurfaceArea_precond]
      <;> ring
    rw [h]
    <;> simp [Nat.mul_sub_left_distrib, Nat.mul_sub_right_distrib]
    <;> induction size <;> simp_all [Nat.mul_succ, Nat.mul_zero, Nat.add_zero]
    <;> ring_nf at * <;> omega

  have h₃ : cubeSurfaceArea_postcond (size) (cubeSurfaceArea (size) h_precond) h_precond := by
    constructor
    · -- Prove the first part of the conjunction
      exact h₁
    · -- Prove the second part of the conjunction
      exact h₂

  exact h₃
","
",1094,28,25,27,2,True,2,4,False,False,2,5,3,0,0,1,0,2,0,0,2,0,0,0,0,0,0,True,7,0,False,False,True,False,have,constructor=1;exact=3;have=5;induction=2;omega=2;ring=2;ring_nf=2;rw=2;simp=2;simp_all=4;unfold=2
verina_basic_12,model,deepseek-prover-v2-7b__hard_unfold,0.0,model,[],31f237471d8c72ab145b79e6495f8bdb96f63aa0205076c7d132d2f5855d38fa,"  unfold cubeSurfaceArea cubeSurfaceArea_postcond
  have h₁ : (cubeSurfaceArea (size) h_precond) - (6 * size * size) = 0 := by
    unfold cubeSurfaceArea
    <;> simp [Nat.mul_assoc, Nat.mul_comm, Nat.mul_left_comm]
    <;> induction size <;> simp_all [Nat.mul_comm, Nat.mul_assoc, Nat.mul_left_comm]
    <;> ring_nf at *
    <;> omega

  have h₂ : (6 * size * size) - (cubeSurfaceArea (size) h_precond) = 0 := by
    have h₃ : cubeSurfaceArea (size) h_precond = 6 * size * size := rfl
    rw [h₃]
    <;> simp [Nat.mul_assoc, Nat.mul_comm, Nat.mul_left_comm]
    <;> induction size <;> simp_all [Nat.mul_comm, Nat.mul_assoc, Nat.mul_left_comm]
    <;> ring_nf at *
    <;> omega

  have h_main : cubeSurfaceArea_postcond (size) (cubeSurfaceArea (size) h_precond) h_precond := by
    constructor
    · -- Prove (cubeSurfaceArea (size) h_precond) - (6 * size * size) = 0
      exact h₁
    · -- Prove (6 * size * size) - (cubeSurfaceArea (size) h_precond) = 0
      exact h₂

  exact h_main
","
",990,24,21,22,2,True,2,2,False,False,1,4,3,0,0,1,0,2,0,0,2,0,0,0,1,0,0,True,6,0,False,False,True,False,unfold,constructor=1;exact=3;have=4;induction=2;omega=2;rfl=1;ring_nf=2;rw=1;simp=2;simp_all=2;unfold=2
verina_basic_12,model,goedel-prover-v2-32b,0.0,model,[],174712f7e2f12dac1f19224f0988d361db3f9d8b424259e41377679d61bcc4b4,"  have h_main : (cubeSurfaceArea (size) h_precond) - 6 * size * size = 0 ∧ 6 * size * size - (cubeSurfaceArea (size) h_precond) = 0 := by
    have h₁ : cubeSurfaceArea (size) h_precond = 6 * size * size := by
      simp [cubeSurfaceArea]
    rw [h₁]
    constructor <;>
    (try simp [Nat.mul_sub_left_distrib, Nat.mul_sub_right_distrib, Nat.add_sub_assoc]) <;>
    (try ring_nf) <;>
    (try omega) <;>
    (try
      {
        cases size with
        | zero => simp
        | succ n =>
          simp [Nat.mul_sub_left_distrib, Nat.mul_sub_right_distrib, Nat.add_sub_assoc]
          <;> ring_nf at * <;> omega
      }) <;>
    (try
      {
        simp_all [Nat.mul_sub_left_distrib, Nat.mul_sub_right_distrib, Nat.add_sub_assoc]
        <;> ring_nf at * <;> omega
      })
    <;>
    (try
      {
        simp_all [Nat.mul_sub_left_distrib, Nat.mul_sub_right_distrib, Nat.add_sub_assoc]
        <;> ring_nf at * <;> omega
      })
    <;>
    (try
      {
        simp_all [Nat.mul_sub_left_distrib, Nat.mul_sub_right_distrib, Nat.add_sub_assoc]
        <;> ring_nf at * <;> omega
      })

  exact h_main
","
",1111,35,34,30,0,False,4,3,True,False,1,2,1,0,0,1,1,0,0,0,5,0,0,0,0,0,0,True,4,0,False,False,True,False,have,cases=1;constructor=1;exact=1;have=2;omega=5;ring_nf=5;rw=1;simp=4;simp_all=3;try=7
verina_basic_12,model,goedel-prover-v2-8b,0.0,model,[],57256f0cb3a6b431528d4928cf8cf2185c446e5fb4c5729e282f4f56cdc322ac,"  have h₁ : (cubeSurfaceArea (size) h_precond) - 6 * size * size = 0 := by
    have h₂ : cubeSurfaceArea (size) h_precond = 6 * size * size := by
      simp [cubeSurfaceArea, cubeSurfaceArea_precond]
    rw [h₂]
    <;> simp [Nat.mul_sub_left_distrib, Nat.mul_sub_right_distrib, Nat.mul_assoc]
    <;> ring_nf at *
    <;> omega

  have h₂ : 6 * size * size - (cubeSurfaceArea (size) h_precond) = 0 := by
    have h₃ : cubeSurfaceArea (size) h_precond = 6 * size * size := by
      simp [cubeSurfaceArea, cubeSurfaceArea_precond]
    rw [h₃]
    <;> simp [Nat.mul_sub_left_distrib, Nat.mul_sub_right_distrib, Nat.mul_assoc]
    <;> ring_nf at *
    <;> omega

  have h₃ : cubeSurfaceArea_postcond (size) (cubeSurfaceArea (size) h_precond) h_precond := by
    constructor <;> simp_all [cubeSurfaceArea_postcond]
    <;> omega

  exact h₃
","
",837,21,18,19,0,False,4,1,True,False,2,5,1,0,0,1,0,0,0,0,3,0,0,0,0,0,0,True,7,0,False,False,True,False,have,constructor=1;exact=1;have=5;omega=3;ring_nf=2;rw=2;simp=4;simp_all=1
verina_basic_12,model,goedel-prover-v2-8b__avoid_unfold,0.0,model,[],b2a1b92a1496992f7eba62ac7fd9a9b9a42641e1cdfe3e02e51018192ef2e3c1,"  have h₁ : (cubeSurfaceArea (size) h_precond) - 6 * size * size = 0 := by
    have h₂ : cubeSurfaceArea (size) h_precond = 6 * size * size := by
      rfl
    rw [h₂]
    <;> simp [Nat.mul_assoc]
    <;> ring_nf
    <;> simp [Nat.sub_self]
    <;> norm_num

  have h₂ : 6 * size * size - (cubeSurfaceArea (size) h_precond) = 0 := by
    have h₃ : cubeSurfaceArea (size) h_precond = 6 * size * size := by
      rfl
    rw [h₃]
    <;> simp [Nat.mul_assoc]
    <;> ring_nf
    <;> simp [Nat.sub_self]
    <;> norm_num

  have h_main : cubeSurfaceArea_postcond (size) (cubeSurfaceArea (size) h_precond) h_precond := by
    constructor
    · -- Prove the first part: (cubeSurfaceArea (size) h_precond) - 6 * size * size = 0
      exact h₁
    · -- Prove the second part: 6 * size * size - (cubeSurfaceArea (size) h_precond) = 0
      exact h₂

  exact h_main
","
",856,26,23,21,0,False,4,0,False,False,2,5,3,0,0,1,0,0,0,0,0,0,0,0,2,2,0,True,5,0,False,False,True,False,have,constructor=1;exact=3;have=5;norm_num=2;rfl=2;ring_nf=2;rw=2;simp=4
verina_basic_12,model,goedel-prover-v2-8b__hard_unfold,0.0,model,[],b2bd5c1956c6456c2610f159e109f232a8f1f4f7a5cfa9f1d3fb36ae941502fc,"  unfold cubeSurfaceArea cubeSurfaceArea_postcond
  have h1 : 6 * size * size - (6 * size * size) = 0 := by
    have h₁ : 6 * size * size ≥ 0 := by positivity
    have h₂ : 6 * size * size - (6 * size * size) = 0 := by
      simp [Nat.sub_self]
    exact h₂

  have h2 : 6 * size * size - (6 * size * size) = 0 := by
    have h₂ : 6 * size * size - (6 * size * size) = 0 := by
      simp [Nat.sub_self]
    exact h₂

  simp_all [cubeSurfaceArea, cubeSurfaceArea_postcond, cubeSurfaceArea_precond]
  <;> aesop
","
",509,14,12,13,1,True,2,1,True,False,0,5,2,0,0,0,0,0,0,0,0,0,1,0,0,0,0,True,2,0,False,False,False,False,unfold,aesop=1;exact=2;have=5;positivity=1;simp=2;simp_all=1;unfold=1
verina_basic_12,model,qwen3-14b__neutral,0.0,model,[],fd7d017b406312477f2d7e95fba803fcdf35ed076d5e7f52905a62c8a50b2010,"  unfold cubeSurfaceArea_postcond cubeSurfaceArea
  constructor
  · exact Nat.sub_self (6 * size * size)
  · exact Nat.sub_self (6 * size * size)
","
",146,4,4,4,1,True,0,0,False,False,0,0,2,0,0,1,0,0,0,0,0,0,0,0,0,0,0,False,1,0,False,False,False,False,unfold,constructor=1;exact=2;unfold=1
verina_basic_12,model,qwen3-32b,3.0,model,[],4bf645462bb6be274a0db480ee6d571502cc974e609d364dd523bc16162a46e4,"  unfold cubeSurfaceArea cubeSurfaceArea_postcond
  simp [Nat.mul_assoc]
","
",73,2,2,2,1,True,1,0,False,False,0,0,0,0,0,0,0,0,0,0,0,0,0,0,0,0,0,True,1,0,False,False,False,False,unfold,simp=1;unfold=1
verina_basic_14,model,deepseek-prover-v2-7b,3.0,model,[],024b0fd8d2805bdb8d92d4ab9afb9de97081e8272bed54d6ca65519eec9d4cba,"  have h_main : (∃ x, x ∈ s.toList ∧ (x = 'z' ∨ x = 'Z')) ↔ containsZ (s) h_precond := by
    constructor
    · -- Prove the forward direction: if there exists an x in s.toList such that x is 'z' or 'Z', then containsZ s h_precond is true.
      intro h
      -- Simplify the hypothesis using the definition of containsZ.
      simp_all [containsZ, containsZ_precond]
      <;> aesop
    · -- Prove the backward direction: if containsZ s h_precond is true, then there exists an x in s.toList such that x is 'z' or 'Z'.
      intro h
      -- Simplify the hypothesis using the definition of containsZ.
      simp_all [containsZ, containsZ_precond]
      <;> aesop
  -- Using the main equivalence `h_main`, we conclude the proof.
  simpa using h_main
","
",749,14,11,8,0,False,0,2,True,False,0,1,0,0,2,1,0,0,0,0,0,0,2,0,0,0,0,True,3,0,False,False,True,False,have,aesop=2;constructor=1;have=1;intro=2;simp_all=2
verina_basic_14,model,deepseek-prover-v2-7b__hard_unfold,4.0,model,[],19596f29827ab9cf226314c2a25beb621a244f6db88fac6b0b0802e1ecb897ca,"  unfold containsZ containsZ_postcond
  have h : containsZ_postcond s (containsZ s h_precond) h_precond := by
    simp [containsZ_postcond, List.mem_cons, List.any_cons, containsZ, containsZ_precond]
    <;>
    (try simp_all [containsZ_precond]) <;>
    (try simp_all [containsZ]) <;>
    (try aesop) <;>
    (try
      {
        by_cases h₀ : s.toList.any fun c => c = 'z' ∨ c = 'Z' <;>
        by_cases h₁ : ∃ x, x ∈ s.toList ∧ (x = 'z' ∨ x = 'Z') <;>
        simp_all [List.any_iff_exists] <;>
        aesop
      }) <;>
    (try
      {
        aesop
      }) <;>
    (try
      {
        simp_all [List.any_iff_exists]
        <;>
        tauto
      })
  exact h
","
",670,25,25,20,1,True,1,4,True,False,0,1,1,0,0,0,0,0,0,2,0,0,3,0,0,0,0,True,4,0,False,False,True,False,unfold,aesop=3;by_cases=2;exact=1;have=1;simp=1;simp_all=4;tauto=1;try=6;unfold=1
verina_basic_14,model,goedel-prover-v2-32b,3.0,model,[],4e5905578fc780d0543651745342daac46b2e10aaaa6b6340ee65e2b22779fef,"  have h_main : (s.toList.any (fun c : Char => c = 'z' || c = 'Z') = true) ↔ (∃ x, x ∈ s.toList ∧ (x = 'z' ∨ x = 'Z')) := by
    constructor
    · -- Prove the forward direction: if any returns true, then there exists a 'z' or 'Z'
      intro h
      have h₁ : ∃ (x : Char), x ∈ s.toList ∧ (x = 'z' ∨ x = 'Z') := by
        -- Use the property of List.any to get the existence of an element satisfying the predicate
        have h₂ : s.toList.any (fun c : Char => c = 'z' || c = 'Z') = true := h
        have h₃ : ∃ (x : Char), x ∈ s.toList ∧ (x = 'z' || x = 'Z') = true := by
          -- Use the fact that List.any returns true to find an element
          have h₄ : s.toList.any (fun c : Char => c = 'z' || c = 'Z') = true := h₂
          -- Use the lemma List.any_eq_true to get the existence of an element
          have h₅ : ∃ (x : Char), x ∈ s.toList ∧ (x = 'z' || x = 'Z') = true := by
            -- Use the lemma List.any_eq_true to get the existence of an element
            simpa [List.any_eq_true] using h₄
          exact h₅
        -- Convert the existence of an element with (x = 'z' || x = 'Z') = true to (x = 'z' ∨ x = 'Z')
        obtain ⟨x, hx, hx'⟩ := h₃
        have h₆ : x = 'z' ∨ x = 'Z' := by
          -- Prove that (x = 'z' || x = 'Z') = true implies x = 'z' ∨ x = 'Z'
          have h₇ : (x = 'z' || x = 'Z') = true := hx'
          -- Consider the cases for x
          by_cases h₈ : x = 'z'
          · -- Case: x = 'z'
            exact Or.inl h₈
          · -- Case: x ≠ 'z'
            have h₉ : x = 'Z' := by
              -- Since x ≠ 'z', we need to check if x = 'Z'
              have h₁₀ : (x = 'z' || x = 'Z') = true := h₇
              have h₁₁ : x ≠ 'z' := h₈
              have h₁₂ : x = 'Z' := by
                -- Use the fact that (x = 'z' || x = 'Z') = true and x ≠ 'z' to deduce x = 'Z'
                simp [h₁₁, or_iff_not_imp_left] at h₁₀
                <;> simp_all [Bool.and_eq_true]
              exact h₁₂
            exact Or.inr h₉
        -- Combine the results to get the final existence statement
        exact ⟨x, hx, h₆⟩
      -- Convert the existence statement to the required form
      simpa using h₁
    · -- Prove the reverse direction: if there exists a 'z' or 'Z', then any returns true
      intro h
      have h₁ : s.toList.any (fun c : Char => c = 'z' || c = 'Z') = true := by
        -- Use the existence of 'z' or 'Z' to prove that any returns true
        obtain ⟨x, hx, hx'⟩ := h
        have h₂ : x ∈ s.toList := hx
        have h₃ : x = 'z' ∨ x = 'Z' := hx'
        have h₄ : (x = 'z' || x = 'Z') = true := by
          -- Prove that (x = 'z' || x = 'Z') = true given x = 'z' ∨ x = 'Z'
          cases h₃ with
          | inl h₃ =>
            -- Case: x = 'z'
            simp [h₃]
          | inr h₃ =>
            -- Case: x = 'Z'
            simp [h₃]
        -- Use the fact that there exists an element satisfying the predicate to prove that any returns true
        have h₅ : s.toList.any (fun c : Char => c = 'z' || c = 'Z') = true := by
          -- Use the lemma List.any_eq_true to prove that any returns true
          have h₆ : ∃ (x : Char), x ∈ s.toList ∧ (x = 'z' || x = 'Z') = true := ⟨x, h₂, h₄⟩
          simpa [List.any_eq_true] using h₆
        exact h₅
      exact h₁

  have h_final : containsZ_postcond (s) (containsZ (s) h_precond) h_precond := by
    dsimp [containsZ_postcond] at *
    have h₁ : containsZ s h_precond = s.toList.any (fun c : Char => c = 'z' || c = 'Z') := rfl
    rw [h₁]
    -- Use the previously established equivalence to conclude the proof
    <;> simp_all [h_main]
    <;> tauto

  exact h_final
","
",3624,72,52,44,0,False,4,2,False,False,1,20,8,0,2,1,3,0,0,1,0,0,0,0,1,0,0,True,2,0,False,False,True,False,have,by_cases=1;cases=1;constructor=1;dsimp=1;exact=8;have=20;intro=2;obtain=2;rfl=1;rw=1;simp=3;simp_all=2;tauto=1
verina_basic_14,model,goedel-prover-v2-8b,1.0,model,[],3098eb8c37e95e507aff4f0386bdd8bbe3f47dd89304407e2ebc204b95802dc3,"  have h_main : (∃ x, x ∈ s.toList ∧ (x = 'z' ∨ x = 'Z')) ↔ (s.toList.any fun c => c = 'z' || c = 'Z') := by
    constructor
    · -- Prove the forward direction: (∃ x, x ∈ s.toList ∧ (x = 'z' ∨ x = 'Z')) → (s.toList.any fun c => c = 'z' || c = 'Z')
      intro h
      -- Use the definition of `List.any` to show the equivalence
      have h₁ : s.toList.any (fun c => c = 'z' || c = 'Z') := by
        -- Use the fact that `List.any` is equivalent to the existential form
        simpa [List.any_cons, List.mem_cons, or_imp, or_assoc] using h
      exact h₁
    · -- Prove the backward direction: (s.toList.any fun c => c = 'z' || c = 'Z') → (∃ x, x ∈ s.toList ∧ (x = 'z' ∨ x = 'Z'))
      intro h
      -- Use the definition of `List.any` to show the equivalence
      have h₁ : ∃ x, x ∈ s.toList ∧ (x = 'z' ∨ x = 'Z') := by
        -- Use the fact that `List.any` is equivalent to the existential form
        simpa [List.any_cons, List.mem_cons, or_imp, or_assoc] using h
      exact h₁

  -- Use the main lemma to prove the final statement
  simp_all [containsZ_postcond, containsZ]
  <;>
  aesop
","
",1102,21,15,10,0,False,0,1,True,False,0,3,2,0,2,1,0,0,0,0,0,0,1,0,0,0,0,True,1,0,False,False,False,False,have,aesop=1;constructor=1;exact=2;have=3;intro=2;simp_all=1
verina_basic_14,model,goedel-prover-v2-8b__avoid_unfold,1.0,model,[],5351f89382f82260f96d74c37e3d66bd31b868927b7635b211f7f020e51d2347,"  have h_main : (containsZ (s) h_precond) = (∃ x, x ∈ s.toList ∧ (x = 'z' ∨ x = 'Z')) := by
    simp [containsZ, containsZ_precond, List.any, h_precond]
    <;>
    aesop

  have h_final : containsZ_postcond (s) (containsZ (s) h_precond) h_precond := by
    simp_all [containsZ_postcond, h_main, containsZ_precond]
    <;>
    aesop

  exact h_final
","
",350,11,9,7,0,False,1,1,True,False,0,2,1,0,0,0,0,0,0,0,0,0,2,0,0,0,0,True,3,0,False,False,True,False,have,aesop=2;exact=1;have=2;simp=1;simp_all=1
verina_basic_14,model,goedel-prover-v2-8b__hard_unfold,0.0,model,[],1a1e0adcfb658f3fdaba47e503df828d7c33d194840b1579ae7bf66f5bdf5a04,"  unfold containsZ containsZ_postcond
  have h₁ : (s.toList.any (fun c => c = 'z' ∨ c = 'Z')) ↔ (s.toList.any (fun c => c = 'z' ∨ c = 'Z')) := by
    apply Iff.intro
    · intro h
      exact h
    · intro h
      exact h

  simp_all [containsZ_postcond, containsZ, List.any_cons, List.mem_cons, List.mem_nil_iff]
  <;>
  aesop
","
",328,11,10,9,1,True,0,1,True,False,0,1,2,1,2,0,0,0,0,0,0,0,1,0,0,0,0,True,2,0,False,False,False,False,unfold,aesop=1;apply=1;exact=2;have=1;intro=2;simp_all=1;unfold=1
verina_basic_15,model,qwen3-32b,0.0,model,[],6bf0a86ec82ea6e8377a3bf477a9205f2d0b08ded7541aa7690a1b85776cc078,"  unfold containsConsecutiveNumbers containsConsecutiveNumbers_postcond
  constructor
  · simp_all
    intro i hi hconsec
    have hi' : 1 + i < a.size := by
        rw [Nat.add_comm]
        exact Nat.add_lt_of_lt_sub hi
    have hi'' : i < a.size := by
      have : i < 1 + i := by
        simp [Nat.lt_add_of_pos_left]
      exact Nat.lt_trans this hi'
    constructor
    · exact Nat.lt_of_add_right_lt hi'
    · apply Array.any_iff_exists.mpr
      simp
      exists i
      simp [hi, hi'']
      have : a[i]! = a[i] := by
        exact getElem!_pos a i hi''
      rw [←this]
      exact hconsec
  · simp
    intro ha h
    have h' := Array.any_iff_exists.mp h
    simp at h'
    rcases h' with ⟨i, hi, ⟨hi', hconsec⟩⟩
    have : a[i]! = a[i] := by
      exact getElem!_pos a i hi
    exists i
    rw [this]
    simp_all
","
",826,31,31,31,1,True,5,2,False,False,3,6,6,1,2,2,1,0,0,0,0,0,0,0,0,0,0,True,1,0,False,False,False,False,unfold,apply=1;constructor=2;exact=6;exists=2;have=6;intro=2;rcases=1;rw=3;simp=5;simp_all=2;unfold=1
verina_basic_16,model,deepseek-prover-v2-7b,3.0,model,[],84aab17a810ff0f8233d5b36bee86ae8fe99dcaa6689d64442bc852848647e33,"  have h_main : replaceChars_postcond (s) (oldChar) (newChar) (replaceChars (s) (oldChar) (newChar) h_precond) h_precond := by
    dsimp [replaceChars, replaceChars_postcond]
    <;>
    (try simp_all) <;>
    (try
      {
        simp_all [List.length_map, List.length_toList]
      }) <;>
    (try
      {
        constructor <;>
        intro i _ <;>
        (try cases i <;> simp_all [List.get, List.get?, List.nthLe, List.map]) <;>
        (try
          {
            split_ifs <;>
            simp_all [List.get, List.get?, List.nthLe, List.map] <;>
            (try omega) <;>
            (try
              {
                cases s with
                | mk l =>
                  cases l with
                  | nil => simp_all
                  | cons hd tl =>
                    simp_all [List.get]
                    <;>
                    (try aesop)
                }
              )
          }
        )
      }
    ) <;>
    aesop
  exact h_main
","
",969,36,36,25,0,False,1,6,True,False,0,1,1,0,1,1,3,0,0,0,1,0,2,0,0,0,0,True,2,0,False,False,True,False,have,aesop=2;cases=3;constructor=1;dsimp=1;exact=1;have=1;intro=1;omega=1;simp_all=6;try=8
verina_basic_16,model,deepseek-prover-v2-7b__hard_unfold,4.0,model,[],b0595771e943c5c4a9d98b4e943ba798a688265af8aad8acd26a0bb90dc2d570,"  unfold replaceChars replaceChars_postcond
  have h_main : replaceChars_postcond (s) (oldChar) (newChar) (replaceChars (s) (oldChar) (newChar) h_precond) h_precond := by
    dsimp [replaceChars, replaceChars_postcond]
    have h₁ : (replaceChars (s) (oldChar) (newChar) h_precond).length = s.length := by
      simp [replaceChars]
      <;> rfl
    constructor
    · exact h₁
    · intro i hi
      have h₂ : ((s.toList.map fun c => if c = oldChar then newChar else c) : List Char) = (s.toList.map fun c => if c = oldChar then newChar else c) := rfl
      simp_all [List.get, List.get]
      <;>
      (try aesop) <;>
      (try simp_all [List.get, List.get]) <;>
      (try
        {
          split_ifs <;>
          (try simp_all [List.get, List.get]) <;>
          (try aesop)
        }) <;>
      (try
        {
          simp_all [String.get]
          <;>
          (try aesop)
          <;>
          (try
            {
              cases s <;>
              cases oldChar <;>
              cases newChar <;>
              simp_all [List.get]
              <;>
              aesop
            })
        }) <;>
      (try
        {
          aesop
        })
  exact h_main
","
",1184,41,41,34,1,True,2,5,True,False,0,3,2,0,1,1,3,0,0,0,0,0,5,0,2,0,0,True,5,0,False,False,True,False,unfold,aesop=5;cases=3;constructor=1;dsimp=1;exact=2;have=3;intro=1;rfl=2;simp=1;simp_all=5;try=9;unfold=1
verina_basic_16,model,goedel-prover-v2-8b__avoid_unfold,0.0,model,[],6b815ca12c5f57455e6e3b82cde1756b9391151aeff6444356cdce1a75b03aa8,"  have h_main : replaceChars_postcond (s) (oldChar) (newChar) (replaceChars (s) (oldChar) (newChar) h_precond) h_precond := by
    dsimp [replaceChars, replaceChars_precond, replaceChars_postcond]
    <;>
    (try decide) <;>
    (try simp_all [String.length, List.map, List.length, List.get]) <;>
    (try
      {
        ext i
        induction s using String.induction_on with
        | nil => simp_all
        | cons a s ih =>
          cases i with
          | zero =>
            simp_all [String.get, List.get]
            <;>
            aesop
          | succ i =>
            simp_all [String.get, List.get]
            <;>
            aesop
      }) <;>
    (try
      {
        simp_all [String.length, List.map, List.length, List.get]
        <;>
        aesop
      })
    <;>
    aesop
  exact h_main
","
",816,30,30,20,0,False,1,5,True,False,0,1,1,0,0,0,1,1,0,0,0,1,4,0,0,0,0,True,2,0,False,False,True,False,have,aesop=4;cases=1;decide=1;dsimp=1;exact=1;ext=1;have=1;induction=1;simp_all=5;try=4
verina_basic_17,model,deepseek-prover-v2-7b,1.0,model,[],905e765471b08591436c30e727ff3c06b5fe3d40d39995ee9dac4fac525e7116,"  have h_length : (toLowercase (s) h_precond).length = s.length := by
    simp [toLowercase, List.length_map]
    <;> rfl

  have h_main : ∀ (i : Nat), i < s.length →
    (isUpperCase (s.toList.get! i) → (toLowercase (s) h_precond).toList.get! i = shift32 (s.toList.get! i)) ∧
    (¬isUpperCase (s.toList.get! i) → (toLowercase (s) h_precond).toList.get! i = s.toList.get! i) := by
    intro i h_i
    constructor
    · -- Prove the first condition: if isUpperCase, then shift32
      intro h_up
      have h1 : (toLowercase (s) h_precond).toList.get! i = shift32 (s.toList.get! i) := by
        have h2 : (toLowercase (s) h_precond).toList = (s.toList.map (fun c => if isUpperCase c then shift32 c else c)) := by
          simp [toLowercase]
          <;> congr <;> funext c <;> simp [shift32]
          <;> split <;> simp_all [List.get] <;> aesop
        rw [h2]
        have h3 : i < s.length := by simpa using h_i
        have h4 : i < s.toList.length := by simpa [List.length_map] using h3
        simp_all [List.get]
        <;> aesop
      exact h1
    · -- Prove the second condition: if not isUpperCase, then same character
      intro h_not_up
      have h1 : (toLowercase (s) h_precond).toList.get! i = s.toList.get! i := by
        have h2 : (toLowercase (s) h_precond).toList = (s.toList.map (fun c => if isUpperCase c then shift32 c else c)) := by
          simp [toLowercase]
          <;> congr <;> funext c <;> simp [shift32]
          <;> split <;> simp_all [List.get] <;> aesop
        rw [h2]
        have h3 : i < s.length := by simpa using h_i
        have h4 : i < s.toList.length := by simpa [List.length_map] using h3
        simp_all [List.get]
        <;> aesop
      exact h1

  constructor
  · -- Prove that the length of the result string is the same as the original string
    exact h_length
  · -- Prove that for all i < s.length, the i-th character of the result string is correctly transformed
    intro i h_i
    have h := h_main i h_i
    cases h with
    | intro h1 h2 =>
      have h3 : (isUpperCase (s.toList.get! i) → (toLowercase (s) h_precond).toList.get! i = shift32 (s.toList.get! i)) := h1
      have h4 : (¬isUpperCase (s.toList.get! i) → (toLowercase (s) h_precond).toList.get! i = s.toList.get! i) := h2
      simp_all [toLowercase_postcond]
      <;> aesop
","
",2306,48,46,46,0,False,5,5,True,False,2,13,3,0,5,2,1,0,2,0,0,0,5,0,1,0,0,True,12,13,True,False,True,False,have,aesop=5;cases=1;constructor=2;exact=3;funext=2;have=13;intro=5;rfl=1;rw=2;simp=5;simp_all=5;split=2
verina_basic_17,model,deepseek-prover-v2-7b__hard_unfold,2.0,model,[],1d876170d40fc673d960bfcbceffa3164e2c798d4fb859f10631934219c3096e,"  unfold toLowercase toLowercase_postcond
  have h_len : (toLowercase (s) h_precond).length = s.length := by
    simp [toLowercase, List.length_map]
    <;>
    rfl

  have h_main : ∀ (i : Nat), i < s.length → (isUpperCase (s.toList[i]!) → (toLowercase (s) h_precond).toList[i]! = shift32 (s.toList[i]!)) ∧ (¬isUpperCase (s.toList[i]!) → (toLowercase (s) h_precond).toList[i]! = s.toList[i]!) := by
    intro i hi
    constructor
    · -- Prove the first implication: if c is uppercase, then toLowercase_postcond holds
      intro h
      simp_all [toLowercase, List.get]
      <;>
      (try aesop) <;>
      (try {
        simp_all [isUpperCase, shift32, List.get]
        <;>
        (try
          {
            split_ifs <;>
            simp_all [List.get] <;>
            (try omega) <;>
            (try aesop) <;>
            (try contradiction)
          })
        <;>
        (try omega)
        <;>
        (try aesop)
        <;>
        (try contradiction)
      }) <;>
      (try {
        cases s with
        | mk s' =>
          cases s' with
          | nil => contradiction
          | cons s0 ss =>
            simp_all [List.get]
            <;>
            aesop
      })
    · -- Prove the second implication: if c is not uppercase, then toLowercase_postcond holds
      intro h
      simp_all [toLowercase, List.get]
      <;>
      (try aesop) <;>
      (try {
        simp_all [isUpperCase, shift32, List.get]
        <;>
        (try
          {
            split_ifs <;>
            simp_all [List.get] <;>
            (try omega) <;>
            (try aesop) <;>
            (try contradiction)
          })
        <;>
        (try omega)
        <;>
        (try aesop)
        <;>
        (try contradiction)
      }) <;>
      (try {
        cases s with
        | mk s' =>
          cases s' with
          | nil => contradiction
          | cons s0 ss =>
            simp_all [List.get]
            <;>
            aesop
      })

  constructor
  · exact h_len
  · intro i hi
    have h := h_main i hi
    aesop
","
",2047,81,79,64,1,True,1,8,True,False,0,3,1,0,4,2,4,0,0,0,4,0,9,0,1,0,0,True,7,7,True,False,True,False,unfold,aesop=9;cases=4;constructor=2;contradiction=6;exact=1;have=3;intro=4;omega=4;rfl=1;simp=1;simp_all=8;try=20;unfold=1
verina_basic_17,model,goedel-prover-v2-8b__avoid_unfold,4.0,model,[],f321ae1300f625746ec934037c3a7d4c3a9b69d2de461fc477af6c194e602a21,"  have h₁ : (toLowercase (s) h_precond).length = s.length := by
    simp [toLowercase, toLowercase_precond, List.length_map]
    <;>
    simp_all [String.toList_eq_nil]
    <;>
    rfl

  have h₂ : ∀ (i : Nat), i < s.length → (isUpperCase (s.toList[i]!) → (toLowercase (s) h_precond).toList[i]! = shift32 (s.toList[i]!)) ∧ (¬isUpperCase (s.toList[i]!) → (toLowercase (s) h_precond).toList[i]! = s.toList[i]!) := by
    intro i hi
    have h₃ : (isUpperCase (s.toList[i]!) → (toLowercase (s) h_precond).toList[i]! = shift32 (s.toList[i]!)) ∧ (¬isUpperCase (s.toList[i]!) → (toLowercase (s) h_precond).toList[i]! = s.toList[i]!) := by
      have h₄ : (toLowercase (s) h_precond).toList = (s.toList).map (fun c => if isUpperCase c then shift32 c else c) := by
        simp [toLowercase, toLowercase_precond, List.map_map]
        <;>
        simp_all [String.toList_eq_nil]
        <;>
        rfl
      have h₅ : (toLowercase (s) h_precond).toList[i]! = (if isUpperCase (s.toList[i]!) then shift32 (s.toList[i]!) else (s.toList[i]!)) := by
        rw [h₄]
        <;>
        simp [List.get]
        <;>
        aesop
      constructor
      · intro h₆
        rw [h₅]
        <;>
        simp [h₆]
        <;>
        aesop
      · intro h₆
        rw [h₅]
        <;>
        simp [h₆]
        <;>
        aesop
    exact h₃

  have h₃ : toLowercase_postcond (s) (toLowercase (s) h_precond) h_precond := by
    constructor
    · -- Prove that the length of the result is the same as the input string
      exact h₁
    · -- Prove that for every index i < s.length, the result satisfies the required properties
      intro i hi
      exact h₂ i hi

  exact h₃
","
",1659,46,43,31,0,False,5,2,True,False,3,6,4,0,4,2,0,0,0,0,0,0,3,0,2,0,0,True,10,10,True,False,True,False,have,aesop=3;constructor=2;exact=4;have=6;intro=4;rfl=2;rw=3;simp=5;simp_all=2
verina_basic_26,model,deepseek-prover-v2-7b,0.0,model,[],723f03c02fb29b01f55aabc30ff8e37fbb5eb77a93e19a197ecb9385b99e09a7,"  have h_main : isEven_postcond n (isEven n h_precond) h_precond := by
    simp only [isEven_postcond, isEven_precond, isEven, and_true]
    -- Simplify the goal using the definitions and properties of parity
    <;>
    by_cases h : n % 2 = 0 <;>
    simp_all [Int.emod_emod]
    <;>
    (try { omega }) <;>
    (try { aesop }) <;>
    (try {
      norm_num at *
      <;>
      omega }) <;>
    (try {
      simp_all [Int.emod_emod]
      <;>
      omega })
    <;>
    aesop

  exact h_main
","
",494,21,19,16,0,False,1,2,True,True,0,1,1,0,0,0,0,0,0,1,3,0,2,0,0,1,0,True,2,0,False,False,True,False,have,aesop=2;by_cases=1;exact=1;have=1;norm_num=1;omega=3;simp=1;simp_all=2;try=4
verina_basic_26,model,deepseek-prover-v2-7b__hard_unfold,0.0,model,[],68e9eab161353724f9acbd95fafdf5a3ca30558de815f41cd5c7e602c1ad0e54,"  unfold isEven isEven_postcond
  have h_main : isEven_postcond (n) (isEven (n) h_precond) h_precond := by
    dsimp [isEven_postcond, isEven, isEven_precond]
    constructor
    · -- Prove (result → n % 2 = 0)
      intro h
      simp_all [Int.emod_eq_of_lt]
      <;> aesop
    · -- Prove (¬ result → n % 2 ≠ 0)
      intro h
      simp_all [Int.emod_eq_of_lt]
      <;> aesop
  exact h_main
","
",394,13,13,11,1,True,1,2,True,False,0,1,1,0,2,1,0,0,0,0,0,0,2,0,0,0,0,True,3,0,False,False,True,False,unfold,aesop=2;constructor=1;dsimp=1;exact=1;have=1;intro=2;simp_all=2;unfold=1
verina_basic_26,model,goedel-prover-v2-32b,0.0,model,[],b1a2600b4c52649ca134c7e160b92884ab2c8149689bc8054d792c01fde926f3,"  have h_main : (isEven (n) h_precond → n % 2 = 0) ∧ (¬ isEven (n) h_precond → n % 2 ≠ 0) := by
    by_cases h : n % 2 = 0
    · -- Case 1: n % 2 = 0
      have h₁ : isEven (n) h_precond = true := by
        simp [isEven, h, Int.emod_eq_of_lt]
        <;> norm_num
      constructor
      · -- Prove (isEven (n) h_precond → n % 2 = 0)
        intro h₂
        rw [h₁] at h₂
        simp at h₂
        <;> simp_all
      · -- Prove (¬ isEven (n) h_precond → n % 2 ≠ 0)
        intro h₂
        rw [h₁] at h₂
        simp at h₂
        <;> simp_all
    · -- Case 2: n % 2 ≠ 0
      have h₁ : isEven (n) h_precond = false := by
        simp [isEven]
        <;>
        (try norm_num) <;>
        (try
          {
            have h₂ : n % 2 ≠ 0 := h
            have h₃ : n % 2 = 1 ∨ n % 2 = -1 := by
              have h₄ : n % 2 = 1 ∨ n % 2 = -1 := by
                have : n % 2 = 1 ∨ n % 2 = -1 := by
                  have h₅ : n % 2 = 1 ∨ n % 2 = -1 := by
                    omega
                  exact h₅
                exact this
              exact h₄
            cases h₃ with
            | inl h₃ =>
              simp [h₃]
              <;> norm_num
            | inr h₃ =>
              simp [h₃]
              <;> norm_num
          }) <;>
        (try omega)
      constructor
      · -- Prove (isEven (n) h_precond → n % 2 = 0)
        intro h₂
        rw [h₁] at h₂
        simp at h₂
        <;> simp_all
      · -- Prove (¬ isEven (n) h_precond → n % 2 ≠ 0)
        intro h₂
        rw [h₁] at h₂
        simp at h₂
        <;> simp_all
  -- Use the main result to prove the postcondition
  simpa [isEven_postcond] using h_main
","
",1650,55,54,44,0,False,8,4,True,False,4,8,3,0,4,2,1,0,0,1,2,0,0,0,0,4,0,True,6,0,False,False,True,False,have,by_cases=1;cases=1;constructor=2;exact=3;have=8;intro=4;norm_num=4;omega=2;rw=4;simp=8;simp_all=4;try=3
verina_basic_26,model,goedel-prover-v2-8b,0.0,model,[],127e3fc453467c108bedc8feb017509b74c526a3dfebac07f1f4ef2e4cd00c19,"  have h1 : isEven (n) h_precond → n % 2 = 0 := by
    intro h
    have h₂ : n % 2 == 0 := by
      simpa [isEven] using h
    have h₃ : n % 2 = 0 := by
      simp_all [isEven, isEven_precond]
      <;>
      (try omega) <;>
      (try norm_num at *) <;>
      (try omega) <;>
      (try ring_nf at *) <;>
      (try omega)
    exact h₃

  have h2 : ¬ isEven (n) h_precond → n % 2 ≠ 0 := by
    intro h
    have h₃ : n % 2 ≠ 0 := by
      by_contra h₄
      have h₅ : n % 2 = 0 := by simpa using h₄
      have h₆ : isEven (n) h_precond := by
        simp_all [isEven]
        <;>
        (try omega) <;>
        (try norm_num at *) <;>
        (try omega) <;>
        (try ring_nf at *) <;>
        (try omega)
      contradiction
    exact h₃

  have h_main : isEven_postcond (n) (isEven (n) h_precond) h_precond := by
    constructor
    · -- Prove the first part: if isEven (n) h_precond, then n % 2 = 0
      exact h1
    · -- Prove the second part: if ¬ isEven (n) h_precond, then n % 2 ≠ 0
      exact h2

  exact h_main
","
",1027,38,35,40,0,False,0,2,True,False,0,8,5,0,2,1,0,0,0,0,6,0,0,0,0,2,0,True,7,0,False,False,True,False,have,by_contra=1;constructor=1;contradiction=1;exact=5;have=8;intro=2;norm_num=2;omega=6;ring_nf=2;simp_all=2;try=10
verina_basic_26,model,goedel-prover-v2-8b__avoid_unfold,0.0,model,[],021b32bf1ef51d8762f77cdfbb40192ebfc95544ef928c5c445372921462037a,"  have h₁ : (isEven (n) h_precond → (n % 2 = 0)) := by
    intro h
    have h₂ : isEven (n) h_precond = (n % 2 == 0) := rfl
    rw [h₂] at h
    -- Now we need to show that if n % 2 == 0 is true, then n % 2 = 0.
    -- This is straightforward because n % 2 == 0 is defined as n % 2 = 0 in Lean.
    simpa [Int.emod_eq_of_lt] using h

  have h₂ : (¬ isEven (n) h_precond → (n % 2 ≠ 0)) := by
    intro h
    have h₃ : isEven (n) h_precond = (n % 2 == 0) := rfl
    rw [h₃] at h
    -- Now we need to show that if ¬ (n % 2 == 0), then n % 2 ≠ 0.
    -- This is straightforward because n % 2 == 0 is defined as n % 2 = 0 in Lean.
    by_contra h₄
    -- Assume n % 2 = 0.
    have h₅ : n % 2 = 0 := by simpa [Int.emod_eq_of_lt] using h₄
    -- Since n % 2 = 0, we have n % 2 == 0.
    have h₆ : (n % 2 == 0) := by simpa [Int.emod_eq_of_lt] using h₅
    -- This contradicts the assumption that ¬ (n % 2 == 0).
    contradiction

  have h₃ : isEven_postcond (n) (isEven (n) h_precond) h_precond := by
    constructor
    · -- Prove the first part: isEven (n) h_precond → n % 2 = 0
      intro h
      exact h₁ h
    · -- Prove the second part: ¬ isEven (n) h_precond → n % 2 ≠ 0
      intro h
      exact h₂ h

  exact h₃
","
",1217,32,22,21,0,False,0,0,False,False,2,7,3,0,4,1,0,0,0,0,0,0,0,0,2,0,0,False,5,0,False,False,True,False,have,by_contra=1;constructor=1;contradiction=1;exact=3;have=7;intro=4;rfl=2;rw=2
verina_basic_26,model,goedel-prover-v2-8b__hard_unfold,0.0,model,[],942bc3bb73a2abb14ce8958c6f11ddd7876b4979e9754ad8a4bca0304ed19d74,"  unfold isEven isEven_postcond
  have h_main : (isEven (n) h_precond → n % 2 = 0) ∧ (¬ isEven (n) h_precond → n % 2 ≠ 0) := by
    constructor
    · -- Prove the first implication: isEven (n) h_precond → n % 2 = 0
      intro h
      -- Since isEven (n) h_precond is n % 2 = 0, this is trivially true
      simp_all [isEven, isEven_precond, isEven_postcond]
      <;> aesop
    · -- Prove the second implication: ¬ isEven (n) h_precond → n % 2 ≠ 0
      intro h
      -- Since ¬ isEven (n) h_precond is ¬ (n % 2 = 0), this is equivalent to n % 2 ≠ 0
      simp_all [isEven, isEven_precond, isEven_postcond]
      <;> aesop
  -- Use the main result to conclude the proof
  simpa [isEven, isEven_precond, isEven_postcond] using h_main
","
",734,15,12,9,1,True,0,2,True,False,0,1,0,0,2,1,0,0,0,0,0,0,2,0,0,0,0,True,6,0,False,False,True,False,unfold,aesop=2;constructor=1;have=1;intro=2;simp_all=2;unfold=1
verina_basic_26,model,qwen3-14b,3.0,model,[],4fe861c913e4f4329ed749b27c41b41b5cfe71965df7103abad36e1b2ffd47f1,"  unfold isEven isEven_postcond
  simp_all
","
",43,2,2,2,1,True,0,1,False,False,0,0,0,0,0,0,0,0,0,0,0,0,0,0,0,0,0,True,1,0,False,False,False,False,unfold,simp_all=1;unfold=1
verina_basic_26,model,qwen3-14b__neutral,2.0,model,[],4fe861c913e4f4329ed749b27c41b41b5cfe71965df7103abad36e1b2ffd47f1,"  unfold isEven isEven_postcond
  simp_all
","
",43,2,2,2,1,True,0,1,False,False,0,0,0,0,0,0,0,0,0,0,0,0,0,0,0,0,0,True,1,0,False,False,False,False,unfold,simp_all=1;unfold=1
verina_basic_3,model,deepseek-prover-v2-7b,0.0,model,[],8771e54b36001274912511e660f8238dd073423fcdb41adff1d10bd8068d3064,"  have h_main : isDivisibleBy11_postcond n (isDivisibleBy11 n h_precond) h_precond := by
    unfold isDivisibleBy11_postcond
    constructor
    · -- Prove the forward direction: if isDivisibleBy11 n h_precond, then ∃ k, n = 11 * k
      intro h
      have h₁ : n % 11 = 0 := by simpa [isDivisibleBy11, h_precond] using h
      -- Since n % 11 = 0, we can write n = 11 * k for some integer k
      have h₂ : ∃ k : Int, n = 11 * k := by
        use n / 11
        have h₃ : n % 11 = 0 := h₁
        have h₄ : n = 11 * (n / 11) := by
          have h₅ : n % 11 = 0 := h₁
          omega
        linarith
      exact h₂
    · -- Prove the backward direction: if ¬isDivisibleBy11 n h_precond, then ∀ k : Int, ¬n = 11 * k
      intro h
      have h₁ : ¬(n % 11 = 0) := by simpa [isDivisibleBy11, h_precond] using h
      intro k hk
      have h₂ : n % 11 = 0 := by
        have h₃ : n = 11 * k := by omega
        have h₄ : n % 11 = 0 := by
          rw [h₃]
          simp [Int.mul_emod, Int.emod_emod]
        exact h₄
      exact h₁ h₂
  exact h_main
","
",1049,27,26,25,1,False,1,0,False,False,1,10,4,0,3,1,0,0,0,0,2,0,0,0,0,0,1,True,3,0,False,False,True,False,have,constructor=1;exact=4;have=10;intro=3;linarith=1;omega=2;rw=1;simp=1;unfold=1;use=1
verina_basic_3,model,deepseek-prover-v2-7b__hard_unfold,0.0,model,[],d67ff6b5a41844459a1fecd71147f7bc4a1e86f9ca14299b5ff99dee6dfb8865,"  unfold isDivisibleBy11 isDivisibleBy11_postcond
  have h_main : ((isDivisibleBy11 (n) h_precond) → (∃ k : Int, n = 11 * k)) ∧ (¬ (isDivisibleBy11 (n) h_precond) → (∀ k : Int, ¬ (n = 11 * k))) := by
    constructor
    · -- Prove the first part: if result is true, then n is divisible by 11
      intro h
      have h₁ : n % 11 = 0 := by
        simp [isDivisibleBy11, h_precond] at h ⊢
        <;> simp_all (config := {decide := true})
        <;> aesop
      -- Use the fact that n % 11 = 0 to find k such that n = 11 * k
      use n / 11
      have h₂ := Int.emod_add_ediv n 11
      have h₃ := Int.emod_add_ediv n 11
      simp [h₁] at h₂ h₃ ⊢
      <;> ring_nf at h₂ h₃ ⊢ <;> omega
    · -- Prove the second part: if result is false, then n is not divisible by 11
      intro h
      intro k hk
      have h₁ : n % 11 ≠ 0 := by
        simp [isDivisibleBy11, h_precond] at h ⊢
        <;> simp_all (config := {decide := true})
        <;> aesop
      have h₂ : n % 11 = 0 := by
        have h₃ : n = 11 * k := by omega
        rw [h₃]
        simp [Int.mul_emod, h₁]
      exact h₁ h₂
  exact h_main
","
",1106,28,27,29,1,True,4,2,True,False,1,7,2,0,3,1,0,0,0,0,2,2,2,0,0,0,0,True,5,0,False,False,True,False,unfold,aesop=2;constructor=1;decide=2;exact=2;have=7;intro=3;omega=2;ring_nf=1;rw=1;simp=4;simp_all=2;unfold=1;use=1
verina_basic_3,model,goedel-prover-v2-32b,0.0,model,[],e34bf210eaab07d7db0d6d0bbae8863b0c042bf9d8ad14479e189f9d03d4b671,"  have h_main : (if n % 11 == 0 then (∃ k : Int, n = 11 * k) else (∀ k : Int, ¬ n = 11 * k)) := by
    split_ifs with h
    · -- Case: n % 11 == 0
      have h₁ : ∃ k : Int, n = 11 * k := by
        have h₂ : (11 : Int) ∣ n := by
          -- Since n % 11 == 0, 11 divides n
          have h₃ : n % 11 = 0 := by simpa using h
          exact Int.dvd_of_emod_eq_zero h₃
        -- There exists an integer k such that n = 11 * k
        obtain ⟨k, hk⟩ := h₂
        exact ⟨k, by linarith⟩
      exact h₁
    · -- Case: n % 11 ≠ 0
      have h₁ : ∀ k : Int, ¬ n = 11 * k := by
        intro k hk
        have h₂ : n % 11 = 0 := by
          have h₃ : n = 11 * k := hk
          have h₄ : (11 * k : Int) % 11 = 0 := by
            -- (11 * k) % 11 = 0 for any integer k
            norm_num [Int.mul_emod, Int.emod_emod]
          rw [h₃]
          exact h₄
        -- This contradicts the assumption that n % 11 ≠ 0
        have h₃ : ¬(n % 11 == 0) := by simpa using h
        have h₄ : n % 11 == 0 := by
          simpa [h₂] using h₃
        contradiction
      exact h₁

  dsimp [isDivisibleBy11_postcond, isDivisibleBy11] at *
  split_ifs at h_main <;> simp_all (config := {decide := true})
  <;>
  (try { contradiction }) <;>
  (try {
    intro k hk
    have h₁ := h_main
    exfalso
    apply h₁
    <;> linarith
  }) <;>
  (try {
    obtain ⟨k, hk⟩ := h_main
    exact ⟨k, by linarith⟩
  })
","
",1394,44,39,36,0,False,1,1,True,False,1,11,6,1,2,0,2,0,0,0,0,1,0,0,0,1,3,True,1,0,False,False,False,False,have,apply=1;contradiction=2;decide=1;dsimp=1;exact=6;exfalso=1;have=11;intro=2;linarith=3;norm_num=1;obtain=2;rw=1;simp_all=1;try=3
verina_basic_3,model,goedel-prover-v2-8b,0.0,model,[],614c0e3ca9a670204f20ff5590dd9cbe5bbf1cd3ff4cd63d56009091b6beb050,"  have h_main : isDivisibleBy11_postcond (n) (isDivisibleBy11 (n) h_precond) h_precond := by
    simp only [isDivisibleBy11_precond, isDivisibleBy11, isDivisibleBy11_postcond]
    <;>
    by_cases h : n % 11 = 0 <;>
    simp_all [Int.emod_eq_of_lt]
    <;>
    (try { omega }) <;>
    (try {
      -- For the case where n % 11 ≠ 0, we need to show that no k exists such that n = 11 * k
      -- Assume for contradiction that n = 11 * k
      intro k hk
      have h₁ := congr_arg (· % 11) hk
      simp at h₁
      <;>
      omega
    }) <;>
    (try {
      -- For the case where n % 11 = 0, we need to find a k such that n = 11 * k
      -- Take k = n / 11
      use n / 11
      have h₁ : n % 11 = 0 := by omega
      have h₂ : n = 11 * (n / 11) := by
        omega
      omega
    }) <;>
    (try {
      -- This is a placeholder for the actual contradiction proof
      exfalso
      omega
    })
  exact h_main
","
",917,31,26,22,0,False,2,1,True,True,0,4,1,0,1,0,0,0,0,1,6,0,0,0,0,0,0,True,2,0,False,False,True,False,have,by_cases=1;exact=1;exfalso=1;have=4;intro=1;omega=6;simp=2;simp_all=1;try=4;use=1
verina_basic_3,model,goedel-prover-v2-8b__avoid_unfold,1.0,model,[],582bc67fd74d2a819a33d340d1c9414e05389ed76742a79bcbea7c552fd93d94,"  have h_main : isDivisibleBy11_postcond (n) (isDivisibleBy11 (n) h_precond) h_precond := by
    have h₁ : (isDivisibleBy11 (n) h_precond) → (∃ k : Int, n = 11 * k) := by
      intro h
      have h₂ : n % 11 = 0 := by simpa [isDivisibleBy11] using h
      -- We need to find an integer k such that n = 11 * k
      use n / 11
      have h₃ : n % 11 = 0 := h₂
      have h₄ : n = 11 * (n / 11) + (n % 11) := by
        omega
      rw [h₃] at h₄
      linarith
    have h₂ : (¬ isDivisibleBy11 (n) h_precond) → (∀ k : Int, ¬ n = 11 * k) := by
      intro h
      intro k hk
      have h₃ : n % 11 = 0 := by
        -- We need to show that n % 11 = 0
        have h₄ : n = 11 * k := hk
        have h₅ : n % 11 = 0 := by
          rw [h₄]
          simp [Int.mul_emod, Int.emod_emod]
          <;> norm_num
        exact h₅
      have h₄ : ¬ isDivisibleBy11 (n) h_precond := h
      have h₅ : isDivisibleBy11 (n) h_precond ↔ n % 11 = 0 := by
        simp [isDivisibleBy11]
        <;> tauto
      simp_all
    exact ⟨h₁, h₂⟩
  exact h_main
","
",1037,29,27,27,0,False,2,1,True,False,2,11,3,0,3,0,0,0,0,0,1,0,0,0,0,1,1,True,7,0,False,False,True,False,have,exact=3;have=11;intro=3;linarith=1;norm_num=1;omega=1;rw=2;simp=2;simp_all=1;tauto=1;use=1
verina_basic_3,model,goedel-prover-v2-8b__hard_unfold,2.0,model,[],451d135bf02195916eaf48e522d8fd520ff63670c2c06d64cae66938c0ed4eae,"  unfold isDivisibleBy11 isDivisibleBy11_postcond
  have h_main₁ : (isDivisibleBy11 (n) h_precond → (∃ k : Int, n = 11 * k)) := by
    intro h
    have h₁ : n % 11 = 0 := by simpa [isDivisibleBy11] using h
    have h₂ : n = 11 * (n / 11) := by
      have h₃ : n % 11 = 0 := h₁
      have h₄ : n = 11 * (n / 11) + (n % 11) := by
        rw [Int.emod_def]
        <;> ring_nf
        <;> omega
      rw [h₃] at h₄
      linarith
    exact ⟨n / 11, by linarith⟩

  have h_main₂ : (¬ isDivisibleBy11 (n) h_precond → (∀ k : Int, ¬ n = 11 * k)) := by
    intro h
    intro k hk
    have h₁ : n % 11 ≠ 0 := by
      intro h₂
      apply h
      simpa [isDivisibleBy11] using h₂
    have h₂ : n % 11 = 0 := by
      have h₃ : n = 11 * k := hk
      rw [h₃]
      simp [Int.mul_emod, Int.emod_emod]
    contradiction

  constructor
  · -- Prove the first part: (isDivisibleBy11 (n) h_precond → (∃ k : Int, n = 11 * k))
    exact h_main₁
  · -- Prove the second part: (¬ isDivisibleBy11 (n) h_precond → (∀ k : Int, ¬ n = 11 * k))
    exact h_main₂
","
",1038,32,30,28,1,True,1,0,False,False,3,9,3,1,4,1,0,0,0,0,1,0,0,0,0,0,2,True,5,0,False,False,True,False,unfold,apply=1;constructor=1;contradiction=1;exact=3;have=9;intro=4;linarith=2;omega=1;ring_nf=1;rw=3;simp=1;unfold=1
verina_basic_31,model,deepseek-prover-v2-7b,3.0,model,[],c6b36ea7081a4a9de7354ee231ef5f6d93c60b84017ab47bc9f623eba66fc77c,"  have h_main : toUppercase_postcond (s) (toUppercase (s) h_precond) h_precond := by
    dsimp [toUppercase, toUppercase_postcond, isLowerCase, shiftMinus32]
    constructor
    · -- Prove that the lengths are the same
      simp [List.length_map]
    · -- Prove the condition for each index i
      intro i h₁
      have h₂ : i < s.length := h₁
      -- We need to consider the i-th character of the list
      simp [List.get]
      <;>
      (try
        {
          split <;> simp_all [List.get] <;>
          (try omega) <;>
          (try
            {
              simp_all [List.get]
              <;>
              (try
                {
                  simp_all [List.get]
                  <;>
                  (try
                    {
                      omega
                    })
                })
            })
        })
      <;>
      (try
        {
          -- If the character is lowercase, the mapping works
          simp_all [List.get]
          <;>
          (try
            {
              simp_all [List.get]
              <;>
              (try
                {
                  omega
                })
            })
        })
      <;>
      (try
        {
          -- If the character is not lowercase, the mapping works
          simp_all [List.get]
          <;>
          (try
            {
              simp_all [List.get]
              <;>
              (try
                {
                  omega
                })
            })
        })
      <;>
      (try
        {
          -- If the character is lowercase, show that the shift is correct
          split_ifs <;> simp_all [List.get, Char.ofNat_le] <;>
          (try
            {
              norm_num at *
              <;>
              omega
            })
          <;>
          (try
            {
              simp_all [List.get]
              <;>
              omega
            })
        })
      <;>
      (try
        {
          -- If the character is not lowercase, the mapping works
          split_ifs <;> simp_all [List.get, Char.ofNat_le] <;>
          (try omega) <;> (try omega) <;>
          (try
            {
              simp_all [List.get]
              <;>
              omega
            })
        })
  exact h_main
","
",2264,95,90,48,0,False,3,11,True,False,0,2,1,0,1,1,0,0,1,0,9,0,0,0,0,1,0,True,2,2,True,False,True,False,have,constructor=1;dsimp=1;exact=1;have=2;intro=1;norm_num=1;omega=9;simp=2;simp_all=11;split=1;try=18
verina_basic_31,model,goedel-prover-v2-8b__avoid_unfold,3.0,model,[],a37cfd50a3f62e3ee87c4dab6664eb6885e37afa6af47ed5e65d142a90319e69,"  have h_main : toUppercase_postcond (s) (toUppercase (s) h_precond) h_precond := by
    dsimp [toUppercase_precond, toUppercase_postcond]
    have h₁ : (toUppercase (s) h_precond).length = s.length := by
      simp [toUppercase, List.length_map, List.length_cons, List.length_nil]
      <;>
      induction s <;> simp_all [String.toList_cons, Char.toNat_add, List.map_cons, List.map_nil,
        List.length_map, List.length_cons, List.length_nil]
      <;>
      rfl
    have h₂ : ∀ i, i < s.length → (isLowerCase (s.toList[i]!) → (toUppercase (s) h_precond).toList[i]! = shiftMinus32 (s.toList[i]!)) ∧ (¬isLowerCase (s.toList[i]!) → (toUppercase (s) h_precond).toList[i]! = s.toList[i]!) := by
      intro i hi
      have h₃ : isLowerCase (s.toList[i]!) → (toUppercase (s) h_precond).toList[i]! = shiftMinus32 (s.toList[i]!) := by
        intro h
        have h₄ : (toUppercase (s) h_precond).toList[i]! = shiftMinus32 (s.toList[i]!) := by
          simp_all [toUppercase, List.map]
          <;> aesop
        exact h₄
      have h₅ : ¬isLowerCase (s.toList[i]!) → (toUppercase (s) h_precond).toList[i]! = s.toList[i]! := by
        intro h
        have h₆ : (toUppercase (s) h_precond).toList[i]! = s.toList[i]! := by
          simp_all [toUppercase, List.map]
          <;> aesop
        exact h₆
      exact ⟨h₃, h₅⟩
    exact ⟨h₁, h₂⟩
  exact h_main
","
",1358,26,26,24,0,False,2,3,True,False,0,7,5,0,3,0,0,1,0,0,0,0,2,0,1,0,0,True,11,7,True,False,True,False,have,aesop=2;dsimp=1;exact=5;have=7;induction=1;intro=3;rfl=1;simp=1;simp_all=3
verina_basic_31,model,goedel-prover-v2-8b__hard_unfold,3.0,model,[],ba909f456f8e982fa6d9858877f9da7e756ce1a7c3f1b096e1e6185fc2deaafe,"  unfold toUppercase toUppercase_postcond
  have h_main : toUppercase_postcond (s) (toUppercase (s) h_precond) h_precond := by
    unfold toUppercase toUppercase_postcond
    dsimp only [List.length, List.map, List.map_append, List.map_nil, List.append]
    <;>
    (try simp_all) <;>
    (try aesop) <;>
    (try
      {
        ext i
        by_cases h : isLowerCase (s[i]!)
        <;> simp_all [isLowerCase, shiftMinus32, Char.ofNat]
        <;> omega
      }) <;>
    (try
      {
        cases s <;> simp_all [String.toList, List.map, List.map, List.length, List.append, List.nil]
        <;> aesop
      }) <;>
    (try
      {
        cases i <;> simp_all [String.toList, List.map, List.map, List.length, List.append, List.nil]
        <;> aesop
      }) <;>
    (try
      {
        omega
      }) <;>
    (try
      {
        aesop
      })
  exact h_main
","
",866,33,33,26,2,True,1,4,False,False,0,1,1,0,0,0,2,0,0,1,2,0,4,0,0,0,0,True,3,3,True,False,True,False,unfold,aesop=4;by_cases=1;cases=2;dsimp=1;exact=1;ext=1;have=1;omega=2;simp_all=4;try=7;unfold=2
verina_basic_36,model,goedel-prover-v2-8b,4.0,model,[],9304df1c3321785d747d30166b5673e2805f4c9ac2af92e572a508e1890a5551,"  have h_main : replaceWithColon_postcond (s) (replaceWithColon (s) h_precond) h_precond := by
    dsimp [replaceWithColon_precond, replaceWithColon_postcond, replaceWithColon]
    constructor
    · -- Prove that the length of the result is the same as the length of s
      simp [List.length_cons, List.length_eq_zero]
      <;>
      aesop
    · -- Prove that for each index i < s.length, the conditions hold
      intro i hi
      have h₁ : (s.toList.map (fun c => if isSpaceCommaDot c then ':' else c)) = (s.toList.map (fun c => if isSpaceCommaDot c then ':' else c)) := rfl
      simp_all [List.get, List.map, List.zipWith, List.zip, List.get]
      <;>
      (try aesop) <;>
      (try
        {
          by_cases h : isSpaceCommaDot (s.toList.get ⟨i, hi⟩) <;> simp_all [isSpaceCommaDot, List.get]
          <;>
          (try { aesop }) <;>
          (try { simp_all [List.get] }) <;>
          (try { aesop }) <;>
          (try { simp_all [List.get] }) <;>
          (try { aesop })
        }) <;>
      (try
        {
          aesop
        }) <;>
      (try
        {
          simp_all [List.get]
          <;>
          aesop
        })
      <;>
      aesop

  exact h_main
","
",1190,37,36,31,0,False,2,5,True,False,0,2,1,0,1,1,0,0,0,1,0,0,8,0,1,0,0,True,2,4,True,False,True,False,have,aesop=8;by_cases=1;constructor=1;dsimp=1;exact=1;have=2;intro=1;rfl=1;simp=1;simp_all=5;try=9
verina_basic_42,model,deepseek-prover-v2-7b,0.0,model,[],fe928ace9ea7657f0f6bcd809e9d68823889525a2f276c256760c7b2c1ca5012,"  have h_main : (countDigits (s) h_precond) - List.length (List.filter isDigit (s.toList)) = 0 := by
    have h₁ : countDigits (s) h_precond = List.length (List.filter isDigit (s.toList)) := rfl
    rw [h₁]
    <;> simp
    <;> omega

  have h_main₂ : List.length (List.filter isDigit (s.toList)) - countDigits (s) h_precond = 0 := by
    have h₁ : countDigits (s) h_precond = List.length (List.filter isDigit (s.toList)) := rfl
    have h₂ : List.length (List.filter isDigit (s.toList)) - countDigits (s) h_precond = 0 := by
      omega
    exact h₂

  exact ⟨h_main, h_main₂⟩
","
",578,13,11,13,0,False,1,0,False,False,1,5,2,0,0,0,0,0,0,0,2,0,0,0,2,0,0,True,5,5,True,False,True,False,have,exact=2;have=5;omega=2;rfl=2;rw=1;simp=1
verina_basic_42,model,deepseek-prover-v2-7b__hard_unfold,0.0,model,[],62b5e9248c0c2ab5d851cc8073ac6bc9dee7c81985a4c9b948557dadae16ef73,"  unfold countDigits countDigits_postcond
  have h_main : (countDigits (s) h_precond) - countDigits (s) h_precond = 0 ∧ countDigits (s) h_precond - countDigits (s) h_precond = 0 := by
    constructor <;>
    ( simp [Nat.sub_self] ) <;>
    rfl

  simpa [countDigits_postcond, countDigits] using h_main
","
",302,7,6,5,1,True,1,0,False,False,0,1,0,0,0,1,0,0,0,0,0,0,0,0,1,0,0,True,6,0,False,False,True,False,unfold,constructor=1;have=1;rfl=1;simp=1;unfold=1
verina_basic_42,model,goedel-prover-v2-32b,0.0,model,[],2d93bcb7e89938620ae638935046eecf6d0be34104d5f7a3e1f7c9e697389094,"  have h_main : countDigits_postcond (s) (countDigits (s) h_precond) h_precond := by
    have h₁ : countDigits s h_precond = List.length (List.filter isDigit s.toList) := by rfl
    have h₂ : countDigits s h_precond - List.length (List.filter isDigit s.toList) = 0 := by
      rw [h₁]
      <;> simp [Nat.sub_self]
    have h₃ : List.length (List.filter isDigit s.toList) - countDigits s h_precond = 0 := by
      rw [h₁]
      <;> simp [Nat.sub_self]
    exact ⟨h₂, h₃⟩
  exact h_main
","def proof_aux (s : String) (h_precond : countDigits_precond (s)) : countDigits_postcond (s) (countDigits (s) h_precond) h_precond := by
  have h₁ : countDigits s h_precond = List.length (List.filter isDigit s.toList) := by
    rfl
  have h₂ : countDigits s h_precond - List.length (List.filter isDigit s.toList) = 0 := by
    rw [h₁]
    <;> simp [Nat.sub_self]
  have h₃ : List.length (List.filter isDigit s.toList) - countDigits s h_precond = 0 := by
    rw [h₁]
    <;> simp [Nat.sub_self]
  exact ⟨h₂, h₃⟩
",486,10,10,11,0,False,2,0,False,False,2,4,2,0,0,0,0,0,0,0,0,0,0,0,1,0,0,True,8,6,True,False,True,True,have,exact=2;have=4;rfl=1;rw=2;simp=2
verina_basic_42,model,goedel-prover-v2-8b,1.0,model,[],113660976e3685ccd2b89fef058be77ff6e093658cc24661b453128c317505ca,"  have h_main : countDigits_postcond (s) (countDigits (s) h_precond) h_precond := by
    have h₁ : countDigits (s) h_precond = List.length (List.filter isDigit s.toList) := rfl
    rw [h₁]
    have h₂ : List.length (List.filter isDigit s.toList) - List.length (List.filter isDigit s.toList) = 0 := by
      simp
    have h₃ : List.length (List.filter isDigit s.toList) - List.length (List.filter isDigit s.toList) = 0 := by
      simp
    simp_all [countDigits_postcond, List.filter, List.map, List.length, Nat.sub_self]
    <;> aesop

  exact h_main
","
",551,11,10,11,0,False,2,1,False,False,1,4,1,0,0,0,0,0,0,0,0,0,1,0,1,0,0,True,2,5,True,False,True,False,have,aesop=1;exact=1;have=4;rfl=1;rw=1;simp=2;simp_all=1
verina_basic_42,model,goedel-prover-v2-8b__avoid_unfold,0.0,model,[],1e6cfa384d523be7128a2824d50d5cf6db14447bfdd4c0932c304815b3e6465f,"  have h1 : countDigits (s) h_precond - List.length (List.filter isDigit s.toList) = 0 := by
    simp [countDigits, List.length, List.filter]
    <;>
    rfl

  have h2 : List.length (List.filter isDigit s.toList) - countDigits (s) h_precond = 0 := by
    simp [countDigits, List.length, List.filter]
    <;>
    rfl

  have h_main : countDigits_postcond (s) (countDigits (s) h_precond) h_precond := by
    constructor <;> simp_all [countDigits_postcond]
    <;> omega

  apply h_main
","
",485,15,12,11,0,False,2,1,True,False,0,3,0,1,0,1,0,0,0,0,1,0,0,0,2,0,0,True,5,2,True,False,True,False,have,apply=1;constructor=1;have=3;omega=1;rfl=2;simp=2;simp_all=1
verina_basic_42,model,goedel-prover-v2-8b__hard_unfold,0.0,model,[],f7b7df8e8015835adcd1764088ebcc94b35e5556081adb159cd0d8018e05bacf,"  unfold countDigits countDigits_postcond
  have h₁ : countDigits s h_precond = List.length (List.filter isDigit s.toList) := by
    rfl

  have h₂ : countDigits_postcond (s) (countDigits (s) h_precond) h_precond := by
    rw [h₁]
    <;> simp [countDigits_postcond, isDigit, List.length, List.filter, List.map, List.foldr]
    <;> ring_nf at *
    <;> norm_num
    <;> aesop

  exact h₂
","
",388,12,10,10,1,True,1,0,False,False,1,2,1,0,0,0,0,0,0,0,0,0,1,0,1,1,0,True,3,2,True,False,True,False,unfold,aesop=1;exact=1;have=2;norm_num=1;rfl=1;ring_nf=1;rw=1;simp=1;unfold=1
verina_basic_42,model,qwen3-14b__neutral,1.0,model,[],e8a0c3f75c2560f8686f4ad32f711c8a01e66fb5a9d094bc4af71fca99a4c350,"  unfold countDigits countDigits_postcond
  simp_all
","
",53,2,2,2,1,True,0,1,False,False,0,0,0,0,0,0,0,0,0,0,0,0,0,0,0,0,0,True,1,0,False,False,False,False,unfold,simp_all=1;unfold=1
verina_basic_42,model,qwen3-32b,0.0,model,[],0d6e7b198861659a892dd93c9348f133ffc56b60b6a613cf085a6021a000abbb,"  unfold countDigits countDigits_postcond
  simp [countDigits]
","
",63,2,2,2,1,True,1,0,True,False,0,0,0,0,0,0,0,0,0,0,0,0,0,0,0,0,0,True,2,0,False,False,False,False,unfold,simp=1;unfold=1
verina_basic_43,model,deepseek-prover-v2-7b,1.0,model,[],b863d1123b8c75f8468cf9403d0984343b81a4004d4da01e94c2ae19748e376d,"  have h_main : 15 * sumOfFourthPowerOfOddNumbers n h_precond = n * (2 * n + 1) * (7 + 24 * n ^ 3 - 12 * n ^ 2 - 14 * n) := by
    have h₁ : ∀ n : ℕ, 15 * sumOfFourthPowerOfOddNumbers n h_precond = n * (2 * n + 1) * (7 + 24 * n ^ 3 - 12 * n ^ 2 - 14 * n) := by
      intro n
      induction n with
      | zero =>
        simp [sumOfFourthPowerOfOddNumbers]
        <;> norm_num
        <;> rfl
      | succ n ih =>
        simp_all [sumOfFourthPowerOfOddNumbers, Nat.mul_sub_left_distrib, Nat.mul_sub_right_distrib, Nat.mul_add, Nat.add_mul]
        <;>
        (try ring_nf at * <;> omega) <;>
        (try
          cases n with
          | zero =>
            norm_num at * <;> rfl
          | succ n =>
            simp_all [pow_succ, Nat.mul_sub_left_distrib, Nat.mul_sub_right_distrib, Nat.mul_add, Nat.add_mul]
            <;> ring_nf at * <;> omega) <;>
        (try omega)
        <;>
        (try
          {
            cases n with
            | zero =>
              norm_num at * <;> rfl
            | succ n =>
              simp_all [pow_succ, Nat.mul_sub_left_distrib, Nat.mul_sub_right_distrib, Nat.mul_add, Nat.add_mul]
              <;> ring_nf at * <;> omega
          }
        )
        <;>
        (try omega)
        <;>
        (try
          {
            simp_all [pow_succ, Nat.mul_sub_left_distrib, Nat.mul_sub_right_distrib, Nat.mul_add, Nat.add_mul]
            <;> ring_nf at * <;> omega
          }
        )
        <;>
        (try omega)
    exact h₁ n
  have h₂ : 15 * sumOfFourthPowerOfOddNumbers n h_precond = n * (2 * n + 1) * (7 + 24 * n ^ 3 - 12 * n ^ 2 - 14 * n) := by
    exact h_main
  exact h₂
","
",1642,46,46,39,0,False,1,4,True,False,0,3,3,0,1,0,2,1,0,0,7,0,0,0,3,3,0,True,5,0,False,False,True,False,have,cases=2;exact=3;have=3;induction=1;intro=1;norm_num=3;omega=7;rfl=3;ring_nf=4;simp=1;simp_all=4;try=7
verina_basic_43,model,deepseek-prover-v2-7b__hard_unfold,3.0,model,[],32921b33da6f68e9f56f044556b5e212e9a8d510bd986416673a3c9a027176bc,"  unfold sumOfFourthPowerOfOddNumbers sumOfFourthPowerOfOddNumbers_postcond
  have h_main : 15 * sumOfFourthPowerOfOddNumbers n h_precond = n * (2 * n + 1) * (7 + 24 * n ^ 3 - 12 * n ^ 2 - 14 * n) := by
    have h₁ : ∀ n : Nat, 15 * sumOfFourthPowerOfOddNumbers n h_precond = n * (2 * n + 1) * (7 + 24 * n ^ 3 - 12 * n ^ 2 - 14 * n) := by
      intro n
      induction n with
      | zero =>
        norm_num [sumOfFourthPowerOfOddNumbers]
      | succ n ih =>
        simp_all [sumOfFourthPowerOfOddNumbers, Nat.mul_sub_left_distrib, Nat.mul_sub_right_distrib, Nat.mul_add, Nat.add_mul]
        <;>
        (try ring_nf at *)
        <;>
        (try norm_num)
        <;>
        (try omega)
        <;>
        (try
          {
            cases n with
            | zero => norm_num
            | succ n =>
              simp_all [sumOfFourthPowerOfOddNumbers, Nat.mul_sub_left_distrib, Nat.mul_sub_right_distrib, Nat.mul_add, Nat.add_mul]
              <;> ring_nf at * <;> omega
          }
        )
        <;>
        (try ring_nf) <;>
        (try omega) <;>
        (try
          {
            cases n with
            | zero => norm_num
            | succ n =>
              simp_all [sumOfFourthPowerOfOddNumbers, Nat.mul_sub_left_distrib, Nat.mul_sub_right_distrib, Nat.mul_add, Nat.add_mul]
              <;> ring_nf at * <;> omega
          }
        )
        <;>
        (try
          {
            cases n with
            | zero => norm_num
            | succ n =>
              cases n with
              | zero => norm_num
              | succ n =>
                simp_all [sumOfFourthPowerOfOddNumbers, Nat.mul_sub_left_distrib, Nat.mul_sub_right_distrib, Nat.mul_add, Nat.add_mul]
                <;> ring_nf at * <;> omega
          }
        )
        <;>
        (try omega)
        <;>
        (try ring_nf at *)
        <;>
        (try omega)
    exact h₁ n

  simp_all [sumOfFourthPowerOfOddNumbers_postcond]
  <;>
  (try ring_nf at *)
  <;>
  (try omega)
  <;>
  (try
    {
      cases n with
      | zero => norm_num
      | succ n =>
        simp_all [sumOfFourthPowerOfOddNumbers, Nat.mul_sub_left_distrib, Nat.mul_sub_right_distrib, Nat.mul_add, Nat.add_mul]
        <;> ring_nf at * <;> omega
    }
  )
  <;>
  (try omega)
","
",2263,75,74,57,1,True,0,6,True,False,0,2,1,0,1,0,5,1,0,0,10,0,0,0,0,7,0,True,9,0,False,False,True,False,unfold,cases=5;exact=1;have=2;induction=1;intro=1;norm_num=7;omega=10;ring_nf=8;simp_all=6;try=15;unfold=1
verina_basic_43,model,goedel-prover-v2-32b,1.0,model,[],98eb29175da9d0e5400dca4322cd2f58ecc090d9b96a5e97e3824fd4d6c2f330,"  have h_main : ∀ (n : ℕ), 15 * sumOfFourthPowerOfOddNumbers n (by trivial) = n * (2 * n + 1) * (7 + 24 * n ^ 3 - 12 * n ^ 2 - 14 * n) := by
    intro n
    have h : ∀ (n : ℕ), 15 * sumOfFourthPowerOfOddNumbers n (by trivial) = n * (2 * n + 1) * (7 + 24 * n ^ 3 - 12 * n ^ 2 - 14 * n) := by
      intro n
      induction n with
      | zero =>
        simp [sumOfFourthPowerOfOddNumbers]
      | succ n ih =>
        simp_all [sumOfFourthPowerOfOddNumbers, Nat.mul_sub_left_distrib, Nat.mul_sub_right_distrib,
          Nat.mul_add, Nat.add_mul, Nat.pow_succ, Nat.mul_assoc]
        <;>
          (try ring_nf at * <;>
            try
              {
                cases n with
                | zero => norm_num
                | succ n =>
                  simp [Nat.mul_sub_left_distrib, Nat.mul_sub_right_distrib, Nat.mul_add, Nat.add_mul,
                    Nat.pow_succ, Nat.mul_assoc] at *
                  <;> ring_nf at * <;>
                    norm_num at * <;>
                    (try omega) <;>
                    (try
                      {
                        nlinarith
                      })
              }) <;>
          (try
            {
              ring_nf at *
              <;>
                norm_num at *
              <;>
                (try omega)
              <;>
                (try nlinarith)
            }) <;>
          (try
            {
              simp [Nat.mul_sub_left_distrib, Nat.mul_sub_right_distrib, Nat.mul_add, Nat.add_mul,
                Nat.pow_succ, Nat.mul_assoc] at *
              <;> ring_nf at * <;>
                norm_num at * <;>
                (try omega) <;>
                (try nlinarith)
            })
        <;>
          (try
            {
              simp_all [sumOfFourthPowerOfOddNumbers, Nat.mul_sub_left_distrib, Nat.mul_sub_right_distrib,
                Nat.mul_add, Nat.add_mul, Nat.pow_succ, Nat.mul_assoc]
              <;> ring_nf at * <;>
                norm_num at * <;>
                (try omega) <;>
                (try nlinarith)
            })
    exact h n
  have h₁ : 15 * sumOfFourthPowerOfOddNumbers n h_precond = n * (2 * n + 1) * (7 + 24 * n ^ 3 - 12 * n ^ 2 - 14 * n) := by
    have h₂ := h_main n
    simpa [h_precond] using h₂
  simpa [sumOfFourthPowerOfOddNumbers_postcond, h_precond] using h₁
","
",2314,61,61,47,0,False,3,2,True,False,0,4,1,0,2,0,1,1,0,0,4,0,0,0,0,5,4,True,6,0,False,False,True,False,have,cases=1;exact=1;have=4;induction=1;intro=2;nlinarith=4;norm_num=5;omega=4;ring_nf=5;simp=3;simp_all=2;trivial=2;try=13
verina_basic_43,model,goedel-prover-v2-8b,0.0,model,[],6e127efd8333653a9c3e3ed847768b768564b9c783e172d6913541f61920cb51,"  have h_main : 15 * sumOfFourthPowerOfOddNumbers (n) (by trivial) = n * (2 * n + 1) * (7 + 24 * n^3 - 12 * n^2 - 14 * n) := by
    have h₁ : ∀ n : ℕ, 15 * sumOfFourthPowerOfOddNumbers n (by trivial) = n * (2 * n + 1) * (7 + 24 * n ^ 3 - 12 * n ^ 2 - 14 * n) := by
      intro n
      have h₂ : sumOfFourthPowerOfOddNumbers n (by trivial) = sumOfFourthPowerOfOddNumbers n (by trivial) := rfl
      rw [h₂]
      -- Use induction on n to prove the formula
      have h₃ : ∀ n : ℕ, 15 * sumOfFourthPowerOfOddNumbers n (by trivial) = n * (2 * n + 1) * (7 + 24 * n ^ 3 - 12 * n ^ 2 - 14 * n) := by
        intro n
        induction n with
        | zero =>
          norm_num [sumOfFourthPowerOfOddNumbers, Nat.mul_sub_left_distrib, Nat.mul_sub_right_distrib, Nat.add_assoc]
        | succ n ih =>
          rw [sumOfFourthPowerOfOddNumbers]
          simp [Nat.mul_sub_left_distrib, Nat.mul_sub_right_distrib, Nat.add_assoc, pow_succ, Nat.mul_add, Nat.add_mul] at ih ⊢
          ring_nf at ih ⊢
          <;> cases n with
          | zero =>
            norm_num [sumOfFourthPowerOfOddNumbers, Nat.mul_sub_left_distrib, Nat.mul_sub_right_distrib, Nat.add_assoc] at ih ⊢ <;>
            ring_nf at ih ⊢ <;> norm_num at ih ⊢ <;> omega
          | succ n =>
            simp [Nat.mul_sub_left_distrib, Nat.mul_sub_right_distrib, Nat.add_assoc, pow_succ, Nat.mul_add, Nat.add_mul] at ih ⊢
            ring_nf at ih ⊢
            <;> norm_num at ih ⊢
            <;> ring_nf at ih ⊢
            <;> omega
      exact h₃ n
    exact h₁ n
  have h₂ : sumOfFourthPowerOfOddNumbers_postcond (n) (sumOfFourthPowerOfOddNumbers (n) h_precond) h_precond := by
    have h₃ : sumOfFourthPowerOfOddNumbers_postcond (n) (sumOfFourthPowerOfOddNumbers (n) h_precond) h_precond ↔ 15 * sumOfFourthPowerOfOddNumbers (n) h_precond = n * (2 * n + 1) * (7 + 24 * n ^ 3 - 12 * n ^ 2 - 14 * n) := by
      rfl
    rw [h₃]
    exact h_main
  exact h₂
","
",1920,33,32,36,0,False,2,0,False,False,3,6,4,0,2,0,1,1,0,0,2,0,0,0,2,4,0,True,11,0,False,False,True,False,have,cases=1;exact=4;have=6;induction=1;intro=2;norm_num=4;omega=2;rfl=2;ring_nf=4;rw=3;simp=2;trivial=5
verina_basic_43,model,goedel-prover-v2-8b__avoid_unfold,0.0,model,[],af1a2fe648963c6e7657ce6515faaed3683102814452e299bfecf91cc85550de,"  have h_main : 15 * (sumOfFourthPowerOfOddNumbers (n) h_precond) = n * (2 * n + 1) * (7 + 24 * n ^ 3 - 12 * n ^ 2 - 14 * n) := by
    have h : ∀ n : ℕ, 15 * (sumOfFourthPowerOfOddNumbers (n) (by trivial)) = n * (2 * n + 1) * (7 + 24 * n ^ 3 - 12 * n ^ 2 - 14 * n) := by
      intro n
      induction n with
      | zero => norm_num [sumOfFourthPowerOfOddNumbers]
      | succ n ih =>
        cases n with
        | zero =>
          norm_num [sumOfFourthPowerOfOddNumbers]
        | succ n =>
          simp_all [sumOfFourthPowerOfOddNumbers, Nat.mul_sub_left_distrib, Nat.mul_sub_right_distrib, Nat.mul_add, Nat.add_mul]
          <;> ring_nf at *
          <;>
          (try omega) <;>
          (try
            {
              cases n with
              | zero => norm_num
              | succ n =>
                simp_all [Nat.mul_sub_left_distrib, Nat.mul_sub_right_distrib, Nat.mul_add, Nat.add_mul]
                <;> ring_nf at * <;>
                omega
            }) <;>
          (try
            {
              induction n with
              | zero => norm_num
              | succ n ih =>
                simp_all [Nat.mul_sub_left_distrib, Nat.mul_sub_right_distrib, Nat.mul_add, Nat.add_mul]
                <;> ring_nf at * <;>
                omega
            }) <;>
          (try omega)
    simpa using h n

  simp_all [sumOfFourthPowerOfOddNumbers_postcond]
  <;>
  (try omega) <;>
  (try
    {
      induction n with
      | zero => norm_num [sumOfFourthPowerOfOddNumbers]
      | succ n ih =>
        cases n with
        | zero => norm_num [sumOfFourthPowerOfOddNumbers]
        | succ n =>
          simp_all [sumOfFourthPowerOfOddNumbers, Nat.mul_sub_left_distrib, Nat.mul_sub_right_distrib, Nat.mul_add, Nat.add_mul]
          <;> ring_nf at *
          <;> omega
    }) <;>
  (try omega)
  <;>
  (try
    {
      norm_num at *
      <;> omega
    })
  <;>
  (try
    {
      ring_nf at *
      <;> omega
    })
  <;>
  (try
    {
      omega
    })
","
",1985,68,67,47,0,False,0,5,True,False,0,2,0,0,1,0,3,3,0,0,10,0,0,0,0,7,0,True,8,0,False,False,True,False,have,cases=3;have=2;induction=3;intro=1;norm_num=7;omega=10;ring_nf=5;simp_all=5;trivial=1;try=10
verina_basic_44,model,qwen3-14b__neutral,2.0,model,[],58297dba6f847b0d10b987946aceecd76e5d531c48c51739425079f4d882b5b8,"  unfold isOddAtIndexOdd isOddAtIndexOdd_postcond
  simp_all
  constructor
  · intro h
    intro i hi h_odd
    -- Since the function returns true, all elements in satisfy the predicate
    have h_all_odd : (a.mapIdx (fun j x => (j, x))).all (fun (i, x) => !(isOdd i) || isOdd x) = true := by
      simp_all
    -- Apply the property of Array.all
    rw [Array.all_iff_forall] at h_all_odd
    simp_all
    have h_sat_i : !(isOdd i) || isOdd a[i] := by
      simp
      apply h_all_odd i hi
    simp [h_odd] at h_sat_i
    exact h_sat_i
  · intro h
    apply Array.all_iff_forall.mpr
    intro i hi
    simp
    intro hi'
    have h_sat : isOdd i → isOdd a[i] := by
      apply h i hi'
    rw [Decidable.imp_iff_not_or] at h_sat
    simp at h_sat
    exact h_sat
","
",763,26,24,24,1,True,4,3,False,False,2,3,2,3,5,1,0,0,0,0,0,0,0,0,0,0,0,True,1,6,True,False,False,False,unfold,apply=3;constructor=1;exact=2;have=3;intro=5;rw=2;simp=4;simp_all=3;unfold=1
verina_basic_45,model,goedel-prover-v2-8b__hard_unfold,0.0,model,[],14608fa71becd5e6696beae3a5043037bb2a430adf89f76fa2c88d1a2b8090c9,"  unfold findProduct findProduct_postcond
  have h_main : findProduct (lst) h_precond = match firstEvenOddIndices lst with | some (ei, oi) => lst[ei]! * lst[oi]! | none => 0 := by
    simp [findProduct, firstEvenOddIndices]
    <;>
    aesop

  have h_final : findProduct_postcond (lst) (findProduct (lst) h_precond) h_precond := by
    simp_all [findProduct_postcond]
    <;>
    aesop

  exact h_final
","
",404,12,10,8,1,True,1,1,True,False,0,2,1,0,0,0,0,0,0,0,0,0,2,0,0,0,0,True,4,2,True,False,True,False,unfold,aesop=2;exact=1;have=2;simp=1;simp_all=1;unfold=1
verina_basic_5,model,deepseek-prover-v2-7b,0.0,model,[],cd5b4b953b5aa37f4c734dc32cdaf25c1b4b0fac54c5ce4c58e399e5feb4be40,"  have h₁ : multiply (a) (b) h_precond = a * b := by
    rw [multiply]
    <;> simp [multiply_precond, multiply_postcond]
    <;> aesop

  have h₂ : multiply_postcond (a) (b) (multiply (a) (b) h_precond) h_precond := by
    have h₃ : multiply (a) (b) h_precond = a * b := h₁
    have h₄ : multiply_postcond (a) (b) (multiply (a) (b) h_precond) h_precond := by
      rw [h₃]
      constructor <;> simp [multiply_postcond, multiply_precond]
      <;> ring_nf
      <;> simp_all
      <;> linarith
    exact h₄

  exact h₂
","
",520,16,14,15,0,False,2,1,False,False,2,4,2,0,0,1,0,0,0,0,0,0,1,0,0,0,1,True,5,0,False,False,True,False,have,aesop=1;constructor=1;exact=2;have=4;linarith=1;ring_nf=1;rw=2;simp=2;simp_all=1
verina_basic_5,model,deepseek-prover-v2-7b__hard_unfold,0.0,model,[],45439167a75bb8aaca2192aac82a30a0f29750828f4a72060302825aaba81d18,"  unfold multiply multiply_postcond
  have h_main : multiply_postcond (a) (b) (multiply (a) (b) h_precond) h_precond := by
    unfold multiply_postcond
    simp [multiply, multiply_precond] at *
    <;>
    (try norm_num) <;>
    (try ring_nf) <;>
    (try simp_all [Int.sub_self]) <;>
    (try norm_num) <;>
    (try ring_nf) <;>
    (try simp_all [Int.sub_self]) <;>
    (try aesop)
    <;>
    (try omega)
    <;>
    (try ring_nf at *) <;>
    (try aesop)
    <;>
    (try
      {
        simp_all [Int.sub_self]
        <;>
        aesop
      })
    <;>
    (try
      {
        aesop
      })
    <;>
    (try
      {
        ring_nf at *
        <;>
        aesop
      })
  exact h_main
","
",696,37,37,33,2,True,1,3,True,False,0,1,1,0,0,0,0,0,0,0,1,0,5,0,0,2,0,True,3,0,False,False,True,False,unfold,aesop=5;exact=1;have=1;norm_num=2;omega=1;ring_nf=4;simp=1;simp_all=3;try=13;unfold=2
verina_basic_5,model,goedel-prover-v2-32b,0.0,model,[],ce85d2362fc457e31f135be64a222ab3af351cef080bae13f8da2fdd6c80562e,"  have h_main : multiply_postcond (a) (b) (multiply (a) (b) h_precond) h_precond := by
    dsimp [multiply_postcond, multiply_precond, multiply] at *
    <;>
    (try simp_all) <;>
    (try ring_nf) <;>
    (try constructor <;> ring_nf <;> norm_num) <;>
    (try omega) <;>
    (try aesop) <;>
    (try
      {
        norm_num
        <;>
        ring_nf
        <;>
        simp_all [sub_eq_add_neg]
        <;>
        omega
      })
    <;>
    aesop

  exact h_main
","
",471,22,21,21,0,False,1,2,True,False,0,1,1,0,0,1,0,0,0,0,2,0,2,0,0,2,0,True,2,0,False,False,True,False,have,aesop=2;constructor=1;dsimp=1;exact=1;have=1;norm_num=2;omega=2;ring_nf=3;simp_all=2;try=6
verina_basic_5,model,goedel-prover-v2-8b,0.0,model,[],14dbf0115f08954f6a617226fc75a743f6e9c26e8f4a16575783cd25187b250b,"  have h_main : multiply_postcond (a) (b) (multiply (a) (b) h_precond) h_precond := by
    constructor
    · -- Prove the first part: (a * b) - a * b = 0
      simp [multiply, h_precond, multiply_precond]
      <;> ring
      <;> simp_all
      <;> omega
    · -- Prove the second part: a * b - (a * b) = 0
      simp [multiply, h_precond, multiply_precond]
      <;> ring
      <;> simp_all
      <;> omega
  exact h_main
","
",423,13,13,11,0,False,2,2,True,False,0,1,1,0,0,1,0,0,0,0,2,0,0,0,0,0,0,True,3,0,False,False,True,False,have,constructor=1;exact=1;have=1;omega=2;ring=2;simp=2;simp_all=2
verina_basic_5,model,goedel-prover-v2-8b__avoid_unfold,0.0,model,[],704c67a343c2d5e06e9e6f950c1fd58f4dcb0e58b5592e4d3a7f0d96ff1e9eaf,"  have h₁ : (multiply (a) (b) h_precond) - a * b = 0 := by
    simp [multiply, h_precond]
    <;> ring_nf
    <;> omega

  have h₂ : a * b - (multiply (a) (b) h_precond) = 0 := by
    simp [multiply, h_precond]
    <;> ring_nf
    <;> omega

  exact ⟨h₁, h₂⟩
","
",259,11,9,9,0,False,2,0,True,False,0,2,1,0,0,0,0,0,0,0,2,0,0,0,0,0,0,True,4,0,False,False,True,False,have,exact=1;have=2;omega=2;ring_nf=2;simp=2
verina_basic_5,model,goedel-prover-v2-8b__hard_unfold,0.0,model,[],6ce9765979b0f241e12f2e6fe0e637f7e3aafa6c86ce119d05469c12b23ea6f0,"  unfold multiply multiply_postcond
  have h_main : multiply_postcond (a) (b) (multiply (a) (b) h_precond) h_precond := by
    simp [multiply, multiply_precond, multiply_postcond]
    <;>
    (try ring_nf) <;>
    (try norm_num) <;>
    (try omega) <;>
    (try aesop) <;>
    (try
      {
        constructor <;> ring_nf <;> omega
      })
    <;>
    aesop
  exact h_main
","
",374,15,15,17,1,True,1,0,True,False,0,1,1,0,0,1,0,0,0,0,2,0,2,0,0,1,0,True,3,0,False,False,True,False,unfold,aesop=2;constructor=1;exact=1;have=1;norm_num=1;omega=2;ring_nf=2;simp=1;try=5;unfold=1
verina_basic_5,model,qwen3-14b,2.0,model,[],3ca19bbd9fe1d077188a805e6bc32b106903c24e76091cc0b780967a81254b28,"  unfold multiply multiply_postcond
  simp_all
","
",47,2,2,2,1,True,0,1,False,False,0,0,0,0,0,0,0,0,0,0,0,0,0,0,0,0,0,True,1,0,False,False,False,False,unfold,simp_all=1;unfold=1
verina_basic_5,model,qwen3-14b__neutral,0.0,model,[],3ca19bbd9fe1d077188a805e6bc32b106903c24e76091cc0b780967a81254b28,"  unfold multiply multiply_postcond
  simp_all
","
",47,2,2,2,1,True,0,1,False,False,0,0,0,0,0,0,0,0,0,0,0,0,0,0,0,0,0,True,1,0,False,False,False,False,unfold,simp_all=1;unfold=1
verina_basic_50,model,deepseek-prover-v2-7b,0.0,model,[],2f2c42f1ccb1300576e61da2c965f3e31eb5a87274259e3ced8b40de5fad03fd,"  have h_main₁ : x ≥ 0 → x = Abs (x) h_precond := by
    intro h
    have h₁ : Abs (x) h_precond = x := by
      simp [Abs, h_precond, h]
      <;> aesop
    rw [h₁]
    <;> simp_all
    <;> aesop

  have h_main₂ : x < 0 → x + Abs (x) h_precond = 0 := by
    intro h
    have h₁ : Abs (x) h_precond = -x := by
      simp [Abs, h_precond, h]
      <;> aesop
    rw [h₁]
    <;> linarith

  constructor
  · -- Prove the first part of the conjunction: x ≥ 0 → x = Abs (x) h_precond
    exact h_main₁
  · -- Prove the second part of the conjunction: x < 0 → x + Abs (x) h_precond = 0
    exact h_main₂
","
",598,22,20,18,0,False,2,1,True,False,2,4,2,0,2,1,0,0,0,0,0,0,3,0,0,0,1,True,6,0,False,False,True,False,have,aesop=3;constructor=1;exact=2;have=4;intro=2;linarith=1;rw=2;simp=2;simp_all=1
verina_basic_50,model,deepseek-prover-v2-7b__hard_unfold,0.0,model,[],1e06f8f31976eccf8147b10c582bbf19039e6e36a2618bbfc6c6e725ac386ed9,"  unfold Abs Abs_postcond
  have h_main₁ : (x ≥ 0 → x = Abs x h_precond) := by
    intro h
    have h₁ : Abs x h_precond = x := by
      simp [Abs, h_precond, h]
      <;> aesop
    linarith

  have h_main₂ : (x < 0 → x + Abs x h_precond = 0) := by
    intro h
    have h₁ : Abs x h_precond = -x := by
      simp [Abs, h_precond, h]
      <;> aesop
    rw [h₁]
    <;> linarith

  have h_main : Abs_postcond (x) (Abs (x) h_precond) h_precond := by
    constructor
    · -- Prove the first part of the conjunction: x ≥ 0 → x = |x|
      intro hx
      have h₁ : x = Abs x h_precond := by
        have h₂ : x ≥ 0 := hx
        have h₃ : Abs x h_precond = x := by
          -- Since x ≥ 0, |x| = x
          simp [Abs, h_precond, h₂]
          <;> aesop
        linarith
      exact h₁
    · -- Prove the second part of the conjunction: x < 0 → x + |x| = 0
      intro hx
      have h₁ : x + Abs x h_precond = 0 := by
        have h₂ : x < 0 := hx
        have h₃ : Abs x h_precond = -x := by
          -- Since x < 0, |x| = -x
          simp [Abs, h_precond, h₂]
          <;> aesop
        rw [h₃]
        linarith
      exact h₁

  exact h_main
","
",1145,41,36,34,1,True,4,0,True,False,2,11,3,0,4,1,0,0,0,0,0,0,4,0,0,0,4,True,14,0,False,False,True,False,unfold,aesop=4;constructor=1;exact=3;have=11;intro=4;linarith=4;rw=2;simp=4;unfold=1
verina_basic_50,model,goedel-prover-v2-32b,0.0,model,[],b749e12e1662e314b2678805ae62a3da3ed825fcadc47b1b8153b93469cbb32b,"  have h_main : (x ≥ 0 → x = Abs (x) h_precond) ∧ (x < 0 → x + Abs (x) h_precond = 0) := by
    constructor
    · -- Prove x ≥ 0 → x = Abs (x) h_precond
      intro hx
      have h₁ : Abs (x) h_precond = x := by
        dsimp [Abs]
        split_ifs <;>
        (try { contradiction }) <;>
        (try { linarith }) <;>
        (try { simp_all [Abs_precond] }) <;>
        (try { omega })
        <;>
        simp_all [Abs_precond]
        <;>
        linarith
      rw [h₁]
    · -- Prove x < 0 → x + Abs (x) h_precond = 0
      intro hx
      have h₁ : Abs (x) h_precond = -x := by
        dsimp [Abs]
        split_ifs <;>
        (try { contradiction }) <;>
        (try { linarith }) <;>
        (try { simp_all [Abs_precond] }) <;>
        (try { omega })
        <;>
        simp_all [Abs_precond]
        <;>
        linarith
      rw [h₁]
      have h₂ : x + (-x) = 0 := by ring
      exact h₂
  -- Use the main result to conclude the proof
  simpa [Abs_postcond] using h_main
","
",987,34,33,33,0,False,2,4,True,False,2,4,1,0,2,1,0,0,0,0,2,0,0,0,0,0,4,True,6,0,False,False,True,False,have,constructor=1;contradiction=2;dsimp=2;exact=1;have=4;intro=2;linarith=4;omega=2;ring=1;rw=2;simp_all=4;try=8
verina_basic_50,model,goedel-prover-v2-8b,0.0,model,[],bfd97a509c6022c3755e4a4256743195ee87ad20805da576ddc81e289fcdc7f7,"  have h_main : Abs_postcond (x) (Abs (x) h_precond) h_precond := by
    constructor
    · -- Prove the first part: if x ≥ 0, then x = Abs x
      intro hx
      have h₁ : x = Abs (x) h_precond := by
        by_cases hx' : x < 0
        · -- Case: x < 0
          exfalso
          linarith
        · -- Case: x ≥ 0
          have h₂ : x ≥ 0 := by linarith
          have h₃ : Abs (x) h_precond = x := by
            simp [Abs, h₂]
            <;> omega
          simp_all
          <;> omega
      exact h₁
    · -- Prove the second part: if x < 0, then x + Abs x = 0
      intro hx
      have h₁ : x + Abs (x) h_precond = 0 := by
        by_cases hx' : x < 0
        · -- Case: x < 0
          have h₂ : Abs (x) h_precond = -x := by
            simp [Abs, hx']
            <;> omega
          rw [h₂]
          <;> omega
        · -- Case: x ≥ 0
          exfalso
          linarith
      exact h₁
  exact h_main
","
",915,32,32,27,0,False,2,1,True,False,1,6,3,0,2,1,0,0,0,2,4,0,0,0,0,0,3,True,7,0,False,False,True,False,have,by_cases=2;constructor=1;exact=3;exfalso=2;have=6;intro=2;linarith=3;omega=4;rw=1;simp=2;simp_all=1
verina_basic_50,model,goedel-prover-v2-8b__avoid_unfold,0.0,model,[],17bc6eec617178e97adb45263c980b3b8449eeb340b9c789b01804933116b833,"  have h_main : (x ≥ 0 → x = Abs (x) h_precond) ∧ (x < 0 → x + Abs (x) h_precond = 0) := by
    constructor
    · -- Prove x ≥ 0 → x = Abs (x) h_precond
      intro hx
      have h₁ : x ≥ 0 := hx
      have h₂ : x < 0 → False := by
        intro h
        linarith
      have h₃ : ¬x < 0 := by
        intro h
        exact h₂ h
      have h₄ : x = Abs (x) h_precond := by
        -- Use the definition of Abs to show that x = Abs (x) h_precond when x ≥ 0
        have h₅ : ¬x < 0 := h₃
        have h₆ : x ≥ 0 := h₁
        have h₇ : x = Abs (x) h_precond := by
          by_cases h₈ : x < 0
          · exfalso
            exact h₅ h₈
          · -- If x ≥ 0, then x = Abs (x) h_precond
            have h₉ : ¬x < 0 := h₈
            have h₁₀ : x ≥ 0 := by
              by_contra h₁₀
              have h₁₁ : x < 0 := by linarith
              exact h₉ h₁₁
            -- Use the definition of Abs to get x = Abs (x) h_precond
            have h₁₁ : x = Abs (x) h_precond := by
              simp_all [Abs, h₉]
              <;> omega
            exact h₁₁
        exact h₇
      exact h₄
    · -- Prove x < 0 → x + Abs (x) h_precond = 0
      intro hx
      have h₁ : x < 0 := hx
      have h₂ : x + Abs (x) h_precond = 0 := by
        -- Use the definition of Abs to show that x + Abs (x) h_precond = 0 when x < 0
        have h₃ : x < 0 := h₁
        have h₄ : x + Abs (x) h_precond = 0 := by
          -- Use the definition of Abs to get x + Abs (x) h_precond = 0
          have h₅ : x < 0 := h₃
          have h₆ : Abs (x) h_precond = -x := by
            simp [Abs, h₅]
            <;> omega
          rw [h₆]
          <;> ring
          <;> omega
        exact h₄
      exact h₂
  exact h_main
","
",1705,50,46,44,0,False,1,1,True,False,1,18,9,0,4,1,0,0,0,1,3,0,0,0,0,0,2,True,10,0,False,False,True,False,have,by_cases=1;by_contra=1;constructor=1;exact=9;exfalso=1;have=18;intro=4;linarith=2;omega=3;ring=1;rw=1;simp=1;simp_all=1
verina_basic_50,model,goedel-prover-v2-8b__hard_unfold,0.0,model,[],76e7af520eb9ed597a1d50caf5c67d3985eae3d34e997039ed07f29290d5dad3,"  unfold Abs Abs_postcond
  have h_main : Abs_postcond x (Abs (x) h_precond) h_precond := by
    simp [Abs_precond, Abs, abs_of_nonneg, abs_of_nonpos, Int.ofNat_eq_coe]
    <;>
    (try
      {
        split_ifs <;> simp_all (config := {decide := true})
        <;>
        (try omega) <;>
        (try
          {
            cases' le_or_lt 0 x with hx hx <;> simp_all [abs_of_nonneg, abs_of_neg] <;> omega
          })
      }) <;>
    (try
      {
        constructor <;> intro h <;>
        (try omega) <;>
        (try
          {
            cases' le_or_lt 0 x with hx hx <;> simp_all [abs_of_nonneg, abs_of_neg] <;> omega
          }) <;>
        (try
          {
            omega
          })
      }) <;>
    (try
      {
        cases' le_or_lt 0 x with hx hx <;> simp_all [abs_of_nonneg, abs_of_neg] <;> omega
      }) <;>
    (try
      {
        omega
      })
    <;>
    (try
      {
        aesop
      })
    <;>
    (try
      {
        linarith
      })
    <;>
    (try
      {
        omega
      })
  exact h_main
","
",1039,51,51,33,1,True,1,4,True,False,0,1,1,0,1,1,0,0,0,0,8,1,1,0,0,0,1,True,3,0,False,False,True,False,unfold,aesop=1;constructor=1;decide=1;exact=1;have=1;intro=1;linarith=1;omega=8;simp=1;simp_all=4;try=12;unfold=1
verina_basic_55,model,deepseek-prover-v2-7b,0.0,model,[],6ffa3350214c3e9495724d414baae88e6be473d809e38bf864a771f1e4dd60a6,"  have h_main : (a = b → Compare a b h_precond = true) ∧ (a ≠ b → Compare a b h_precond = false) := by
    constructor
    · -- Prove that if a = b, then Compare a b h_precond = true
      intro h
      simp [h, Compare, h_precond]
      <;> aesop
    · -- Prove that if a ≠ b, then Compare a b h_precond = false
      intro h
      simp [h, Compare, h_precond]
      <;> aesop
  -- Extract the two implications from h_main
  have h₁ : a = b → Compare a b h_precond = true := h_main.1
  have h₂ : a ≠ b → Compare a b h_precond = false := h_main.2
  -- Prove the final goal using the two implications
  constructor
  · -- Prove a = b → Compare a b h_precond = true
    intro h₃
    have h₄ : Compare a b h_precond = true := h₁ h₃
    simp_all [Compare_postcond]
    <;> aesop
  · -- Prove a ≠ b → Compare a b h_precond = false
    intro h₃
    have h₄ : Compare a b h_precond = false := h₂ h₃
    simp_all [Compare_postcond]
    <;> aesop
","
",938,25,23,19,0,False,2,2,True,False,0,5,0,0,4,2,0,0,0,0,0,0,4,0,0,0,0,True,8,0,False,False,True,False,have,aesop=4;constructor=2;have=5;intro=4;simp=2;simp_all=2
verina_basic_55,model,deepseek-prover-v2-7b__hard_unfold,0.0,model,[],b80b1175ebd16fe6337c3d4eca425f3a8ce2e650ea4c35760ed51abaaf5c75a1,"  unfold Compare Compare_postcond
  have h_main : (a = b → Compare a b h_precond = true) ∧ (a ≠ b → Compare a b h_precond = false) := by
    constructor
    · -- Prove the first implication: if a = b then Compare a b h_precond = true
      intro h
      simp [Compare, h]
    · -- Prove the second implication: if a ≠ b then Compare a b h_precond = false
      intro h
      simp [Compare, h]
      <;> aesop
  exact h_main
","
",424,11,11,9,1,True,2,0,True,False,0,1,1,0,2,1,0,0,0,0,0,0,1,0,0,0,0,True,5,0,False,False,True,False,unfold,aesop=1;constructor=1;exact=1;have=1;intro=2;simp=2;unfold=1
verina_basic_55,model,goedel-prover-v2-32b,0.0,model,[],f805c9069c172735286021841464700504b89f021536ce6950b1c90562b0062d,"  have h_main : (a = b → Compare (a) (b) h_precond = true) ∧ (a ≠ b → Compare (a) (b) h_precond = false) := by
    constructor
    · -- Prove the first part: a = b → Compare (a) (b) h_precond = true
      intro h_ab
      have h₁ : Compare (a) (b) h_precond = true := by
        simp [Compare, h_ab]
        <;> simp_all [Compare_precond]
        <;> aesop
      exact h₁
    · -- Prove the second part: a ≠ b → Compare (a) (b) h_precond = false
      intro h_ab_ne
      have h₁ : Compare (a) (b) h_precond = false := by
        simp [Compare, h_ab_ne]
        <;> simp_all [Compare_precond]
        <;> aesop
      exact h₁

  -- Convert the main result to the required form
  simp_all [Compare_postcond, Compare_precond]
  <;> aesop
","
",736,20,18,16,0,False,2,3,True,False,0,3,2,0,2,1,0,0,0,0,0,0,3,0,0,0,0,True,6,0,False,False,True,False,have,aesop=3;constructor=1;exact=2;have=3;intro=2;simp=2;simp_all=3
verina_basic_55,model,goedel-prover-v2-8b,0.0,model,[],6eb012035dc138bc966813e2889e4105b5d09b02ecd33c5130e574dc5647ffbf,"  have h₁ : a = b → (Compare (a) (b) h_precond) = true := by
    intro h_eq
    -- Simplify the expression using the definition of Compare
    simp [Compare, h_eq, h_precond]
    <;> simp_all
    <;> aesop

  have h₂ : a ≠ b → (Compare (a) (b) h_precond) = false := by
    intro h_ne
    -- Simplify the expression using the definition of Compare
    simp [Compare, h_ne, h_precond]
    <;> simp_all
    <;> aesop

  have h₃ : Compare_postcond (a) (b) (Compare (a) (b) h_precond) h_precond := by
    constructor
    · -- Prove the first part of the conjunction: a = b → (Compare (a) (b) h_precond) = true
      intro h_eq
      exact h₁ h_eq
    · -- Prove the second part of the conjunction: a ≠ b → (Compare (a) (b) h_precond) = false
      intro h_ne
      exact h₂ h_ne

  exact h₃
","
",786,24,19,17,0,False,2,2,True,False,0,3,3,0,4,1,0,0,0,0,0,0,2,0,0,0,0,True,5,0,False,False,True,False,have,aesop=2;constructor=1;exact=3;have=3;intro=4;simp=2;simp_all=2
verina_basic_55,model,goedel-prover-v2-8b__avoid_unfold,0.0,model,[],1737f814debe484db12e67e41841daa631550a3e2ab24f16f1cc6fff18c8aa75,"  have h_main : (a = b → (Compare (a) (b) h_precond) = true) ∧ (a ≠ b → (Compare (a) (b) h_precond) = false) := by
    constructor
    · -- Prove the first part: a = b → Compare (a) (b) h_precond = true
      intro h_ab
      have h₁ : a = b := h_ab
      have h₂ : Compare (a) (b) h_precond = true := by
        simp [Compare, h₁]
      exact h₂
    · -- Prove the second part: a ≠ b → Compare (a) (b) h_precond = false
      intro h_ab
      have h₁ : a ≠ b := h_ab
      have h₂ : Compare (a) (b) h_precond = false := by
        simp [Compare, h₁]
      exact h₂
  -- Now we need to use h_main to prove the main statement
  exact h_main
","
",640,16,15,13,0,False,2,0,True,False,0,5,3,0,2,1,0,0,0,0,0,0,0,0,0,0,0,True,6,0,False,False,True,False,have,constructor=1;exact=3;have=5;intro=2;simp=2
verina_basic_55,model,goedel-prover-v2-8b__hard_unfold,0.0,model,[],fff6963f3aca1059211beeabe47cdc3b039ef6e686778f8ad06136a124e4ca86,"  unfold Compare Compare_postcond
  have h_main : (a = b → (Compare (a) (b) h_precond) = true) ∧ (a ≠ b → (Compare (a) (b) h_precond) = false) := by
    constructor
    · -- Prove the first part: a = b → Compare (a) (b) h_precond = true
      intro h_eq
      -- If a = b, then Compare (a) (b) h_precond = true
      simp [h_eq, Compare]
      <;> aesop
    · -- Prove the second part: a ≠ b → Compare (a) (b) h_precond = false
      intro h_ne
      -- If a ≠ b, then Compare (a) (b) h_precond = false
      simp [h_ne, Compare]
      <;> aesop

  exact h_main
","
",562,15,12,10,1,True,2,0,True,False,0,1,1,0,2,1,0,0,0,0,0,0,2,0,0,0,0,True,5,0,False,False,True,False,unfold,aesop=2;constructor=1;exact=1;have=1;intro=2;simp=2;unfold=1
verina_basic_55,model,qwen3-14b,1.0,model,[],f8222a45175152f5df6ac1c771839df0fc5f307066881fde5038cbacc8bd2fc3,"  unfold Compare Compare_postcond
  simp_all
","
",45,2,2,2,1,True,0,1,False,False,0,0,0,0,0,0,0,0,0,0,0,0,0,0,0,0,0,True,1,0,False,False,False,False,unfold,simp_all=1;unfold=1
verina_basic_55,model,qwen3-14b__neutral,1.0,model,[],30b9bcdaa47b988fe757764d3f0a6379763ee2a662f4929fd1b5deccc3636240,"  unfold Compare Compare_postcond
  constructor
  · intro h
    simp_all
  · intro h
    simp_all
","
",98,6,6,6,1,True,0,2,False,False,0,0,0,0,2,1,0,0,0,0,0,0,0,0,0,0,0,True,1,0,False,False,False,False,unfold,constructor=1;intro=2;simp_all=2;unfold=1
verina_basic_59,model,deepseek-prover-v2-7b,0.0,model,[],d0d552e62cc83e4075a29bbd0eb09d33230d1a585c13097ca16a9c9210215fe4,"  have h_main : (DoubleQuadruple (x) h_precond).fst = 2 * x ∧ (DoubleQuadruple (x) h_precond).snd = 2 * (DoubleQuadruple (x) h_precond).fst := by
    constructor
    · -- Prove the first part: (DoubleQuadruple (x) h_precond).fst = 2 * x
      simp [DoubleQuadruple, DoubleQuadruple_precond, Int.mul_emod]
      <;> ring_nf
      <;> aesop
    · -- Prove the second part: (DoubleQuadruple (x) h_precond).snd = 2 * (DoubleQuadruple (x) h_precond).fst
      simp [DoubleQuadruple, DoubleQuadruple_precond, Int.mul_emod]
      <;> ring_nf
      <;> aesop

  exact h_main
","
",567,12,11,9,0,False,2,0,True,False,0,1,1,0,0,1,0,0,0,0,0,0,2,0,0,0,0,True,5,0,False,False,True,False,have,aesop=2;constructor=1;exact=1;have=1;ring_nf=2;simp=2
verina_basic_59,model,deepseek-prover-v2-7b__hard_unfold,0.0,model,[],12111ae84a5767dd1e79b671348586eec5d89ce7c2dabf0c6f23627c0b93782e,"  unfold DoubleQuadruple DoubleQuadruple_postcond
  have h1 : (DoubleQuadruple (x) h_precond).fst = 2 * x := by
    simp [DoubleQuadruple, h_precond]
    <;> aesop

  have h2 : (DoubleQuadruple (x) h_precond).snd = 2 * (DoubleQuadruple (x) h_precond).fst := by
    simp [DoubleQuadruple, h_precond]
    <;> ring
    <;> aesop

  constructor <;> simp_all [DoubleQuadruple_postcond]
  <;> aesop
","
",393,12,10,11,1,True,2,1,True,False,0,2,0,0,0,1,0,0,0,0,0,0,3,0,0,0,0,True,6,0,False,False,True,False,unfold,aesop=3;constructor=1;have=2;ring=1;simp=2;simp_all=1;unfold=1
verina_basic_59,model,goedel-prover-v2-32b,0.0,model,[],953b19fc8f7063dd3b0495ca957e28c08ba040ccc338e86872daa5b7f20b7031,"  have h_main : DoubleQuadruple_postcond (x) (DoubleQuadruple (x) h_precond) h_precond := by
    dsimp [DoubleQuadruple, DoubleQuadruple_postcond] at *
    <;>
    (try simp_all) <;>
    (try ring_nf) <;>
    (try norm_num) <;>
    (try constructor <;> ring_nf <;> norm_num) <;>
    (try simp_all [Prod.fst, Prod.snd]) <;>
    (try norm_num) <;>
    (try ring_nf) <;>
    (try linarith)
    <;>
    (try
      {
        constructor <;>
        simp_all [Prod.fst, Prod.snd] <;>
        ring_nf <;>
        norm_num <;>
        linarith
      })
    <;>
    (try
      {
        simp_all [Prod.fst, Prod.snd]
        <;>
        ring_nf
        <;>
        norm_num
        <;>
        linarith
      })
  exact h_main
","
",718,32,32,32,0,False,1,4,True,False,0,1,1,0,0,2,0,0,0,0,0,0,0,0,0,5,3,True,2,0,False,False,True,False,have,constructor=2;dsimp=1;exact=1;have=1;linarith=3;norm_num=5;ring_nf=5;simp_all=4;try=10
verina_basic_59,model,goedel-prover-v2-8b,0.0,model,[],fee15b083e6f108ef5adf52297f16a6d8ec6c802f05a386d6c1447e678a59375,"  have h_main : DoubleQuadruple_postcond (x) (DoubleQuadruple (x) h_precond) h_precond := by
    simp [DoubleQuadruple, DoubleQuadruple_postcond, Prod.fst, Prod.snd]
    <;> ring_nf
    <;> simp_all
    <;> norm_num
    <;> aesop

  exact h_main
","
",246,8,7,7,0,False,1,1,True,False,0,1,1,0,0,0,0,0,0,0,0,0,1,0,0,1,0,True,2,0,False,False,True,False,have,aesop=1;exact=1;have=1;norm_num=1;ring_nf=1;simp=1;simp_all=1
verina_basic_59,model,goedel-prover-v2-8b__avoid_unfold,0.0,model,[],a2b5e6dae4bc871de93953c5ff54685449615aa57c9875bf62033094dee235af,"  have h1 : (DoubleQuadruple (x) h_precond).fst = 2 * x := by
    simp [DoubleQuadruple, h_precond]
    <;> ring_nf
    <;> rfl

  have h2 : (DoubleQuadruple (x) h_precond).snd = 2 * (DoubleQuadruple (x) h_precond).fst := by
    simp [DoubleQuadruple, h_precond]
    <;> ring_nf
    <;> omega

  have h3 : DoubleQuadruple_postcond (x) (DoubleQuadruple (x) h_precond) h_precond := by
    simp_all [DoubleQuadruple_postcond, DoubleQuadruple]
    <;> aesop

  exact h3
","
",466,15,12,12,0,False,2,1,True,False,0,3,1,0,0,0,0,0,0,0,1,0,1,0,1,0,0,True,7,0,False,False,True,False,have,aesop=1;exact=1;have=3;omega=1;rfl=1;ring_nf=2;simp=2;simp_all=1
verina_basic_59,model,goedel-prover-v2-8b__hard_unfold,0.0,model,[],76ee12efa70375683e7df9f8b70210af464b8e29b2e3b85383b5a243ac7ff932,"  unfold DoubleQuadruple DoubleQuadruple_postcond
  have h₁ : (DoubleQuadruple (x) h_precond).fst = 2 * x := by
    simp [DoubleQuadruple, Int.mul_assoc]
    <;> ring
    <;> rfl

  have h₂ : (DoubleQuadruple (x) h_precond).snd = 2 * (DoubleQuadruple (x) h_precond).fst := by
    simp [DoubleQuadruple, Int.mul_assoc]
    <;> ring
    <;> rfl

  have h_main : DoubleQuadruple_postcond (x) (DoubleQuadruple (x) h_precond) h_precond := by
    simp only [DoubleQuadruple_postcond, h₁, h₂] at *
    <;> simp_all
    <;> aesop

  exact h_main
","
",538,17,14,14,1,True,3,1,True,True,0,3,1,0,0,0,0,0,0,0,0,0,1,0,2,0,0,True,7,0,False,False,True,False,unfold,aesop=1;exact=1;have=3;rfl=2;ring=2;simp=3;simp_all=1;unfold=1
verina_basic_59,model,qwen3-14b,1.0,model,[],0a2593fadc2b48c9f5ab37c185fa6a50f2ec9b8cceb7a0f4618d7aac80272f62,"  unfold DoubleQuadruple DoubleQuadruple_postcond
  simp_all
","
",61,2,2,2,1,True,0,1,False,False,0,0,0,0,0,0,0,0,0,0,0,0,0,0,0,0,0,True,1,0,False,False,False,False,unfold,simp_all=1;unfold=1
verina_basic_59,model,qwen3-14b__neutral,3.0,model,[],8cdde225a96c8de69e26c81413987411817939a6b3074d460604379fb0d37600,"  unfold DoubleQuadruple DoubleQuadruple_postcond
  simp_all
","-- No auxiliary definitions or lemmas are needed for this proof.
",61,2,2,2,1,True,0,1,False,False,0,0,0,0,0,0,0,0,0,0,0,0,0,0,0,0,0,True,1,0,False,False,False,False,unfold,simp_all=1;unfold=1
verina_basic_6,model,deepseek-prover-v2-7b,1.0,model,[],ab4f4dfb6b95492c200b93cbb6d1b08a119d84fc966fe2d83c07058ee6a3cd26,"  have h₁ : ((minOfThree (a) (b) (c) h_precond : Int) ≤ a ∧ (minOfThree (a) (b) (c) h_precond : Int) ≤ b ∧ (minOfThree (a) (b) (c) h_precond : Int) ≤ c) ∧ ((minOfThree (a) (b) (c) h_precond : Int) = a ∨ (minOfThree (a) (b) (c) h_precond : Int) = b ∨ (minOfThree (a) (b) (c) h_precond : Int) = c) := by
    dsimp only [minOfThree, minOfThree_postcond, minOfThree_precond]
    -- Consider the cases based on the comparisons between a, b, and c
    split_ifs with h₁ h₂ h₃ <;> simp_all [and_imp, Prod.exists, exists_and_right, exists_prop]
    <;>
    (try {
      aesop
    }) <;>
    (try {
      omega
    }) <;>
    (try {
      exact ⟨by omega, by omega, by omega⟩
    }) <;>
    (try {
      exact Or.inl (by omega)
    }) <;>
    (try {
      exact Or.inr (Or.inl (by omega))
    }) <;>
    (try {
      exact Or.inr (Or.inr (by omega))
    })
    <;>
    (try {
      aesop
    })
    <;>
    (try {
      omega
    })
    <;>
    (try {
      exact ⟨by omega, by omega, by omega⟩
    })
    <;>
    (try {
      exact Or.inl (by omega)
    })
    <;>
    (try {
      exact Or.inr (Or.inl (by omega))
    })
    <;>
    (try {
      exact Or.inr (Or.inr (by omega))
    })

  exact h₁
","
",1191,49,47,40,0,False,1,1,True,False,0,1,9,0,0,0,0,0,0,0,14,0,2,0,0,0,0,True,7,0,False,False,True,False,have,aesop=2;dsimp=1;exact=9;have=1;omega=14;simp_all=1;try=12
verina_basic_6,model,deepseek-prover-v2-7b__hard_unfold,1.0,model,[],9d80db25d8d93f311edc110fffc5689e81cdc8cdcc60cabde31fc4ebda757a7b,"  unfold minOfThree minOfThree_postcond
  have h_main : (minOfThree a b c h_precond) ≤ a ∧ (minOfThree a b c h_precond) ≤ b ∧ (minOfThree a b c h_precond) ≤ c ∧ ((minOfThree a b c h_precond) = a ∨ (minOfThree a b c h_precond) = b ∨ (minOfThree a b c h_precond) = c) := by
    dsimp only [minOfThree_postcond, minOfThree, minOfThree_precond] at *
    split_ifs with h₁ h₂ h₃ <;> simp_all [minOfThree_postcond, minOfThree, minOfThree_precond]
    <;> (try omega) <;> (try {
      aesop
    }) <;> (try {
      norm_num at * <;>
      omega
    }) <;> (try {
      aesop
    }) <;> (try {
      norm_num at * <;>
      omega
    }) <;> (try {
      aesop
    })
    <;> (try {
      norm_num at * <;>
      omega
    })
    <;> omega
    <;> aesop
    <;> aesop
    <;> aesop

  simp_all [minOfThree_postcond]
  <;> aesop
","
",819,28,27,27,1,True,1,2,True,False,0,1,0,0,0,0,0,0,0,0,5,0,7,0,0,3,0,True,9,0,False,False,True,False,unfold,aesop=7;dsimp=1;have=1;norm_num=3;omega=5;simp_all=2;try=7;unfold=1
verina_basic_6,model,goedel-prover-v2-8b,1.0,model,[],d66af0dad21c6c596e935732732d31597b1940d728dcac33b89d452847a060bb,"  have h_main : minOfThree_postcond (a) (b) (c) (minOfThree (a) (b) (c) h_precond) h_precond := by
    dsimp only [minOfThree, minOfThree_precond, minOfThree_postcond] at *
    split_ifs at * <;>
    (try { contradiction }) <;>
    (try {
      simp_all [Int.le_of_lt]
      <;>
      (try { omega }) <;>
      (try {
        norm_num at *
        <;>
        (try { omega }) <;>
        (try {
          aesop
        })
      })
    }) <;>
    (try {
      aesop
    }) <;>
    (try {
      omega
    }) <;>
    (try {
      norm_num at *
      <;>
      aesop
    }) <;>
    (try {
      omega
    }) <;>
    (try {
      aesop
    })
    <;>
    (try {
      omega
    })
    <;>
    (try {
      aesop
    })
  exact h_main
","
",729,43,43,30,0,False,1,1,True,False,0,1,1,0,0,0,0,0,0,0,5,0,5,0,0,2,0,True,2,0,False,False,True,False,have,aesop=5;contradiction=1;dsimp=1;exact=1;have=1;norm_num=2;omega=5;simp_all=1;try=13
verina_basic_6,model,goedel-prover-v2-8b__avoid_unfold,2.0,model,[],bc10d7cbf889a70656b55c7c67e97cba94ed5c9a80c6a03a2443d6a521b9d27d,"  have h_main : minOfThree_postcond (a) (b) (c) (minOfThree (a) (b) (c) h_precond) h_precond := by
    constructor
    · -- Prove that the result is less than or equal to a, b, and c
      by_cases h₁ : a ≤ b ∧ a ≤ c
      · -- Case 1: a ≤ b and a ≤ c
        have h₂ : minOfThree (a) (b) (c) h_precond = a := by
          rw [minOfThree]
          <;> simp_all
        rw [h₂]
        constructor <;> simp_all
        <;> omega
      · by_cases h₂ : b ≤ a ∧ b ≤ c
        · -- Case 2: b ≤ a and b ≤ c
          have h₃ : minOfThree (a) (b) (c) h_precond = b := by
            rw [minOfThree]
            <;> simp_all
            <;> omega
          rw [h₃]
          constructor <;> simp_all
          <;> omega
        · -- Case 3: Neither a ≤ b ∧ a ≤ c nor b ≤ a ∧ b ≤ c
          have h₃ : minOfThree (a) (b) (c) h_precond = c := by
            rw [minOfThree]
            <;> simp_all
            <;> omega
          rw [h₃]
          have h₄ : c ≤ a := by
            by_contra h₄
            have h₅ : a < c := by linarith
            have h₆ : a ≤ b := by
              by_contra h₆
              have h₇ : b < a := by linarith
              have h₈ : b ≤ a ∧ b ≤ c := by
                constructor <;> (try omega) <;> (try
                  {
                    by_contra h₉
                    have h₁₀ : a ≤ c := by
                      omega
                    have h₁₁ : a ≤ b ∧ a ≤ c := by
                      exact ⟨by omega, h₁₀⟩
                    contradiction
                  })
              contradiction
            have h₇ : a ≤ c := by
              by_contra h₇
              have h₈ : c < a := by linarith
              have h₉ : a ≤ b ∧ a ≤ c := by
                exact ⟨h₆, by omega⟩
              contradiction
            have h₈ : a ≤ b ∧ a ≤ c := by
              exact ⟨h₆, h₇⟩
            contradiction
          have h₅ : c ≤ b := by
            by_contra h₅
            have h₆ : b < c := by linarith
            have h₇ : b ≤ a := by
              by_contra h₇
              have h₈ : a < b := by linarith
              have h₉ : b ≤ a ∧ b ≤ c := by
                constructor <;> (try omega) <;> (try
                  {
                    by_contra h₁₀
                    have h₁₁ : b ≤ a := by
                      omega
                    have h₁₂ : b ≤ a ∧ b ≤ c := by
                      exact ⟨h₁₁, by omega⟩
                    contradiction
                  })
              contradiction
            have h₈ : b ≤ c := by
              by_contra h₈
              have h₉ : c < b := by linarith
              have h₁₀ : b ≤ a ∧ b ≤ c := by
                exact ⟨h₇, by omega⟩
              contradiction
            have h₉ : b ≤ a ∧ b ≤ c := by
              exact ⟨h₇, h₈⟩
            contradiction
          constructor <;> simp_all
          <;> omega
    · -- Prove that the result is equal to a, b, or c
      by_cases h₁ : a ≤ b ∧ a ≤ c
      · -- Case 1: a ≤ b and a ≤ c
        have h₂ : minOfThree (a) (b) (c) h_precond = a := by
          rw [minOfThree]
          <;> simp_all
        rw [h₂]
        simp_all
        <;> tauto
      · by_cases h₂ : b ≤ a ∧ b ≤ c
        · -- Case 2: b ≤ a and b ≤ c
          have h₃ : minOfThree (a) (b) (c) h_precond = b := by
            rw [minOfThree]
            <;> simp_all
            <;> omega
          rw [h₃]
          simp_all
          <;> tauto
        · -- Case 3: Neither a ≤ b ∧ a ≤ c nor b ≤ a ∧ b ≤ c
          have h₃ : minOfThree (a) (b) (c) h_precond = c := by
            rw [minOfThree]
            <;> simp_all
            <;> omega
          rw [h₃]
          simp_all
          <;> tauto
  exact h_main
","
",3644,107,107,114,0,False,0,12,False,False,12,29,7,0,0,6,0,0,0,4,15,0,0,0,0,0,6,True,13,0,False,False,True,False,have,by_cases=4;by_contra=8;constructor=6;contradiction=8;exact=7;have=29;linarith=6;omega=15;rw=12;simp_all=12;tauto=3;try=4
verina_basic_6,model,goedel-prover-v2-8b__hard_unfold,2.0,model,[],56b6ac1109ad7af90b113f43144af1d6742d81cc8a8fc58c85fc2c9b2029563e,"  unfold minOfThree minOfThree_postcond
  have h_main : minOfThree_postcond (a) (b) (c) (minOfThree (a) (b) (c) h_precond) h_precond := by
    dsimp [minOfThree, minOfThree_postcond, minOfThree_precond] at *
    split_ifs at * <;>
    (try { contradiction }) <;>
    (try { aesop }) <;>
    (try {
      constructor <;>
      (try { constructor <;> omega }) <;>
      (try { simp_all [Int.le_of_lt] <;> omega }) <;>
      (try { aesop })
    }) <;>
    (try {
      aesop
    }) <;>
    (try {
      omega
    }) <;>
    (try {
      aesop
    }) <;>
    (try {
      simp_all [Int.le_of_lt] <;> omega
    })
    <;>
    aesop
  exact h_main
","
",642,27,27,28,1,True,1,2,True,False,0,1,1,0,0,2,0,0,0,0,4,0,5,0,0,0,0,True,3,0,False,False,True,False,unfold,aesop=5;constructor=2;contradiction=1;dsimp=1;exact=1;have=1;omega=4;simp_all=2;try=10;unfold=1
verina_basic_66,model,deepseek-prover-v2-7b,0.0,model,[],74ce17792ae3d4b88918ee93c091d6f1b3cc97f57a3efc0632e2c678b1baf0aa,"  have h_main : (ComputeIsEven x h_precond = true) ↔ ∃ (k : Int), x = 2 * k := by
    unfold ComputeIsEven
    simp [h_precond]
    constructor
    · -- Prove the forward direction: (x % 2 = 0) → ∃ k, x = 2 * k
      intro h
      use x / 2
      have h₁ : x % 2 = 0 := by simpa using h
      have h₂ : x = 2 * (x / 2) := by
        have h₃ := Int.emod_add_ediv x 2
        omega
      linarith
    · -- Prove the backward direction: (∃ k, x = 2 * k) → (x % 2 = 0)
      rintro ⟨k, hk⟩
      have h₁ : x % 2 = 0 := by
        rw [hk]
        norm_num
        <;>
        (try omega) <;>
        (try simp [Int.mul_emod, Int.add_emod, Int.emod_emod]) <;>
        omega
      simp_all
      <;>
      omega

  simp_all [ComputeIsEven_postcond]
  <;>
  aesop
","
",756,28,27,23,1,True,2,2,False,False,1,5,0,0,1,1,0,0,0,0,4,0,1,0,0,1,1,True,2,0,False,False,True,False,have,aesop=1;constructor=1;have=5;intro=1;linarith=1;norm_num=1;omega=4;rw=1;simp=2;simp_all=2;try=2;unfold=1;use=1
verina_basic_66,model,deepseek-prover-v2-7b__hard_unfold,0.0,model,[],46ef47587949056708b36826605507b81d39f7304d455abd36b1f3419f10719a,"  unfold ComputeIsEven ComputeIsEven_postcond
  have h_main : ComputeIsEven x h_precond = true ↔ ∃ (k : Int), x = 2 * k := by
    dsimp [ComputeIsEven, ComputeIsEven_precond]
    constructor
    · -- Prove the forward direction: if x % 2 = 0, then ∃ k, x = 2 * k
      intro h
      have h1 : x % 2 = 0 := by simpa using h
      have h2 : ∃ (k : Int), x = 2 * k := by
        use x / 2
        have h3 : x % 2 = 0 := h1
        have h4 : x = 2 * (x / 2) := by
          have h5 := Int.emod_add_ediv x 2
          omega
        linarith
      exact h2
    · -- Prove the backward direction: if ∃ k, x = 2 * k, then x % 2 = 0
      intro h
      rcases h with ⟨k, hk⟩
      have h1 : x % 2 = 0 := by
        have h2 : x = 2 * k := hk
        rw [h2]
        simp [Int.mul_emod]
        <;> norm_num
        <;> omega
      simpa [h1] using h1

  simp_all [ComputeIsEven_postcond]
  <;> aesop
","
",890,28,27,24,1,True,2,1,True,False,1,8,1,0,2,1,1,0,0,0,2,0,1,0,0,1,1,True,3,0,False,False,True,False,unfold,aesop=1;constructor=1;dsimp=1;exact=1;have=8;intro=2;linarith=1;norm_num=1;omega=2;rcases=1;rw=1;simp=1;simp_all=1;unfold=1;use=1
verina_basic_66,model,goedel-prover-v2-32b,0.0,model,[],610e759d391c70fe6cdfb5c9ea3e442c2be6b12b03478bf0b3e453a8bc58b88d,"  have h_main : (if x % 2 = 0 then true else false : Bool) = true ↔ ∃ k : Int, x = 2 * k := by
    constructor
    · -- Prove the forward direction: if the if-then-else evaluates to true, then x is even.
      intro h
      have h₁ : x % 2 = 0 := by
        split_ifs at h <;> simp_all [Bool.not_eq_true]
        <;> norm_num at h ⊢
        <;> omega
      -- Since x % 2 = 0, we can write x = 2 * k for some integer k.
      have h₂ : ∃ k : Int, x = 2 * k := by
        use x / 2
        have h₃ : x % 2 = 0 := h₁
        have h₄ : x = 2 * (x / 2) := by
          have h₅ : x % 2 = 0 := h₁
          have h₆ : x = 2 * (x / 2) + x % 2 := by
            have h₇ := Int.emod_add_ediv x 2
            omega
          rw [h₅] at h₆
          omega
        exact h₄
      exact h₂
    · -- Prove the backward direction: if x is even, then the if-then-else evaluates to true.
      intro h
      have h₁ : ∃ k : Int, x = 2 * k := h
      -- Since x is even, x % 2 = 0.
      have h₂ : x % 2 = 0 := by
        obtain ⟨k, hk⟩ := h₁
        have h₃ : x = 2 * k := hk
        rw [h₃]
        have h₄ : (2 * k : Int) % 2 = 0 := by
          have h₅ : (2 * k : Int) % 2 = 0 := by
            simp [Int.mul_emod, Int.emod_emod]
          exact h₅
        exact h₄
      -- Therefore, the if-then-else evaluates to true.
      have h₃ : (if x % 2 = 0 then true else false : Bool) = true := by
        split_ifs <;> simp_all
        <;> norm_num
        <;> omega
      exact h₃

  -- Simplify the goal using the main lemma and the definition of ComputeIsEven.
  dsimp [ComputeIsEven_postcond, ComputeIsEven] at *
  <;> simp_all
  <;> aesop
","
",1626,45,40,38,0,False,2,3,True,False,2,14,5,0,2,1,1,0,0,0,4,0,1,0,0,2,0,True,1,0,False,False,False,False,have,aesop=1;constructor=1;dsimp=1;exact=5;have=14;intro=2;norm_num=2;obtain=1;omega=4;rw=2;simp=1;simp_all=3;use=1
verina_basic_66,model,goedel-prover-v2-8b,1.0,model,[],3d1c226f32f2db83fb4cfe8c704fa713e1de771c542ba31debb0aa940e90d974,"  have h_main : ((ComputeIsEven (x) h_precond) = true ↔ ∃ (k : Int), x = 2 * k) := by
    dsimp [ComputeIsEven]
    constructor
    · -- Prove the forward direction: if x % 2 = 0, then ∃ k, x = 2 * k
      intro h
      have h₁ : x % 2 = 0 := by simpa using h
      have h₂ : ∃ (k : Int), x = 2 * k := by
        use x / 2
        have h₃ : x = 2 * (x / 2) := by
          have h₄ : x % 2 = 0 := h₁
          have h₅ : x = 2 * (x / 2) + (x % 2) := by omega
          rw [h₄] at h₅
          omega
        linarith
      simpa using h₂
    · -- Prove the backward direction: if ∃ k, x = 2 * k, then x % 2 = 0
      intro h
      rcases h with ⟨k, rfl⟩
      have h₁ : (2 * k : ℤ) % 2 = 0 := by
        norm_num [Int.mul_emod]
      simpa [h₁] using h₁

  simpa [ComputeIsEven_postcond] using h_main
","
",798,23,22,19,0,False,1,0,True,False,1,7,0,0,2,1,1,0,0,0,2,0,0,0,1,1,1,True,2,0,False,False,True,False,have,constructor=1;dsimp=1;have=7;intro=2;linarith=1;norm_num=1;omega=2;rcases=1;rfl=1;rw=1;use=1
verina_basic_66,model,goedel-prover-v2-8b__avoid_unfold,0.0,model,[],97ab255bb96a3e1d4217f2a2b68bb36bb7b95b91aba9b679915810972bf1b5e2,"  have h_main : ((if x % 2 = 0 then true else false) = true) ↔ (∃ (k : Int), x = 2 * k) := by
    constructor
    · -- Prove the forward direction: if (if x % 2 = 0 then true else false) = true, then ∃ k : Int, x = 2 * k
      intro h
      have h₁ : x % 2 = 0 := by
        by_contra h₂
        -- If x % 2 ≠ 0, then (if x % 2 = 0 then true else false) = false, contradicting h
        have h₃ : x % 2 ≠ 0 := h₂
        have h₄ : (if x % 2 = 0 then true else false) = false := by
          simp [h₃, Bool.eq_false_iff]
        rw [h₄] at h
        contradiction
      -- Now we know x % 2 = 0, so we can find k such that x = 2 * k
      have h₂ : ∃ (k : Int), x = 2 * k := by
        use x / 2
        have h₃ : x = 2 * (x / 2) + x % 2 := by
          have h₄ := Int.emod_add_ediv x 2
          omega
        rw [h₁] at h₃
        omega
      exact h₂
    · -- Prove the backward direction: if ∃ k : Int, x = 2 * k, then (if x % 2 = 0 then true else false) = true
      intro h
      have h₁ : x % 2 = 0 := by
        obtain ⟨k, hk⟩ := h
        have h₂ : x = 2 * k := hk
        have h₃ : x % 2 = 0 := by
          rw [h₂]
          have h₄ : (2 * k : ℤ) % 2 = 0 := by
            simp [Int.mul_emod, Int.emod_emod]
          exact h₄
        exact h₃
      have h₂ : (if x % 2 = 0 then true else false) = true := by
        simp [h₁]
      exact h₂

  have h_final : ComputeIsEven_postcond (x) (ComputeIsEven (x) h_precond) h_precond := by
    dsimp [ComputeIsEven_postcond] at *
    have h₁ : ComputeIsEven (x) h_precond = (if x % 2 = 0 then true else false) := rfl
    rw [h₁]
    have h₂ : ((if x % 2 = 0 then true else false) = true) ↔ (∃ (k : Int), x = 2 * k) := h_main
    have h₃ : ((if x % 2 = 0 then true else false) = true) ↔ ((if x % 2 = 0 then true else false) = true) := by simp
    simp_all [h_main]
    <;>
    (try omega) <;>
    (try ring_nf at *) <;>
    (try norm_num) <;>
    (try aesop) <;>
    (try omega)
    <;>
    (try
      {
        aesop
      })
    <;>
    (try
      {
        omega
      })

  exact h_final
","
",2044,61,57,55,0,False,5,1,False,False,4,16,5,0,2,1,1,0,0,0,5,0,2,0,1,1,0,True,2,0,False,False,True,False,have,aesop=2;by_contra=1;constructor=1;contradiction=1;dsimp=1;exact=5;have=16;intro=2;norm_num=1;obtain=1;omega=5;rfl=1;ring_nf=1;rw=4;simp=4;simp_all=1;try=7;use=1
verina_basic_66,model,goedel-prover-v2-8b__hard_unfold,0.0,model,[],6ed3c32d49a988d3f7310d5152770535beb1c28024411a01d7ebf20683b47e34,"  unfold ComputeIsEven ComputeIsEven_postcond
  have h_main : (if x % 2 = 0 then true else false) = true ↔ ∃ k : Int, x = 2 * k := by
    constructor
    · -- Prove the forward direction: if (if x % 2 = 0 then true else false) = true, then ∃ k : Int, x = 2 * k
      intro h
      have h₁ : x % 2 = 0 := by
        by_contra h₁
        -- If x % 2 ≠ 0, then (if x % 2 = 0 then true else false) = false
        simp [h₁] at h
        <;> simp_all (config := {decide := true})
        <;> aesop
      -- Since x % 2 = 0, x is even
      use x / 2
      have h₂ : x = 2 * (x / 2) := by
        have h₃ := Int.emod_add_ediv x 2
        omega
      linarith
    · -- Prove the backward direction: if ∃ k : Int, x = 2 * k, then (if x % 2 = 0 then true else false) = true
      rintro ⟨k, hk⟩
      have h₁ : x % 2 = 0 := by
        have h₂ : x = 2 * k := by omega
        rw [h₂]
        simp [Int.mul_emod, Int.emod_emod]
        <;> omega
      -- Since x % 2 = 0, the condition (if x % 2 = 0 then true else false) = true
      simp [h₁]
      <;> aesop
  -- Use the main equivalence to complete the proof
  simp_all [ComputeIsEven, ComputeIsEven_precond, ComputeIsEven_postcond]
  <;> aesop
","
",1188,30,26,25,1,True,3,2,True,False,1,6,0,0,1,1,0,0,0,0,3,1,3,0,0,0,1,True,2,0,False,False,False,False,unfold,aesop=3;by_contra=1;constructor=1;decide=1;have=6;intro=1;linarith=1;omega=3;rw=1;simp=3;simp_all=2;unfold=1;use=1
verina_basic_76,model,deepseek-prover-v2-7b,0.0,model,[],e00b8d5af5266f50ecfb1587634d4dea812fc3620c32e7be994c8dbb37e0f46b,"  have h_main : myMin_postcond x y (myMin x y h_precond) h_precond := by
    unfold myMin_postcond
    constructor
    · -- Prove x ≤ y → myMin x y h_precond = x
      intro h
      have h₁ : (if x < y then x else y) = x := by
        split_ifs <;> simp_all [myMin, myMin_precond] <;> omega
      simp_all [myMin]
      <;> aesop
    · -- Prove x > y → myMin x y h_precond = y
      intro h
      have h₁ : (if x < y then x else y) = y := by
        split_ifs <;> simp_all [myMin, myMin_precond] <;> try omega
        <;> try linarith
      simp_all [myMin]
      <;> aesop
  exact h_main
","
",589,17,17,19,1,False,0,4,True,False,0,3,1,0,2,1,0,0,0,0,2,0,2,0,0,0,1,True,5,0,False,False,True,False,have,aesop=2;constructor=1;exact=1;have=3;intro=2;linarith=1;omega=2;simp_all=4;try=2;unfold=1
verina_basic_76,model,deepseek-prover-v2-7b__hard_unfold,0.0,model,[],b179f81dce5b9a92554081fafe8478934037a1eb8bff60b71997e5c6c57054e3,"  unfold myMin myMin_postcond
  have h_main_proof : myMin_postcond x y (myMin x y h_precond) h_precond := by
    unfold myMin_postcond
    have h₁ : myMin x y h_precond = if x < y then x else y := by
      rfl
    rw [h₁]
    constructor
    · -- Prove `x ≤ y → (if x < y then x else y) = x`
      intro h
      split_ifs <;>
      (try contradiction) <;>
      (try omega) <;>
      (try simp_all [myMin_precond]) <;>
      (try omega) <;>
      (try
        {
          omega
        }) <;>
      (try
        {
          simp_all [myMin_precond]
          <;> omega
        }) <;>
      (try
        {
          omega
        })
    · -- Prove `x > y → (if x < y then x else y) = y`
      intro h
      have h₂ : ¬ x < y := by
        intro h₃
        have h₄ : x > y := by exact h
        have h₅ : x < y := h₃
        linarith
      split_ifs at * <;> simp_all [myMin_precond]
      <;>
      (try omega) <;>
      (try linarith)
  exact h_main_proof
","
",956,39,39,36,2,True,0,3,False,False,1,5,2,0,3,1,0,0,0,0,6,0,0,0,1,0,2,True,3,0,False,False,True,False,unfold,constructor=1;contradiction=1;exact=2;have=5;intro=3;linarith=2;omega=6;rfl=1;rw=1;simp_all=3;try=9;unfold=2
verina_basic_76,model,goedel-prover-v2-32b,0.0,model,[],e4a8d168930bcac63a3be94015e37af75e8c0846298cb654a6246e938404ff44,"  have h_main : (x ≤ y → (if x < y then x else y) = x) ∧ (x > y → (if x < y then x else y) = y) := by
    constructor
    · -- Prove x ≤ y → (if x < y then x else y) = x
      intro h_xy
      split_ifs with h_lt
      · -- Case x < y
        -- Since x < y, the if condition is true, and we need to show x = x
        rfl
      · -- Case ¬(x < y)
        -- Here, x ≥ y. But we have x ≤ y, so x = y
        have h_eq : x = y := by
          have h₁ : x ≥ y := by
            -- Since ¬(x < y), we have x ≥ y
            omega
          -- Given x ≤ y and x ≥ y, we have x = y
          omega
        -- Substitute x = y into the else branch
        rw [h_eq]
        <;> simp_all
        <;> omega
    · -- Prove x > y → (if x < y then x else y) = y
      intro h_xy
      split_ifs with h_lt
      · -- Case x < y
        -- This case is impossible because x > y
        exfalso
        omega
      · -- Case ¬(x < y)
        -- The else branch directly gives y
        rfl

  have h_final : myMin_postcond (x) (y) (myMin (x) (y) h_precond) h_precond := by
    simp only [myMin_postcond, myMin] at *
    -- Use the result from h_main to directly conclude the proof
    have h₁ : (x ≤ y → (if x < y then x else y) = x) := h_main.1
    have h₂ : (x > y → (if x < y then x else y) = y) := h_main.2
    constructor
    · -- Prove x ≤ y → (if x < y then x else y) = x
      intro h
      have h₃ := h₁ h
      simpa using h₃
    · -- Prove x > y → (if x < y then x else y) = y
      intro h
      have h₃ := h₂ h
      simpa using h₃

  exact h_final
","
",1548,47,37,25,0,False,1,1,True,True,1,8,1,0,4,2,0,0,0,0,4,0,0,0,2,0,0,True,2,0,False,False,True,False,have,constructor=2;exact=1;exfalso=1;have=8;intro=4;omega=4;rfl=2;rw=1;simp=1;simp_all=1
verina_basic_76,model,goedel-prover-v2-8b,1.0,model,[],914b72e335db32efe88fa8d307ddb36f548f713ce7ec283bc480c8435490c4b7,"  have h_main : myMin_postcond (x) (y) (myMin (x) (y) h_precond) h_precond := by
    dsimp only [myMin_precond, myMin_postcond, myMin] at *
    split_ifs <;> simp_all [Int.lt_iff_le_and_ne, Int.le_of_lt]
    <;>
    (try { contradiction }) <;>
    (try { omega }) <;>
    (try {
      constructor <;> intro h <;>
      (try { contradiction }) <;>
      (try { omega }) <;>
      (try { linarith })
    })
    <;>
    (try {
      by_cases h : x = y <;> simp_all [h, Int.lt_iff_le_and_ne, Int.le_of_lt]
      <;>
      (try { contradiction }) <;>
      (try { omega }) <;>
      (try { linarith })
    })
    <;>
    (try {
      by_cases h : x < y <;> simp_all [h, Int.lt_iff_le_and_ne, Int.le_of_lt]
      <;>
      (try { contradiction }) <;>
      (try { omega }) <;>
      (try { linarith })
    })
  exact h_main
","
",818,29,29,35,0,False,1,3,True,False,0,1,1,0,1,1,0,0,0,2,4,0,0,0,0,0,3,True,2,0,False,False,True,False,have,by_cases=2;constructor=1;contradiction=4;dsimp=1;exact=1;have=1;intro=1;linarith=3;omega=4;simp_all=3;try=14
verina_basic_76,model,goedel-prover-v2-8b__avoid_unfold,0.0,model,[],2cd44a82a11201c3e0259d12b6ee10f16da875331754f345f865427183da604c,"  have h₁ : x ≤ y → myMin x y h_precond = x := by
    intro h_le
    have h₂ : myMin x y h_precond = x := by
      -- Prove that if x ≤ y, then myMin x y = x
      by_cases h : x < y
      · -- Case: x < y
        simp [myMin, h]
      · -- Case: x ≥ y
        have h₃ : y ≤ x := by
          by_contra h₄
          have h₅ : x < y := by
            linarith
          contradiction
        have h₄ : x = y := by
          have h₅ : x ≤ y := h_le
          have h₆ : y ≤ x := h₃
          linarith
        simp [myMin, h, h₄]
        <;> aesop
    exact h₂
    <;> aesop

  have h₂ : x > y → myMin x y h_precond = y := by
    intro h_gt
    have h₃ : ¬(x < y) := by
      intro h_lt
      have h₄ : x ≤ y := by
        linarith
      have h₅ : x > y := h_gt
      linarith
    have h₄ : myMin x y h_precond = y := by
      simp [myMin, h₃]
    exact h₄

  have h_main : myMin_postcond x y (myMin x y h_precond) h_precond := by
    constructor
    · -- Prove the first part: x ≤ y → myMin x y h_precond = x
      intro h_le
      exact h₁ h_le
    · -- Prove the second part: x > y → myMin x y h_precond = y
      intro h_gt
      exact h₂ h_gt

  exact h_main
","
",1160,44,40,36,0,False,3,0,True,False,0,13,5,0,5,1,0,0,0,1,0,0,2,0,0,0,4,True,8,0,False,False,True,False,have,aesop=2;by_cases=1;by_contra=1;constructor=1;contradiction=1;exact=5;have=13;intro=5;linarith=4;simp=3
verina_basic_76,model,goedel-prover-v2-8b__hard_unfold,1.0,model,[],4271e3ea3112c059b2f7e94c1e7422c57fd323dcd896ccb731c148d4e36467aa,"  unfold myMin myMin_postcond
  have h_main : myMin_postcond (x) (y) (myMin (x) (y) h_precond) h_precond := by
    constructor
    · -- Prove the first part: x ≤ y → myMin x y = x
      intro h
      have h₁ : x ≤ y := h
      -- Consider the cases for x and y
      by_cases h₂ : x < y
      · -- Case 1: x < y
        have h₃ : myMin (x) (y) h_precond = x := by
          simp [myMin, h₂]
          <;> omega
        simp [h₃]
        <;> omega
      · -- Case 2: x ≥ y
        have h₃ : x ≥ y := by omega
        have h₄ : myMin (x) (y) h_precond = y := by
          simp [myMin, h₂, h₃]
          <;> omega
        have h₅ : x ≤ y := by omega
        simp [h₄, h₅]
        <;> omega
    · -- Prove the second part: x > y → myMin x y = y
      intro h
      have h₁ : x > y := h
      -- Consider the cases for x and y
      by_cases h₂ : x < y
      · -- This case is impossible since x > y and x < y cannot both be true
        exfalso
        omega
      · -- Case 1: x ≥ y
        have h₃ : x ≥ y := by omega
        have h₄ : myMin (x) (y) h_precond = y := by
          simp [myMin, h₂, h₃]
          <;> omega
        simp [h₄]
        <;> omega
  exact h_main
","
",1170,38,36,33,1,True,6,0,True,False,0,9,1,0,2,1,0,0,0,2,10,0,0,0,0,0,0,True,8,0,False,False,True,False,unfold,by_cases=2;constructor=1;exact=1;exfalso=1;have=9;intro=2;omega=10;simp=6;unfold=1
verina_basic_78,model,deepseek-prover-v2-7b,0.0,model,[],07ecf847cd49b981d56748cddfac2ecad31a65e2f4d866e949d500354a1dea9e,"  have h1 : (MultipleReturns (x) (y) h_precond).1 = x + y := by
    simp [MultipleReturns, MultipleReturns_precond, h_precond]
    <;> rfl

  have h2 : (MultipleReturns (x) (y) h_precond).2 + y = x := by
    simp [MultipleReturns, MultipleReturns_precond, h_precond]
    <;> ring
    <;> simp_all [Int.add_comm, Int.add_left_comm, Int.add_assoc]
    <;> linarith

  have h_main : MultipleReturns_postcond (x) (y) (MultipleReturns (x) (y) h_precond) h_precond := by
    constructor
    · -- Prove the first part of the postcondition: (MultipleReturns (x) (y) h_precond).1 = x + y
      exact h1
    · -- Prove the second part of the postcondition: (MultipleReturns (x) (y) h_precond).2 + y = x
      exact h2

  exact h_main
","
",724,18,15,13,0,False,2,1,True,False,0,3,3,0,0,1,0,0,0,0,0,0,0,0,1,0,1,True,5,0,False,False,True,False,have,constructor=1;exact=3;have=3;linarith=1;rfl=1;ring=1;simp=2;simp_all=1
verina_basic_78,model,deepseek-prover-v2-7b__hard_unfold,0.0,model,[],86305c56c5a1c259626fb19dc7f149511c5d9f71ef6a5527cb70ba001eec2d1c,"  unfold MultipleReturns MultipleReturns_postcond
  have h1 : (MultipleReturns (x) (y) h_precond).1 = x + y := by
    simp [MultipleReturns]
    <;>
    aesop

  have h2 : ((MultipleReturns (x) (y) h_precond).2) + y = x := by
    have h3 : (MultipleReturns (x) (y) h_precond) = (x + y, x - y) := by
      simp [MultipleReturns, h_precond]
      <;>
      aesop
    rw [h3]
    <;>
    ring
    <;>
    omega

  constructor
  · exact h1
  · exact h2
","
",449,20,18,14,1,True,2,0,True,False,1,3,2,0,0,1,0,0,0,0,1,0,2,0,0,0,0,True,6,0,False,False,True,False,unfold,aesop=2;constructor=1;exact=2;have=3;omega=1;ring=1;rw=1;simp=2;unfold=1
verina_basic_78,model,goedel-prover-v2-32b,0.0,model,[],2f70141e2111baf75f2421336bad416f437491575251b4b737e3487961c3a8dc,"  have h_main : MultipleReturns_postcond (x) (y) (MultipleReturns (x) (y) h_precond) h_precond := by
    dsimp [MultipleReturns, MultipleReturns_postcond, MultipleReturns_precond] at *
    constructor
    · -- Prove the first condition: result.1 = x + y
      rfl
    · -- Prove the second condition: result.2 + y = x
      simp [add_assoc, add_comm, add_left_comm]
      <;> ring_nf at *
      <;> norm_num
      <;> linarith
  exact h_main
","
",442,11,11,9,0,False,2,0,True,False,0,1,1,0,0,1,0,0,0,0,0,0,0,0,1,1,1,True,2,0,False,False,True,False,have,constructor=1;dsimp=1;exact=1;have=1;linarith=1;norm_num=1;rfl=1;ring_nf=1;simp=1
verina_basic_78,model,goedel-prover-v2-8b,0.0,model,[],817244699e67cbf215af01e5464d63aec1f65322ef6b240282a9feb47b83b953,"  have h_main : MultipleReturns_postcond (x) (y) (MultipleReturns (x) (y) h_precond) h_precond := by
    dsimp [MultipleReturns_postcond, MultipleReturns, MultipleReturns_precond] at *
    <;>
    (try constructor) <;>
    (try simp_all) <;>
    (try ring_nf) <;>
    (try omega) <;>
    (try aesop)
    <;>
    (try
      norm_num) <;>
    (try
      simp_all [Int.mul_emod, Int.add_emod, Int.sub_emod]) <;>
    (try
      aesop)
    <;>
    (try
      norm_num) <;>
    (try
      omega)
  exact h_main
","
",505,21,21,23,0,False,1,2,True,False,0,1,1,0,0,1,0,0,0,0,2,0,2,0,0,2,0,True,2,0,False,False,True,False,have,aesop=2;constructor=1;dsimp=1;exact=1;have=1;norm_num=2;omega=2;ring_nf=1;simp_all=2;try=10
verina_basic_78,model,goedel-prover-v2-8b__avoid_unfold,0.0,model,[],a9f3c7502c76c27840444cd15f2f9f03aa5bb9f0718746bafa7e4fc885ab16c1,"  have h1 : (MultipleReturns (x) (y) h_precond).1 = x + y := by
    dsimp [MultipleReturns]
    <;> simp [h_precond]
    <;> rfl

  have h2 : (MultipleReturns (x) (y) h_precond).2 + y = x := by
    dsimp [MultipleReturns]
    <;> simp [h_precond]
    <;> ring
    <;> simp_all
    <;> linarith

  have h3 : MultipleReturns_postcond (x) (y) (MultipleReturns (x) (y) h_precond) h_precond := by
    constructor
    · -- Prove the first part of the conjunction: (MultipleReturns (x) (y) h_precond).1 = x + y
      exact h1
    · -- Prove the second part of the conjunction: (MultipleReturns (x) (y) h_precond).2 + y = x
      exact h2

  exact h3
","
",643,20,17,15,0,False,4,1,True,False,0,3,3,0,0,1,0,0,0,0,0,0,0,0,1,0,1,True,5,0,False,False,True,False,have,constructor=1;dsimp=2;exact=3;have=3;linarith=1;rfl=1;ring=1;simp=2;simp_all=1
verina_basic_78,model,goedel-prover-v2-8b__hard_unfold,0.0,model,[],51cedeeab98cb0489a6af96ef2c0f1402031fed8a669a6ce912ee426f30abd03,"  unfold MultipleReturns MultipleReturns_postcond
  have h₁ : (MultipleReturns (x) (y) h_precond).1 = x + y := by
    simp [MultipleReturns, h_precond]
    <;> ring
    <;> aesop

  have h₂ : (MultipleReturns (x) (y) h_precond).2 + y = x := by
    simp [MultipleReturns, h_precond]
    <;> ring
    <;> aesop

  have h_main : MultipleReturns_postcond (x) (y) (MultipleReturns (x) (y) h_precond) h_precond := by
    simp_all [MultipleReturns_postcond, MultipleReturns, h_precond]
    <;> aesop

  exact h_main
","
",509,16,13,13,1,True,2,1,True,False,0,3,1,0,0,0,0,0,0,0,0,0,3,0,0,0,0,True,7,0,False,False,True,False,unfold,aesop=3;exact=1;have=3;ring=2;simp=2;simp_all=1;unfold=1
verina_basic_78,model,qwen3-14b,0.0,model,[],e90b5a7c1b007f61fd8fd9e169ccfa5ce8d91c27a35f55a815b9c20aa59930a3,"  unfold MultipleReturns MultipleReturns_postcond
  simp_all
","
",61,2,2,2,1,True,0,1,False,False,0,0,0,0,0,0,0,0,0,0,0,0,0,0,0,0,0,True,1,0,False,False,False,False,unfold,simp_all=1;unfold=1
verina_basic_78,model,qwen3-32b,0.0,model,[],26c454dad475e8f54ba6efc6da4e4b3fdd78829dc60c2b969a11d05521b9cdfb,"  unfold MultipleReturns_postcond
  unfold MultipleReturns
  constructor
  · rfl
  · simp [Int.sub_add_cancel]
","
",111,5,5,5,2,True,1,0,False,False,0,0,0,0,0,1,0,0,0,0,0,0,0,0,1,0,0,True,1,0,False,False,False,False,unfold,constructor=1;rfl=1;simp=1;unfold=2
verina_basic_8,model,deepseek-prover-v2-7b,0.0,model,[],b17c9bc42fe1aa6f27146bbd4316f91183a0c7d8f02990fcc56cb8b1a4410629,"  have h_main : (myMin a b h_precond ≤ a ∧ myMin a b h_precond ≤ b) ∧ (myMin a b h_precond = a ∨ myMin a b h_precond = b) := by
    dsimp [myMin, myMin_precond] at *
    split_ifs <;> simp_all [Int.le_refl, Int.le_of_lt] <;>
    (try { omega }) <;>
    (try {
      exact Or.inl (by linarith) }) <;>
    (try {
      exact Or.inr (by linarith) }) <;>
    (try {
      exact ⟨by linarith, by linarith⟩ })
    <;>
    (try
      {
        exact Or.inl (by linarith)
      })
    <;>
    (try
      {
        exact Or.inr (by linarith)
      })
    <;>
    (try
      {
        exact ⟨by linarith, by linarith⟩
      })
  exact h_main
","
",632,26,26,26,0,False,1,1,True,False,0,1,7,0,0,0,0,0,0,0,1,0,0,0,0,0,8,True,5,0,False,False,True,False,have,dsimp=1;exact=7;have=1;linarith=8;omega=1;simp_all=1;try=7
verina_basic_8,model,deepseek-prover-v2-7b__hard_unfold,2.0,model,[],dc36f27d2756076193179c0bb4a7f46501a8ba6922e6f814041c6d553f787e0c,"  unfold myMin myMin_postcond
  have h_main : ((myMin a b h_precond ≤ a ∧ myMin a b h_precond ≤ b) ∧ (myMin a b h_precond = a ∨ myMin a b h_precond = b)) := by
    dsimp only [myMin, myMin_postcond]
    split_ifs with h
    · -- Case: a ≤ b
      constructor
      · -- Prove that a is the minimum and a ≤ b
        exact ⟨by linarith, by linarith⟩
      · -- Prove that a = a (true by reflexivity)
        exact Or.inl rfl
    · -- Case: b < a
      constructor
      · -- Prove that b is the minimum and b ≤ a
        exact ⟨by linarith, by linarith⟩
      · -- Prove that b = b (true by reflexivity)
        exact Or.inr rfl
  exact h_main
","
",643,17,17,16,1,True,1,0,True,False,0,1,5,0,0,2,0,0,0,0,0,0,0,0,2,0,4,True,6,0,False,False,True,False,unfold,constructor=2;dsimp=1;exact=5;have=1;linarith=4;rfl=2;unfold=1
verina_basic_8,model,goedel-prover-v2-32b,1.0,model,[],badbfce5554dcaf0416ba871cd13c778d176481e32bab002b0e35c707668242b,"  have h_main : myMin_postcond (a) (b) (myMin (a) (b) h_precond) h_precond := by
    dsimp [myMin_postcond, myMin, myMin_precond] at *
    split_ifs at * <;>
    (try { contradiction }) <;>
    (try {
      -- Case: a ≤ b
      constructor
      · -- Prove (a ≤ a ∧ a ≤ b)
        constructor <;>
        (try { linarith }) <;>
        (try { assumption })
      · -- Prove (a = a ∨ a = b)
        exact Or.inl rfl
    }) <;>
    (try {
      -- Case: ¬(a ≤ b)
      constructor
      · -- Prove (b ≤ a ∧ b ≤ b)
        constructor <;>
        (try { linarith }) <;>
        (try { assumption })
      · -- Prove (b = a ∨ b = b)
        exact Or.inr rfl
    })
  exact h_main
","
",676,25,23,23,0,False,1,0,True,False,0,1,3,0,0,4,0,0,0,0,0,0,0,0,2,0,2,True,2,0,False,False,True,False,have,assumption=2;constructor=4;contradiction=1;dsimp=1;exact=3;have=1;linarith=2;rfl=2;try=7
verina_basic_8,model,goedel-prover-v2-8b,0.0,model,[],d458909bc7f3ad0e613e2ed75779f90e10aac3a32cb7ad55e8ff870ec22133f4,"  have h_main : myMin_postcond (a) (b) (myMin (a) (b) h_precond) h_precond := by
    dsimp [myMin, myMin_precond, myMin_postcond] at *
    <;>
    split_ifs <;>
    (try {
      -- Case 1: a ≤ b
      simp_all [le_refl, le_of_lt]
      <;>
      (try { contradiction }) <;>
      (try { aesop }) <;>
      (try { omega })
    }) <;>
    (try {
      -- Case 2: a > b
      simp_all [le_refl, le_of_lt]
      <;>
      (try { contradiction }) <;>
      (try { aesop }) <;>
      (try { omega })
    }) <;>
    (try {
      -- Common cases
      aesop
    })
    <;>
    (try {
      -- Use omega to handle inequalities
      omega
    })
    <;>
    (try {
      -- Use aesop to handle logical implications
      aesop
    })
  exact h_main
","
",740,35,30,25,0,False,1,2,True,False,0,1,1,0,0,0,0,0,0,0,3,0,4,0,0,0,0,True,2,0,False,False,True,False,have,aesop=4;contradiction=2;dsimp=1;exact=1;have=1;omega=3;simp_all=2;try=11
verina_basic_8,model,goedel-prover-v2-8b__avoid_unfold,1.0,model,[],def43431e2148906f4a78bc509e3a3e3568a6ceb7fc0b29af62b43e432656ca0,"  have h_main : myMin_postcond (a) (b) (myMin (a) (b) h_precond) h_precond := by
    have h₁ : myMin (a) (b) h_precond ≤ a ∧ myMin (a) (b) h_precond ≤ b ∧ (myMin (a) (b) h_precond = a ∨ myMin (a) (b) h_precond = b) := by
      constructor
      · -- Prove that `myMin (a) (b) h_precond ≤ a`
        have h₂ : myMin (a) (b) h_precond = if a ≤ b then a else b := rfl
        rw [h₂]
        split_ifs <;>
        (try { contradiction }) <;>
        (try { linarith }) <;>
        (try { simp_all }) <;>
        (try { omega }) <;>
        (try { exact le_rfl })
        <;>
        (try { exact le_of_lt (by omega) })
        <;>
        (try { linarith })
      · constructor
        · -- Prove that `myMin (a) (b) h_precond ≤ b`
          have h₃ : myMin (a) (b) h_precond = if a ≤ b then a else b := rfl
          rw [h₃]
          split_ifs <;>
          (try { contradiction }) <;>
          (try { linarith }) <;>
          (try { simp_all }) <;>
          (try { omega }) <;>
          (try { exact le_rfl })
          <;>
          (try { exact le_of_lt (by omega) })
          <;>
          (try { linarith })
        · -- Prove that `myMin (a) (b) h_precond = a ∨ myMin (a) (b) h_precond = b`
          have h₄ : myMin (a) (b) h_precond = if a ≤ b then a else b := rfl
          rw [h₄]
          split_ifs <;>
          (try { contradiction }) <;>
          (try { aesop }) <;>
          (try { omega }) <;>
          (try { exact Or.inl rfl }) <;>
          (try { exact Or.inr rfl })
          <;>
          (try { aesop })
    simp_all [myMin_postcond, myMin_precond]
    <;> aesop
  exact h_main
","
",1609,44,44,60,0,False,0,3,False,False,3,5,7,0,0,2,0,0,0,0,5,0,3,0,5,0,4,True,8,0,False,False,True,False,have,aesop=3;constructor=2;contradiction=3;exact=7;have=5;linarith=4;omega=5;rfl=5;rw=3;simp_all=3;try=20
verina_basic_8,model,goedel-prover-v2-8b__hard_unfold,1.0,model,[],3b02bf2575a54eae99b6e1f8f917393fddc063732889d6ce0a4c701ba41f7eb0,"  unfold myMin myMin_postcond
  have h_main : myMin_postcond (a) (b) (myMin (a) (b) h_precond) h_precond := by
    simp only [myMin_postcond, myMin_precond, myMin, h_precond, True] at *
    -- Simplify the goal using the definitions and the fact that h_precond is trivially true
    by_cases h : a ≤ b
    · -- Case: a ≤ b
      simp [h, le_of_lt, le_of_lt, le_of_lt]
      <;>
      (try omega) <;>
      (try
        {
          norm_num
          <;>
          omega
        }) <;>
      (try
        {
          aesop
        })
    · -- Case: a > b
      have h' : b ≤ a := by
        linarith
      simp [h, h', le_of_lt, le_of_lt, le_of_lt]
      <;>
      (try omega) <;>
      (try
        {
          norm_num
          <;>
          omega
        }) <;>
      (try
        {
          aesop
        })
  exact h_main
","
",828,36,35,23,1,True,3,0,True,True,0,2,1,0,0,0,0,0,0,1,4,0,2,0,0,2,1,True,3,0,False,False,True,False,unfold,aesop=2;by_cases=1;exact=1;have=2;linarith=1;norm_num=2;omega=4;simp=3;try=6;unfold=1
verina_basic_81,model,goedel-prover-v2-8b__hard_unfold,4.0,model,[],073ebbd52b88433193246699a4a3eea462272f3c0ec67fde603cab34046abbb0,"  unfold DivisionFunction DivisionFunction_postcond
  have h_main : DivisionFunction_postcond (x) (y) (DivisionFunction (x) (y) h_precond) h_precond := by
    by_cases hy : y = 0
    · -- Case: y = 0
      simp [DivisionFunction, hy, DivisionFunction_postcond, Int.ofNat_zero, Int.ofNat_add, Int.ofNat_mul,
        Int.ofNat_succ, Nat.cast_zero, Nat.cast_add, Nat.cast_mul, Nat.cast_succ]
      <;> aesop
    · -- Case: y ≠ 0
      have h₁ : y ≠ 0 := hy
      simp [DivisionFunction, h₁, divMod, DivisionFunction_postcond, Int.ofNat_zero, Int.ofNat_add,
        Int.ofNat_mul, Int.ofNat_succ, Nat.cast_zero, Nat.cast_add, Nat.cast_mul, Nat.cast_succ]
      have h₂ : (x : ℤ) / y * y + (x : ℤ) % y = x := by
        have h₃ : (x : ℤ) = (x : ℤ) / y * y + (x : ℤ) % y := by
          have h₄ : (x : ℤ) = (x : ℤ) / y * y + (x : ℤ) % y := by
            -- Use the property of division and modulus in integers
            have h₅ : (x : ℤ) % y = (x : ℤ) - (x : ℤ) / y * y := by
              have h₅₁ : (x : ℤ) % y = (x : ℤ) - (x : ℤ) / y * y := by
                rw [Int.emod_def]
                <;> ring_nf
                <;> norm_num
                <;> omega
              exact h₅₁
            rw [h₅]
            <;> ring_nf
            <;> norm_num
            <;> omega
          exact h₄
        linarith
      have h₃ : (x : ℤ) % y < (y : ℤ) := by
        have h₄ : (x : ℤ) % y < (y : ℤ) := by
          have h₅ : (x : ℤ) % y < (y : ℤ) := by
            -- Use the property of modulus in integers
            have h₆ : (x : ℤ) % y < (y : ℤ) := by
              apply Int.emod_lt_of_pos
              norm_cast
              <;> omega
            exact h₆
          exact h₅
        exact h₄
      have h₄ : 0 ≤ (x : ℤ) % y := by
        have h₅ : 0 ≤ (x : ℤ) % y := by
          apply Int.emod_nonneg
          norm_cast
          <;> omega
        exact h₅
      have h₅ : 0 ≤ (x : ℤ) / y := by
        have h₆ : 0 ≤ (x : ℤ) / y := by
          have h₇ : 0 ≤ (x : ℤ) / y := by
            -- Use the property of division in integers
            exact by
              have h₈ : 0 ≤ (x : ℤ) / y := by
                apply Int.ediv_nonneg
                <;> norm_cast
                <;> omega
              exact h₈
          exact h₇
        exact h₆
      constructor
      · -- Prove q * y + r = x
        simpa using h₂
      · constructor
        · -- Prove 0 ≤ r < y
          constructor
          · -- Prove 0 ≤ r
            simpa using h₄
          · -- Prove r < y
            simpa using h₃
        · -- Prove 0 ≤ q
          simpa using h₅
  exact h_main
","
",2578,70,67,54,1,True,2,0,True,False,2,17,11,3,0,3,0,0,0,1,5,0,1,0,0,2,1,True,4,1,True,False,True,False,unfold,aesop=1;apply=3;by_cases=1;constructor=3;exact=11;have=17;linarith=1;norm_cast=3;norm_num=2;omega=5;ring_nf=2;rw=2;simp=2;unfold=1
verina_basic_88,model,deepseek-prover-v2-7b,0.0,model,[],ca46d701c6c3885afa88fb42beb5f59996adba1f25cbdff758ff65a52a7e4762,"  have h1 : (ToArray xs h_precond).size = xs.length := by
    simp [ToArray]
    <;>
    rfl

  have h2 : ∀ (i : Nat), i < xs.length → (ToArray xs h_precond)[i]! = xs[i]! := by
    intro i h
    simp_all [ToArray]
    <;>
    rw [List.get_toArray] <;>
    simp_all [h_precond]
    <;>
    (try omega) <;>
    (try simp_all) <;>
    (try aesop)

  exact ⟨h1, h2⟩
","
",362,17,15,15,0,False,1,3,True,False,1,2,1,0,1,0,0,0,0,0,1,0,1,0,1,0,0,True,4,0,False,False,True,False,have,aesop=1;exact=1;have=2;intro=1;omega=1;rfl=1;rw=1;simp=1;simp_all=3;try=3
verina_basic_88,model,deepseek-prover-v2-7b__hard_unfold,1.0,model,[],8de6082028a25534b7035ab485fb4e638aef702cee599d76e75f033e111fee92,"  unfold ToArray ToArray_postcond
  have h_size : (ToArray (xs) h_precond).size = xs.length := by
    simp [ToArray]
    <;> rfl

  have h_congruence : ∀ (i : Nat), i < xs.length → (ToArray (xs) h_precond)[i]! = xs[i]! := by
    intro i h
    have h₂ : (ToArray (xs) h_precond)[i]! = xs[i]! := by
      simp [ToArray]
      <;> simp_all [List.get]
      <;> aesop
    exact h₂

  exact ⟨h_size, h_congruence⟩
","
",409,14,12,12,1,True,2,1,True,False,0,3,2,0,1,0,0,0,0,0,0,0,1,0,1,0,0,True,6,0,False,False,True,False,unfold,aesop=1;exact=2;have=3;intro=1;rfl=1;simp=2;simp_all=1;unfold=1
verina_basic_88,model,goedel-prover-v2-8b__avoid_unfold,4.0,model,[],d02dbd882251524287fcf5ad73f04c16e02f1695ca149a639e9add1be60cea77,"  have h_size : ((ToArray (xs) h_precond) : Array Int).size = xs.length := by
    simp [ToArray]
    <;>
    aesop

  have h_element : ∀ (i : Nat), i < xs.length → ((ToArray (xs) h_precond) : Array Int)[i]! = xs[i]! := by
    intro i hi
    simp [ToArray]
    <;>
    aesop

  exact ⟨h_size, h_element⟩
","
",303,12,10,8,0,False,2,0,True,False,0,2,1,0,1,0,0,0,0,0,0,0,2,0,0,0,0,True,4,0,False,False,True,False,have,aesop=2;exact=1;have=2;intro=1;simp=2
verina_basic_88,model,goedel-prover-v2-8b__hard_unfold,0.0,model,[],3d1c249230330e735490050f68facfda31c8f6c4d95cf8a2416843611932ede8,"  unfold ToArray ToArray_postcond
  have h₁ : (ToArray (xs) h_precond).size = xs.length := by
    simp [ToArray, List.toArray, List.length]
    <;>
    simp_all [List.length]
    <;>
    rfl

  have h₂ : ∀ (i : Nat), i < xs.length → (ToArray (xs) h_precond)[i]! = xs[i]! := by
    intro i hi
    simp [ToArray, List.toArray, List.get]
    <;>
    simp_all [List.get, List.length]
    <;>
    aesop

  have h_main : ToArray_postcond (xs) (ToArray (xs) h_precond) h_precond := by
    simp_all [ToArray_postcond, ToArray, List.length]
    <;>
    aesop

  exact h_main
","
",566,22,19,14,1,True,2,3,True,False,0,3,1,0,1,0,0,0,0,0,0,0,2,0,1,0,0,True,7,0,False,False,True,False,unfold,aesop=2;exact=1;have=3;intro=1;rfl=1;simp=2;simp_all=3;unfold=1
verina_basic_91,model,deepseek-prover-v2-7b,0.0,model,[],977fbb10a9bfe3a9f2b06903333bf8aa53afb6ec870dabd560a2bdcc441661f1,"  have h_main : Swap (X) (Y) h_precond = (Y, X) := by
    dsimp [Swap]
    <;> simp_all
    <;> aesop

  have h_result_fst : (Swap (X) (Y) h_precond).fst = Y := by
    simp_all [Prod.fst]
    <;> aesop

  have h_result_snd : (Swap (X) (Y) h_precond).snd = X := by
    simp_all [Prod.snd]
    <;> aesop

  have h_implication : (X ≠ Y → ((Swap (X) (Y) h_precond).fst ≠ X ∧ (Swap (X) (Y) h_precond).snd ≠ Y)) := by
    intro h
    have h₁ : (Swap (X) (Y) h_precond).fst = Y := h_result_fst
    have h₂ : (Swap (X) (Y) h_precond).snd = X := h_result_snd
    have h₃ : (Swap (X) (Y) h_precond).fst ≠ X := by
      -- Prove that Y ≠ X when X ≠ Y
      intro h₄
      apply h
      simp_all [Prod.fst, Prod.snd]
      <;> aesop
    have h₄ : (Swap (X) (Y) h_precond).snd ≠ Y := by
      -- Prove that X ≠ Y when X ≠ Y
      intro h₅
      apply h
      simp_all [Prod.fst, Prod.snd]
      <;> aesop
    exact ⟨h₃, h₄⟩

  constructor
  · -- Prove (Swap (X) (Y) h_precond).fst = Y
    simp_all [h_result_fst]
  constructor
  · -- Prove (Swap (X) (Y) h_precond).snd = X
    simp_all [h_result_snd]
  · -- Prove (X ≠ Y → (Swap (X) (Y) h_precond).fst ≠ X ∧ (Swap (X) (Y) h_precond).snd ≠ Y)
    simpa [h_result_fst, h_result_snd] using h_implication
","
",1238,39,33,29,0,False,1,7,True,False,0,8,1,2,3,2,0,0,0,0,0,0,5,0,0,0,0,True,10,0,False,False,True,False,have,aesop=5;apply=2;constructor=2;dsimp=1;exact=1;have=8;intro=3;simp_all=7
verina_basic_91,model,deepseek-prover-v2-7b__hard_unfold,0.0,model,[],5c1a099fe141276699a81092ceb4d7ad3ddeb0d1c7b0a80c041b0ce325183cd0,"  unfold Swap Swap_postcond
  have h_main : Swap (X) (Y) h_precond = (Y, X) := by
    simp [Swap, Swap_precond]
    <;> aesop

  have h_final : Swap_postcond (X) (Y) (Swap (X) (Y) h_precond) h_precond := by
    rw [h_main]
    simp [Swap_postcond, Swap_precond]
    <;>
    (try aesop) <;>
    (try
      {
        intro h
        cases h <;> simp_all
      }) <;>
    (try
      {
        cases Int.emod_two_eq_zero_or_one X <;> cases Int.emod_two_eq_zero_or_one Y <;>
          (try omega) <;> (try aesop) <;> (try simp_all) <;> (try omega)
      }) <;>
    (try
      {
        aesop
      }) <;>
    (try
      {
        omega
      }) <;>
    (try
      {
        simp_all [Swap_precond]
        <;> aesop
      })
    <;> aesop

  exact h_final
","
",751,36,34,33,1,True,2,3,True,False,1,2,1,0,1,0,3,0,0,0,3,0,6,0,0,0,0,True,4,0,False,False,True,False,unfold,aesop=6;cases=3;exact=1;have=2;intro=1;omega=3;rw=1;simp=2;simp_all=3;try=10;unfold=1
verina_basic_91,model,goedel-prover-v2-32b,0.0,model,[],739f393634ad38331423fcec619475fa45f4bd680830352e56e61a52183dcd15,"  have h_swap : Swap X Y h_precond = (Y, X) := by
    dsimp [Swap]
    <;> simp_all [Prod.mk.injEq]
    <;> norm_num
    <;> aesop

  have h_fst : (Swap X Y h_precond).fst = Y := by
    rw [h_swap]
    <;> simp [Prod.fst]

  have h_snd : (Swap X Y h_precond).snd = X := by
    rw [h_swap]
    <;> simp [Prod.snd]

  have h_main : Swap_postcond X Y (Swap X Y h_precond) h_precond := by
    dsimp [Swap_postcond] at *
    constructor
    · -- Prove (Swap X Y h_precond).fst = Y
      exact h_fst
    constructor
    · -- Prove (Swap X Y h_precond).snd = X
      exact h_snd
    · -- Prove X ≠ Y → (Swap X Y h_precond).fst ≠ X ∧ (Swap X Y h_precond).snd ≠ Y
      intro h_ne
      constructor
      · -- Prove (Swap X Y h_precond).fst ≠ X
        have h₁ : (Swap X Y h_precond).fst = Y := h_fst
        have h₂ : Y ≠ X := by
          intro h_eq
          apply h_ne
          linarith
        intro h_contra
        apply h₂
        linarith
      · -- Prove (Swap X Y h_precond).snd ≠ Y
        have h₁ : (Swap X Y h_precond).snd = X := h_snd
        intro h_contra
        apply h_ne
        linarith

  exact h_main
","
",1117,41,37,32,0,False,4,1,True,False,2,7,3,3,4,3,0,0,0,0,0,0,1,0,0,1,3,True,7,0,False,False,True,False,have,aesop=1;apply=3;constructor=3;dsimp=2;exact=3;have=7;intro=4;linarith=3;norm_num=1;rw=2;simp=2;simp_all=1
verina_basic_91,model,goedel-prover-v2-8b,0.0,model,[],5d3cdc6bdf15629bd5bceb8fd6457c8f5e9d76932941abf63598783270a357d5,"  have h_main : Swap_postcond (X) (Y) (Swap (X) (Y) h_precond) h_precond := by
    simp [Swap, Swap_precond, Prod.ext_iff]
    <;>
    (try
      aesop) <;>
    (try
      aesop) <;>
    (try
      aesop) <;>
    (try
      aesop)
    <;>
    (try
      tauto)
    <;>
    (try
      simp_all)
    <;>
    (try
      aesop)
    <;>
    (try
      tauto)
    <;>
    (try
      aesop)
    <;>
    (try
      tauto)
    <;>
    (try
      aesop)
    <;>
    (try
      tauto)
    <;>
    (try
      aesop)
    <;>
    (try
      tauto)
    <;>
    (try
      aesop)
    <;>
    (try
      tauto)
    <;>
    (try
      aesop)
    <;>
    (try
      tauto)
    <;>
    (try
      aesop)
  exact h_main
","
",699,57,57,41,0,False,1,1,True,False,0,1,1,0,0,0,0,0,0,0,0,0,11,0,0,0,0,True,2,0,False,False,True,False,have,aesop=11;exact=1;have=1;simp=1;simp_all=1;tauto=7;try=19
verina_basic_91,model,goedel-prover-v2-8b__avoid_unfold,0.0,model,[],3221b6661f2ada8a94c2d0a81d935aec8f92aed717ec3635b67015b59c012d01,"  have h₁ : (Swap (X) (Y) h_precond).fst = Y := by
    dsimp [Swap]
    <;> simp_all [Prod.fst]
    <;> aesop

  have h₂ : (Swap (X) (Y) h_precond).snd = X := by
    dsimp [Swap]
    <;> simp_all [Prod.snd]
    <;> aesop

  have h₃ : X ≠ Y → (Swap (X) (Y) h_precond).fst ≠ X ∧ (Swap (X) (Y) h_precond).snd ≠ Y := by
    intro h_ne
    dsimp [Swap] at *
    constructor <;> simp_all [Prod.fst, Prod.snd]
    <;>
    (try omega) <;>
    (try aesop) <;>
    (try
      {
        intro h
        apply h_ne
        <;> omega
      })

  dsimp [Swap_postcond, Swap_precond] at *
  <;> simp_all
  <;> aesop
","
",601,27,24,24,0,False,4,4,True,False,0,3,0,1,2,1,0,0,0,0,2,0,4,0,0,0,0,True,7,0,False,False,True,False,have,aesop=4;apply=1;constructor=1;dsimp=4;have=3;intro=2;omega=2;simp_all=4;try=3
verina_basic_91,model,goedel-prover-v2-8b__hard_unfold,0.0,model,[],5bb18277bc1a968fa66571ccd230c69367f874dd5670dcc3a042af1d926d4692,"  unfold Swap Swap_postcond
  have h_main : Swap_postcond (X) (Y) (Swap (X) (Y) h_precond) h_precond := by
    dsimp [Swap, Swap_postcond] at *
    <;>
    (try aesop) <;>
    (try
      {
        by_cases h : X = Y <;> simp_all [Prod.fst, Prod.snd] <;>
        (try omega) <;>
        (try aesop)
      }) <;>
    (try
      {
        simp_all [Prod.fst, Prod.snd] <;>
        aesop
      }) <;>
    (try
      {
        by_cases h : X = Y <;> simp_all [Prod.fst, Prod.snd] <;>
        (try omega) <;>
        (try aesop)
      }) <;>
    (try
      {
        aesop
      }) <;>
    (try
      {
        simp_all [Prod.fst, Prod.snd] <;>
        aesop
      }) <;>
    (try
      {
        aesop
      })
    <;>
    (try
      {
        simp_all [Prod.fst, Prod.snd] <;>
        aesop
      })
  exact h_main
","
",811,42,42,33,1,True,1,5,True,False,0,1,1,0,0,0,0,0,0,2,2,0,8,0,0,0,0,True,3,0,False,False,True,False,unfold,aesop=8;by_cases=2;dsimp=1;exact=1;have=1;omega=2;simp_all=5;try=12;unfold=1
verina_basic_92,model,deepseek-prover-v2-7b,0.0,model,[],5aa359995c985169189017d51a09c0a6b73f6481f0731550ed5f8d9d854400bb,"  have h_main : (SwapArithmetic (X) (Y) h_precond).1 = Y ∧ (SwapArithmetic (X) (Y) h_precond).2 = X ∧ (X ≠ Y → (SwapArithmetic (X) (Y) h_precond).1 ≠ X ∧ (SwapArithmetic (X) (Y) h_precond).2 ≠ Y) := by
    dsimp only [SwapArithmetic, SwapArithmetic_precond]
    constructor
    · -- Prove that (SwapArithmetic (X) (Y) h_precond).1 = Y
      simp [Prod.fst, Prod.snd]
      <;>
      ring_nf <;>
      aesop
    constructor
    · -- Prove that (SwapArithmetic (X) (Y) h_precond).2 = X
      simp [Prod.fst, Prod.snd]
      <;>
      ring_nf <;>
      aesop
    · -- Prove that X ≠ Y → (SwapArithmetic (X) (Y) h_precond).1 ≠ X ∧ (SwapArithmetic (X) (Y) h_precond).2 ≠ Y
      intro h_ne
      simp [Prod.fst, Prod.snd]
      <;>
      (try aesop) <;>
      (try simp_all [ne_eq, Prod.fst, Prod.snd]) <;>
      (try norm_num) <;>
      (try
        {
          cases X <;> cases Y <;> norm_num at * <;>
          aesop
        }) <;>
      (try ring_nf at *) <;>
      (try
        {
          omega
        }) <;>
      aesop
  -- Use the `h_main` result to prove the theorem
  rcases h_main with ⟨h₁, h₂, h₃⟩
  simp_all [SwapArithmetic_postcond]
  <;> aesop
","
",1157,36,35,31,0,False,4,2,True,False,0,1,0,0,1,2,3,0,0,0,1,0,6,0,0,2,0,True,5,0,False,False,True,False,have,aesop=6;cases=2;constructor=2;dsimp=1;have=1;intro=1;norm_num=2;omega=1;rcases=1;ring_nf=3;simp=3;simp_all=2;try=6
verina_basic_92,model,deepseek-prover-v2-7b__hard_unfold,0.0,model,[],7b596e9e79e7a1aadb8b7e974c139719f69919aa476fe9b6cf9bb41f82f94080,"  unfold SwapArithmetic SwapArithmetic_postcond
  have h_main : SwapArithmetic (X) (Y) h_precond = (Y, X) := by
    simp [SwapArithmetic, SwapArithmetic_precond, Prod.ext_iff]
    <;>
    (try rfl) <;>
    (try simp_all) <;>
    (try ring) <;>
    (try omega) <;>
    (try aesop)
    <;>
    (try
      {
        cases X <;> cases Y <;> simp_all (config := {decide := true})
        <;> omega
      })
    <;>
    aesop
    <;> omega

  have h_postcond : SwapArithmetic_postcond (X) (Y) (SwapArithmetic (X) (Y) h_precond) h_precond := by
    rw [h_main]
    simp [SwapArithmetic_postcond, SwapArithmetic_precond]
    <;>
    (try tauto) <;>
    (try
      {
        cases X <;> cases Y <;> simp_all [SwapArithmetic_precond, SwapArithmetic]
        <;>
        (try omega) <;>
        (try aesop) <;>
        (try
          {
            aesop
          }
        )
        <;>
        (try
          {
            norm_num
            <;> aesop
          }
        )
      }
    )
    <;>
    (try
      {
        simp_all [SwapArithmetic_precond, SwapArithmetic] <;> omega
      }
    )
    <;>
    aesop

  exact h_postcond
","
",1126,54,52,44,1,True,2,4,True,False,1,2,1,0,0,0,4,0,0,0,5,1,6,0,1,1,0,True,6,0,False,False,True,False,unfold,aesop=6;cases=4;decide=1;exact=1;have=2;norm_num=1;omega=5;rfl=1;ring=1;rw=1;simp=2;simp_all=4;tauto=1;try=13;unfold=1
verina_basic_92,model,goedel-prover-v2-32b,0.0,model,[],5a6d8c6c762d81fe88456e99e00608e9b7c2f016cb21871af0100e30feecce41,"  have h_main : SwapArithmetic X Y h_precond = (Y, X) := by
    dsimp [SwapArithmetic]
    <;>
    (try ring_nf) <;>
    (try simp_all [Prod.ext_iff]) <;>
    (try norm_num) <;>
    (try ring_nf at *) <;>
    (try omega)
    <;>
    (try
      {
        norm_num at *
        <;>
        ring_nf at *
        <;>
        omega
      })

  have h1 : (SwapArithmetic X Y h_precond).1 = Y := by
    rw [h_main]
    <;> simp [Prod.fst]

  have h2 : (SwapArithmetic X Y h_precond).2 = X := by
    rw [h_main]
    <;> simp [Prod.snd]

  have h3 : X ≠ Y → (SwapArithmetic X Y h_precond).1 ≠ X ∧ (SwapArithmetic X Y h_precond).2 ≠ Y := by
    intro h_ne
    have h4 : (SwapArithmetic X Y h_precond).1 = Y := h1
    have h5 : (SwapArithmetic X Y h_precond).2 = X := h2
    constructor
    · -- Prove (SwapArithmetic X Y h_precond).1 ≠ X
      intro h_contra
      apply h_ne
      linarith
    · -- Prove (SwapArithmetic X Y h_precond).2 ≠ Y
      intro h_contra
      apply h_ne
      linarith

  constructor
  · exact h1
  constructor
  · exact h2
  · exact h3
","
",1054,45,41,38,0,False,3,1,True,False,2,6,3,2,3,3,0,0,0,0,2,0,0,0,0,2,2,True,8,0,False,False,True,False,have,apply=2;constructor=3;dsimp=1;exact=3;have=6;intro=3;linarith=2;norm_num=2;omega=2;ring_nf=3;rw=2;simp=2;simp_all=1;try=6
verina_basic_92,model,goedel-prover-v2-8b,0.0,model,[],85deb763aa7c3701a3d990ab9590ed9dca19ea222a58b4aa6d3a33bdf50da966,"  have h1 : (SwapArithmetic (X) (Y) h_precond) = (Y, X) := by
    dsimp [SwapArithmetic, Prod.mk.injEq]
    <;>
    (try decide) <;>
    (try ring_nf) <;>
    (try simp_all [SwapArithmetic_precond]) <;>
    (try norm_num) <;>
    (try ring_nf at *) <;>
    (try omega)
    <;>
    (try
      {
        constructor <;>
        (try decide) <;>
        (try ring_nf) <;>
        (try simp_all [SwapArithmetic_precond]) <;>
        (try norm_num) <;>
        (try ring_nf at *) <;>
        (try omega)
      })

  have h2 : SwapArithmetic_postcond (X) (Y) (SwapArithmetic (X) (Y) h_precond) h_precond := by
    rw [h1]
    constructor
    · -- Prove that the first element of the pair is Y
      rfl
    constructor
    · -- Prove that the second element of the pair is X
      rfl
    · -- Prove the implication about X ≠ Y
      intro h
      constructor
      · -- Prove that the first element of the pair is not X when X ≠ Y
        intro h₁
        apply h
        linarith
      · -- Prove that the second element of the pair is not Y when X ≠ Y
        intro h₁
        apply h
        linarith

  exact h2
","
",1111,42,40,43,0,False,1,2,True,False,1,2,1,2,3,4,0,0,0,0,2,2,0,0,2,2,2,True,3,0,False,False,True,False,have,apply=2;constructor=4;decide=2;dsimp=1;exact=1;have=2;intro=3;linarith=2;norm_num=2;omega=2;rfl=2;ring_nf=4;rw=1;simp_all=2;try=13
verina_basic_92,model,goedel-prover-v2-8b__avoid_unfold,1.0,model,[],cff97ad22bbcd5a6be00b7c84cc5b2b3c0d6560d2a48d27790f20dcd906f3b98,"  have h_main : SwapArithmetic (X) (Y) h_precond = (Y, X) := by
    dsimp [SwapArithmetic]
    <;> ring_nf
    <;> simp [h_precond]
    <;> norm_num
    <;> ring_nf
    <;> omega

  have h1 : (SwapArithmetic (X) (Y) h_precond).1 = Y := by
    rw [h_main]
    <;> simp

  have h2 : (SwapArithmetic (X) (Y) h_precond).2 = X := by
    rw [h_main]
    <;> simp

  have h3 : X ≠ Y → (SwapArithmetic (X) (Y) h_precond).1 ≠ X ∧ (SwapArithmetic (X) (Y) h_precond).2 ≠ Y := by
    intro h_ne
    have h4 : (SwapArithmetic (X) (Y) h_precond).1 = Y := h1
    have h5 : (SwapArithmetic (X) (Y) h_precond).2 = X := h2
    have h6 : (SwapArithmetic (X) (Y) h_precond).1 ≠ X := by
      intro h7
      have h8 : Y = X := by linarith
      have h9 : X = Y := by linarith
      contradiction
    have h7 : (SwapArithmetic (X) (Y) h_precond).2 ≠ Y := by
      intro h8
      have h9 : X = Y := by linarith
      contradiction
    exact ⟨h6, h7⟩

  have h_final : SwapArithmetic_postcond (X) (Y) (SwapArithmetic (X) (Y) h_precond) h_precond := by
    constructor
    · -- Prove the first part of the conjunction: (SwapArithmetic (X) (Y) h_precond).1 = Y
      rw [h1]
    · constructor
      · -- Prove the second part of the conjunction: (SwapArithmetic (X) (Y) h_precond).2 = X
        rw [h2]
      · -- Prove the implication: X ≠ Y → (SwapArithmetic (X) (Y) h_precond).1 ≠ X ∧ (SwapArithmetic (X) (Y) h_precond).2 ≠ Y
        intro h_ne
        exact h3 h_ne

  exact h_final
","
",1461,43,38,38,0,False,4,0,True,False,4,12,3,0,4,2,0,0,0,0,1,0,0,0,0,1,3,True,11,0,False,False,True,False,have,constructor=2;contradiction=2;dsimp=1;exact=3;have=12;intro=4;linarith=3;norm_num=1;omega=1;ring_nf=2;rw=4;simp=3
verina_basic_92,model,goedel-prover-v2-8b__hard_unfold,0.0,model,[],48361521b221f5170b552c1de93b682a06babe15fb005da4c55436a776be88e2,"  unfold SwapArithmetic SwapArithmetic_postcond
  have h_main : SwapArithmetic (X) (Y) h_precond = (Y, X) := by
    simp [SwapArithmetic, Prod.ext_iff]
    <;>
    (try omega) <;>
    (try
      {
        cases' h_precond with h₁ h₂ <;>
        simp_all [SwapArithmetic_precond] <;>
        omega
      }) <;>
    (try
      {
        aesop
      })
    <;>
    (try
      {
        ring_nf
        <;>
        omega
      })
    <;>
    (try
      {
        aesop
      })
    <;>
    (try
      {
        omega
      })

  have h_final : SwapArithmetic_postcond (X) (Y) (SwapArithmetic (X) (Y) h_precond) h_precond := by
    rw [h_main]
    simp [SwapArithmetic_postcond]
    <;>
    (try omega) <;>
    (try
      {
        cases' h_precond with h₁ h₂ <;>
        simp_all [SwapArithmetic_precond] <;>
        aesop
      }) <;>
    (try
      {
        aesop
      })
    <;>
    (try
      {
        omega
      })
    <;>
    (try
      {
        aesop
      })
    <;>
    (try
      {
        aesop
      })
    <;>
    (try
      {
        aesop
      })

  apply h_final
","
",1081,70,68,36,1,True,2,2,True,False,1,2,0,1,0,0,0,0,0,0,6,0,7,0,0,0,0,True,4,0,False,False,True,False,unfold,aesop=7;apply=1;have=2;omega=6;ring_nf=1;rw=1;simp=2;simp_all=2;try=13;unfold=1
verina_basic_96,model,deepseek-prover-v2-7b,0.0,model,[],806d34ed5f33a9625878e2157ee98fab694cb39dcb40da5c426b34ea7989ace0,"  have h_result : SwapSimultaneous (X) (Y) h_precond = (Y, X) := by
    simp [SwapSimultaneous]
    <;> aesop

  have h_main : SwapSimultaneous_postcond (X) (Y) (SwapSimultaneous (X) (Y) h_precond) h_precond := by
    rw [h_result]
    constructor <;> simp [SwapSimultaneous_postcond, SwapSimultaneous_precond]
    <;>
    (try aesop) <;>
    (try
      {
        intro h
        simp_all
        <;>
        aesop
      }) <;>
    (try
      {
        cases h <;> simp_all <;> aesop
      }) <;>
    (try
      {
        aesop
      })
    <;>
    (try
      {
        simp_all
        <;>
        aesop
      })

  exact h_main
","
",630,33,31,23,0,False,2,3,True,False,1,2,1,0,1,1,1,0,0,0,0,0,6,0,0,0,0,True,3,0,False,False,True,False,have,aesop=6;cases=1;constructor=1;exact=1;have=2;intro=1;rw=1;simp=2;simp_all=3;try=5
verina_basic_96,model,deepseek-prover-v2-7b__hard_unfold,0.0,model,[],fcbe5413e72f47a85663dd9a9805f21124c2a03308bbb1412a440c0734d86df2,"  unfold SwapSimultaneous SwapSimultaneous_postcond
  have h_main : SwapSimultaneous_postcond (X) (Y) (SwapSimultaneous (X) (Y) h_precond) h_precond := by
    dsimp [SwapSimultaneous, SwapSimultaneous_postcond] at *
    <;> constructor <;>
    (try simp_all) <;>
    (try {
      intro h
      simp_all [ne_eq, Prod.ext_iff]
      <;>
      (try omega) <;>
      (try {
        cases h
        <;> simp_all [ne_eq, not_false_iff]
        <;> omega
      })
    }) <;>
    (try {
      aesop
    }) <;>
    (try {
      cases h_precond <;> simp_all
    })
    <;>
    (try {
      aesop
    })
    <;>
    (try {
      omega
    })
    <;>
    (try {
      simp_all [ne_eq, Prod.ext_iff]
      <;>
      aesop
    })
    <;>
    (try {
      aesop
    })
  exact h_main
","
",769,41,41,30,1,True,1,5,True,False,0,1,1,0,1,1,2,0,0,0,3,0,4,0,0,0,0,True,3,0,False,False,True,False,unfold,aesop=4;cases=2;constructor=1;dsimp=1;exact=1;have=1;intro=1;omega=3;simp_all=5;try=10;unfold=1
verina_basic_96,model,goedel-prover-v2-32b,0.0,model,[],466aeeaf768fcaf38c01097e705715b2604c8c8628253b58e3068c031d296a8e,"  have h_swap : SwapSimultaneous X Y h_precond = (Y, X) := by
    simp [SwapSimultaneous]
    <;> rfl

  have h_main : SwapSimultaneous_postcond X Y (SwapSimultaneous X Y h_precond) h_precond := by
    rw [h_swap]
    constructor
    · -- Prove (Y, X).1 = Y
      rfl
    constructor
    · -- Prove (Y, X).2 = X
      rfl
    · -- Prove (X ≠ Y → (Y, X).fst ≠ X ∧ (Y, X).snd ≠ Y)
      intro h_ne
      constructor
      · -- Prove (Y, X).fst ≠ X
        -- (Y, X).fst = Y, so we need Y ≠ X
        intro h_eq
        apply h_ne
        linarith
      · -- Prove (Y, X).snd ≠ Y
        -- (Y, X).snd = X, so we need X ≠ Y
        intro h_eq
        apply h_ne
        linarith

  exact h_main
","
",692,27,23,18,0,False,1,0,True,False,1,2,1,2,3,3,0,0,0,0,0,0,0,0,3,0,2,True,3,0,False,False,True,False,have,apply=2;constructor=3;exact=1;have=2;intro=3;linarith=2;rfl=3;rw=1;simp=1
verina_basic_96,model,goedel-prover-v2-8b,0.0,model,[],1a60b07d37e6873ab31aed6fbe79e88d94d29264d3f9f16e7281cf56a63fa37c,"  have h_main : SwapSimultaneous_postcond (X) (Y) (SwapSimultaneous (X) (Y) h_precond) h_precond := by
    simp [SwapSimultaneous, SwapSimultaneous_precond, SwapSimultaneous_postcond, Prod.ext_iff]
    <;>
    (try tauto) <;>
    (try aesop) <;>
    (try
      {
        intro h
        simp_all [ne_eq, Prod.ext_iff]
        <;>
        aesop
      }) <;>
    (try
      {
        by_cases h : X = Y <;> simp_all [ne_eq, Prod.ext_iff]
        <;>
        aesop
      })
    <;>
    aesop
  exact h_main
","
",504,21,21,16,0,False,1,2,True,False,0,1,1,0,1,0,0,0,0,1,0,0,4,0,0,0,0,True,2,0,False,False,True,False,have,aesop=4;by_cases=1;exact=1;have=1;intro=1;simp=1;simp_all=2;tauto=1;try=4
verina_basic_96,model,goedel-prover-v2-8b__avoid_unfold,0.0,model,[],51f49b78a96909a47edb0f4b37d7e7aec6c3f48a8672b591b6e59e8841dc894e,"  have h_main : SwapSimultaneous_postcond (X) (Y) (SwapSimultaneous (X) (Y) h_precond) h_precond := by
    dsimp [SwapSimultaneous_postcond, SwapSimultaneous] at *
    <;>
    (try tauto) <;>
    (try
      {
        by_cases h : X = Y <;>
        by_cases h₁ : X = Y <;>
        by_cases h₂ : X = Y <;>
        simp_all [Prod.ext_iff] <;>
        (try omega) <;>
        (try aesop) <;>
        (try norm_num) <;>
        (try
          {
            tauto
          }) <;>
        (try
          {
            aesop
          }) <;>
        (try
          {
            simp_all [Prod.ext_iff]
            <;> aesop
          })
      }) <;>
    (try
      {
        aesop
      }) <;>
    (try
      {
        norm_num
        <;>
        aesop
      }) <;>
    (try
      {
        omega
      })
    <;>
    aesop
  exact h_main
","
",834,44,44,31,0,False,1,2,True,False,0,1,1,0,0,0,0,0,0,3,2,0,6,0,0,2,0,True,2,0,False,False,True,False,have,aesop=6;by_cases=3;dsimp=1;exact=1;have=1;norm_num=2;omega=2;simp_all=2;tauto=2;try=11
verina_basic_96,model,goedel-prover-v2-8b__hard_unfold,0.0,model,[],4c48f3cbe8e4939df3ef1ee4e39f752ed2bf67e92903dc1db4b7f102bd24a169,"  unfold SwapSimultaneous SwapSimultaneous_postcond
  have h_main : SwapSimultaneous_postcond (X) (Y) (SwapSimultaneous (X) (Y) h_precond) h_precond := by
    simp [SwapSimultaneous, SwapSimultaneous_postcond]
    <;>
    (try
      simp_all)
    <;>
    (try
      aesop)
    <;>
    (try
      {
        by_cases h : X = Y <;>
        simp_all [ne_eq, Ne]
        <;>
        aesop
      })
    <;>
    (try
      aesop)
    <;>
    (try
      {
        by_cases h : X = Y <;>
        simp_all [ne_eq, Ne]
        <;>
        aesop
      })
    <;>
    (try
      aesop)
  exact h_main
","
",588,32,32,20,1,True,1,3,True,False,0,1,1,0,0,0,0,0,0,2,0,0,5,0,0,0,0,True,3,0,False,False,True,False,unfold,aesop=5;by_cases=2;exact=1;have=1;simp=1;simp_all=3;try=6;unfold=1
verina_basic_98,model,deepseek-prover-v2-7b,0.0,model,[],9971609b34517229738253d002db7f5375847f090cb9ee3bdda4727970185330,"  have h1 : (Triple (x) h_precond) / 3 = x := by
    have h₁ : Triple (x) h_precond = x * 3 := by
      simp [Triple]
      <;> ring_nf
      <;> omega
    rw [h₁]
    -- Now we need to prove that (x * 3) / 3 = x
    have h₂ : (x * 3) / 3 = x := by
      -- Use the property of integer division to show that (x * 3) / 3 = x
      have h₃ : x * 3 / 3 = x := by
        -- Use the fact that 3 is a non-zero integer to simplify the division
        have h₄ : x * 3 / 3 = x := by
          -- Use the property of integer division to show that (x * 3) / 3 = x
          omega
        exact h₄
      exact h₃
    exact h₂

  have h2 : ((Triple (x) h_precond) / 3) * 3 = Triple (x) h_precond := by
    have h₂ : Triple (x) h_precond = x * 3 := by
      simp [Triple]
      <;> ring_nf
      <;> omega
    rw [h₂] at *
    have h₃ : ((x * 3) / 3) * 3 = x * 3 := by
      have h₄ : (x * 3) / 3 = x := by
        have h₅ : x * 3 / 3 = x := by
          omega
        exact h₅
      rw [h₄]
      <;> ring_nf
      <;> omega
    simpa [h₂] using h₃

  have h3 : Triple_postcond (x) (Triple (x) h_precond) h_precond := by
    constructor
    · -- Prove the first part of the postcondition: (Triple (x) h_precond) / 3 = x
      exact h1
    · -- Prove the second part of the postcondition: ((Triple (x) h_precond) / 3) * 3 = Triple (x) h_precond
      exact h2

  exact h3
","
",1360,42,35,32,0,False,2,0,True,False,3,11,7,0,0,1,0,0,0,0,5,0,0,0,0,0,0,True,8,0,False,False,True,False,have,constructor=1;exact=7;have=11;omega=5;ring_nf=3;rw=3;simp=2
verina_basic_98,model,deepseek-prover-v2-7b__hard_unfold,2.0,model,[],da4cbb7e3ed13c4d58bc6d2bd98bede811b8341ec753d8656fcac7681adab474,"  unfold Triple Triple_postcond
  have h₁ : (Triple x h_precond) / 3 = x := by
    have h₂ : Triple x h_precond = x * 3 := by
      rfl
    rw [h₂]
    -- Now we need to prove that (x * 3) / 3 = x
    -- This is a property of integer division, which is exact here
    have h₃ : (x * 3) / 3 = x := by
      have h₄ : x * 3 / 3 = x := by
        -- Use the fact that x * 3 is divisible by 3
        have h₅ : x * 3 = 3 * x := by ring
        rw [h₅]
        -- Simplify the expression using the property of integer division
        simp [Int.mul_ediv_cancel_left, Int.emod_eq_of_lt] <;> omega
      exact h₄
    exact h₃

  have h₂ : ((Triple x h_precond) / 3) * 3 = Triple x h_precond := by
    have h₃ : (Triple x h_precond) / 3 = x := h₁
    have h₄ : ((Triple x h_precond) / 3) * 3 = Triple x h_precond := by
      rw [h₃]
      <;>
      (try simp [Triple]) <;>
      (try ring) <;>
      (try omega) <;>
      (try simp_all [Triple]) <;>
      (try omega)
    exact h₄

  have h₃ : Triple_postcond (x) (Triple x h_precond) h_precond := by
    constructor
    · -- Prove the first part: (Triple x h_precond) / 3 = x
      simpa [Triple] using h₁
    · -- Prove the second part: ((Triple x h_precond) / 3) * 3 = Triple x h_precond
      simpa [Triple] using h₂
  exact h₃
","
",1274,36,30,32,1,True,2,1,True,False,3,9,4,0,0,1,0,0,0,0,3,0,0,0,1,0,0,True,13,0,False,False,True,False,unfold,constructor=1;exact=4;have=9;omega=3;rfl=1;ring=2;rw=3;simp=2;simp_all=1;try=5;unfold=1
verina_basic_98,model,goedel-prover-v2-32b,0.0,model,[],26d7b47480e2adff228454ca89f48a0c43cb1c1474fc632990a110bba0232ddd,"  have h_main : (x * 3 : Int) / 3 = x := by
    have h₁ : (x * 3 : Int) / 3 = x := by
      have h₂ : (x * 3 : Int) = 3 * x := by ring
      rw [h₂]
      -- Use the fact that (3 * x) / 3 = x for any integer x
      have h₃ : (3 : Int) ≠ 0 := by norm_num
      have h₄ : (3 * x : Int) / 3 = x := by
        -- Prove that (3 * x) / 3 = x using the properties of integer division
        have h₅ : (3 * x : Int) / 3 = x := by
          apply Int.ediv_eq_of_eq_mul_right (by norm_num : (3 : Int) ≠ 0)
          <;> ring
          <;> norm_num
        exact h₅
      exact h₄
    exact h₁

  have h_final : Triple_postcond (x) (Triple (x) h_precond) h_precond := by
    dsimp [Triple_postcond, Triple] at *
    constructor
    · -- Prove that (x * 3) / 3 = x
      exact h_main
    · -- Prove that ((x * 3) / 3) * 3 = x * 3
      have h₁ : (x * 3 : Int) / 3 = x := h_main
      have h₂ : ((x * 3 : Int) / 3) * 3 = x * 3 := by
        rw [h₁]
        <;> ring
      exact h₂

  exact h_final
","
",987,29,25,26,0,False,1,0,True,False,2,9,6,1,0,1,0,0,0,0,0,0,0,0,0,3,0,True,2,0,False,False,True,False,have,apply=1;constructor=1;dsimp=1;exact=6;have=9;norm_num=3;ring=3;rw=2
verina_basic_98,model,goedel-prover-v2-8b,1.0,model,[],8d3f03d532a32b34936f724899bc90c2a2b03a94bb85a2621302e2aff75e9683,"  have h₁ : (Triple (x) h_precond) / 3 = x := by
    have h₂ : Triple (x) h_precond = x * 3 := rfl
    rw [h₂]
    have h₃ : (x * 3 : ℤ) / 3 = x := by
      have h₄ : (x * 3 : ℤ) = 3 * x := by ring
      rw [h₄]
      -- Use the lemma `Int.mul_ediv_cancel_left` to simplify the expression
      have h₅ : (3 : ℤ) ≠ 0 := by norm_num
      have h₆ : (3 * x : ℤ) / 3 = x := by
        apply Int.ediv_eq_of_eq_mul_right (by norm_num : (3 : ℤ) ≠ 0)
        <;> ring
      exact h₆
    exact h₃

  have h₂ : (Triple (x) h_precond) / 3 * 3 = Triple (x) h_precond := by
    have h₃ : Triple (x) h_precond = x * 3 := rfl
    rw [h₃]
    have h₄ : (x * 3 : ℤ) / 3 = x := by
      have h₅ : (x * 3 : ℤ) = 3 * x := by ring
      rw [h₅]
      -- Use the lemma `Int.mul_ediv_cancel_left` to simplify the expression
      have h₆ : (3 : ℤ) ≠ 0 := by norm_num
      have h₇ : (3 * x : ℤ) / 3 = x := by
        apply Int.ediv_eq_of_eq_mul_right (by norm_num : (3 : ℤ) ≠ 0)
        <;> ring
      exact h₇
    -- Now we have (x * 3 : ℤ) / 3 = x, so we can simplify the goal
    rw [h₄]
    <;> ring

  have h₃ : Triple_postcond (x) (Triple (x) h_precond) h_precond := by
    refine' ⟨_, _⟩
    · -- Prove the first condition: (Triple (x) h_precond) / 3 = x
      exact h₁
    · -- Prove the second condition: (Triple (x) h_precond) / 3 * 3 = Triple (x) h_precond
      exact h₂

  exact h₃
","
",1373,38,32,37,0,False,0,0,False,False,5,13,6,2,0,0,0,0,0,0,0,0,0,0,2,4,0,True,6,0,False,False,True,False,have,apply=2;exact=6;have=13;norm_num=4;rfl=2;ring=5;rw=5
verina_basic_98,model,goedel-prover-v2-8b__avoid_unfold,4.0,model,[],cc67f010eba8145d775db37b74883f3fccb4359495470b8cef4a75a6e78b023f,"  have h₁ : (x * 3 : ℤ) / 3 = x := by
    have h₁₁ : (x * 3 : ℤ) / 3 = x := by
      have h₁₂ : (x * 3 : ℤ) / 3 = x := by
        -- Use the property of integer division to simplify the expression
        have h₁₃ : (x * 3 : ℤ) / 3 = x := by
          -- Prove that (x * 3) / 3 = x using the properties of integer division
          have h₁₄ : (x * 3 : ℤ) / 3 = x := by
            -- Use the fact that x * 3 is a multiple of 3
            have h₁₅ : (x * 3 : ℤ) / 3 = x := by
              -- Use the property of integer division to simplify the expression
              omega
            exact h₁₅
          exact h₁₄
        exact h₁₃
      exact h₁₂
    exact h₁₁

  have h₂ : ((x * 3 : ℤ) / 3) * 3 = x * 3 := by
    rw [h₁]
    <;> ring
    <;> omega

  have h₃ : Triple_postcond x (Triple x h_precond) h_precond := by
    have h₄ : Triple x h_precond = x * 3 := by
      simp [Triple]
    rw [h₄]
    constructor
    · -- Prove the first condition: (x * 3) / 3 = x
      exact h₁
    · -- Prove the second condition: ((x * 3) / 3) * 3 = x * 3
      exact h₂

  exact h₃
","
",1076,33,26,24,0,False,1,0,True,False,2,9,8,0,0,1,0,0,0,0,2,0,0,0,0,0,0,True,3,0,False,False,True,False,have,constructor=1;exact=8;have=9;omega=2;ring=1;rw=2;simp=1
verina_basic_98,model,goedel-prover-v2-8b__hard_unfold,0.0,model,[],f99c2c398bbcb71df89f73595ddfe639682a3b437a2c7248271bd9914a28adbb,"  unfold Triple Triple_postcond
  have h_main₁ : (Triple (x) h_precond) / 3 = x := by
    simp [Triple]
    <;> ring_nf
    <;> norm_num
    <;> omega

  have h_main₂ : ((Triple (x) h_precond) / 3) * 3 = Triple (x) h_precond := by
    have h₁ : (Triple (x) h_precond) / 3 = x := h_main₁
    have h₂ : ((Triple (x) h_precond) / 3) * 3 = x * 3 := by
      rw [h₁]
      <;> ring
    simp [Triple] at h₂ ⊢
    <;>
    (try omega) <;>
    (try ring_nf at * <;> omega) <;>
    (try
      {
        omega
      }) <;>
    (try
      {
        linarith
      })
    <;>
    omega

  simp_all [Triple_precond, Triple, Triple_postcond]
  <;>
  (try omega) <;>
  (try ring_nf at * <;> omega) <;>
  (try
    {
      aesop
    }) <;>
  (try
    {
      omega
    }) <;>
  (try
    {
      simp_all [Int.mul_emod, Int.add_emod, Int.emod_emod]
      <;> omega
    })
  <;>
  aesop
","
",867,46,44,36,1,True,2,2,True,False,1,4,0,0,0,0,0,0,0,0,9,0,2,0,0,1,1,True,9,0,False,False,True,False,unfold,aesop=2;have=4;linarith=1;norm_num=1;omega=9;ring=1;ring_nf=3;rw=1;simp=2;simp_all=2;try=9;unfold=1
verina_basic_99,model,deepseek-prover-v2-7b,0.0,model,[],e88d6887e414c073945a0b23e702a79e2126c6b9b7b54b89fff3f1b5a16d948e,"  have h_main : (Triple (x) h_precond) / 3 = x ∧ (Triple (x) h_precond) / 3 * 3 = (Triple (x) h_precond) := by
    have h₁ : Triple (x) h_precond = 3 * x := by
      -- We need to compute the value of Triple(x) based on the condition x < 18
      dsimp [Triple]
      split_ifs with h
      · -- Case x < 18
        simp [mul_comm]
        <;> ring_nf at *
        <;> omega
      · -- Case x ≥ 18
        simp [mul_comm]
        <;> ring_nf at *
        <;> omega
    rw [h₁]
    constructor
    · -- Prove that (3 * x) / 3 = x
      have h₂ : (3 * x) / 3 = x := by
        have h₃ : x ≤ x := by linarith
        have h₄ : x ≥ x := by linarith
        -- Use the fact that 3 * x is divisible by 3
        omega
      linarith
    · -- Prove that (3 * x) / 3 * 3 = 3 * x
      have h₂ : ((3 * x) / 3 * 3) = 3 * x := by
        have h₃ : x ≤ x := by linarith
        have h₄ : x ≥ x := by linarith
        -- Use the fact that 3 * x is divisible by 3
        omega
      linarith
  exact h_main
","
",994,30,27,26,0,False,3,0,True,False,1,8,1,0,0,1,0,0,0,0,4,0,0,0,0,0,6,True,5,0,False,False,True,False,have,constructor=1;dsimp=1;exact=1;have=8;linarith=6;omega=4;ring_nf=2;rw=1;simp=2
verina_basic_99,model,deepseek-prover-v2-7b__hard_unfold,0.0,model,[],89146d1e15027844127cd08863618b0c3d29a674e79d94fe1eb66997960edb66,"  unfold Triple Triple_postcond
  have h_main : Triple_postcond x (Triple x h_precond) h_precond := by
    unfold Triple Triple_postcond
    split_ifs with h
    · -- Case: x < 18
      have h₁ : (2 * x + 4 * x) / 2 = 3 * x := by
        have h₂ : 2 * x + 4 * x = 6 * x := by ring
        rw [h₂]
        <;>
        (try omega) <;>
        (try
          {
            omega
          }) <;>
        (try
          {
            -- We need to show that (6 * x) / 2 = 3 * x
            have h₃ : (6 * x) / 2 = 3 * x := by
              have h₄ : x ≤ 17 := by linarith
              have h₅ : x ≥ -17 := by linarith
              interval_cases x <;> norm_num <;> omega
            exact h₃
          })
        <;>
        omega
      have h₂ : ((2 * x + 4 * x) / 2) / 3 = x := by
        rw [h₁]
        <;>
        (try omega) <;>
        (try
          {
            have h₃ : x ≤ 17 := by linarith
            have h₄ : x ≥ -17 := by linarith
            interval_cases x <;> norm_num <;> omega
          })
        <;>
        omega
      have h₃ : ((2 * x + 4 * x) / 2) / 3 * 3 = (2 * x + 4 * x) / 2 := by
        rw [h₂]
        <;>
        (try
          {
            ring_nf at *
            <;>
            omega
          })
        <;>
        omega
      simp_all [h₁, h₂, h₃]
      <;>
      (try omega) <;>
      (try
        {
          ring_nf at *
          <;>
          simp_all
          <;>
          omega
        })
    · -- Case: x ≥ 18
      have h₁ : x + 2 * x = 3 * x := by ring
      have h₂ : (x + 2 * x) / 3 = x := by
        have h₃ : x ≥ 18 := by linarith
        have h₄ : (x + 2 * x) / 3 = x := by
          have h₅ : x ≥ 18 := by linarith
          have h₆ : (x + 2 * x) / 3 = x := by
            -- Prove that (x + 2 * x) / 3 = x when x ≥ 18
            omega
          exact h₆
        exact h₄
      have h₃ : ((x + 2 * x) / 3) * 3 = x + 2 * x := by
        have h₄ : (x + 2 * x) / 3 = x := by exact h₂
        have h₅ : ((x + 2 * x) / 3) * 3 = x + 2 * x := by
          omega
        exact h₅
      simp_all [h₁, h₂, h₃]
      <;>
      (try omega) <;>
      (try
        {
          ring_nf at *
          <;>
          simp_all
          <;>
          omega
        })
  exact h_main
","
",2227,87,85,72,2,True,0,4,False,False,3,19,6,0,0,0,0,0,0,0,15,0,0,0,0,2,6,True,3,0,False,False,True,False,unfold,exact=6;have=19;linarith=6;norm_num=2;omega=15;ring=2;ring_nf=3;rw=3;simp_all=4;try=10;unfold=2
verina_basic_99,model,goedel-prover-v2-32b,0.0,model,[],c33d78150a7b884001ee1d2b082c63220d5dc367ec8353840561c75390e8ba82,"  have h_main : (Triple (x) h_precond) / 3 = x := by
    dsimp [Triple]
    split_ifs with h
    · -- Case: x < 18
      have h₁ : ((2 * x + 4 * x) / 2 : ℤ) = 3 * x := by
        have h₂ : (2 * x + 4 * x : ℤ) = 6 * x := by ring
        rw [h₂]
        have h₃ : (6 * x : ℤ) / 2 = 3 * x := by
          have h₄ : (6 * x : ℤ) = 2 * (3 * x) := by ring
          rw [h₄]
          -- Since 2 * (3 * x) is divisible by 2, the division is exact.
          have h₅ : (2 * (3 * x) : ℤ) / 2 = 3 * x := by
            have h₆ : (2 : ℤ) ≠ 0 := by norm_num
            have h₇ : (2 * (3 * x) : ℤ) / 2 = 3 * x := by
              apply Int.ediv_eq_of_eq_mul_right (by norm_num : (2 : ℤ) ≠ 0)
              <;> ring
            exact h₇
          exact h₅
        rw [h₃]
      rw [h₁]
      -- Now we need to show (3 * x) / 3 = x
      have h₂ : (3 * x : ℤ) / 3 = x := by
        have h₃ : (3 : ℤ) ≠ 0 := by norm_num
        have h₄ : (3 * x : ℤ) / 3 = x := by
          apply Int.ediv_eq_of_eq_mul_right (by norm_num : (3 : ℤ) ≠ 0)
          <;> ring
        exact h₄
      rw [h₂]
    · -- Case: x ≥ 18
      have h₁ : (x + 2 * x : ℤ) = 3 * x := by ring
      have h₂ : (x + 2 * x : ℤ) = 3 * x := by ring
      have h₃ : (3 * x : ℤ) / 3 = x := by
        have h₄ : (3 : ℤ) ≠ 0 := by norm_num
        have h₅ : (3 * x : ℤ) / 3 = x := by
          apply Int.ediv_eq_of_eq_mul_right (by norm_num : (3 : ℤ) ≠ 0)
          <;> ring
        exact h₅
      simp_all [h₁, h₂]
      <;> ring_nf at *
      <;> omega

  have h_main₂ : (Triple (x) h_precond) / 3 * 3 = (Triple (x) h_precond) := by
    have h₁ : (Triple (x) h_precond) / 3 = x := h_main
    have h₂ : (Triple (x) h_precond) / 3 * 3 = x * 3 := by
      rw [h₁]
      <;> ring
    have h₃ : x * 3 = (Triple (x) h_precond) := by
      have h₄ : (Triple (x) h_precond) = 3 * x := by
        dsimp [Triple]
        split_ifs with h
        · -- Case: x < 18
          have h₅ : ((2 * x + 4 * x) / 2 : ℤ) = 3 * x := by
            have h₆ : (2 * x + 4 * x : ℤ) = 6 * x := by ring
            rw [h₆]
            have h₇ : (6 * x : ℤ) / 2 = 3 * x := by
              have h₈ : (6 * x : ℤ) = 2 * (3 * x) := by ring
              rw [h₈]
              -- Since 2 * (3 * x) is divisible by 2, the division is exact.
              have h₉ : (2 * (3 * x) : ℤ) / 2 = 3 * x := by
                have h₁₀ : (2 : ℤ) ≠ 0 := by norm_num
                have h₁₁ : (2 * (3 * x) : ℤ) / 2 = 3 * x := by
                  apply Int.ediv_eq_of_eq_mul_right (by norm_num : (2 : ℤ) ≠ 0)
                  <;> ring
                exact h₁₁
              exact h₉
            rw [h₇]
          rw [h₅]
          <;> ring
        · -- Case: x ≥ 18
          have h₅ : (x + 2 * x : ℤ) = 3 * x := by ring
          simp_all [h₅]
          <;> ring_nf at *
          <;> omega
      rw [h₄]
      <;> ring
      <;> omega
    linarith

  constructor
  · -- Prove the first part: (Triple x) / 3 = x
    exact h_main
  · -- Prove the second part: (Triple x) / 3 * 3 = Triple x
    exact h_main₂
","
",3008,83,78,85,0,False,2,2,True,False,11,29,8,4,0,1,0,0,0,0,3,0,0,0,0,8,1,True,9,0,False,False,True,False,have,apply=4;constructor=1;dsimp=2;exact=8;have=29;linarith=1;norm_num=8;omega=3;ring=14;ring_nf=2;rw=11;simp_all=2
verina_basic_99,model,goedel-prover-v2-8b,0.0,model,[],3217a79991cc9ab1c6d75afcb86dd71ba23df44f94ac9cf06dedd1b496afe6e9,"  have h_triple : Triple (x) h_precond = 3 * x := by
    by_cases h : x < 18
    · -- Case: x < 18
      have h₁ : Triple (x) h_precond = (2 * x + 4 * x) / 2 := by
        dsimp [Triple, Triple_precond, h]
        <;> simp_all [Int.add_assoc]
        <;> ring_nf
        <;> norm_num
        <;> linarith
      rw [h₁]
      have h₂ : (2 * x + 4 * x : ℤ) / 2 = 3 * x := by
        have h₃ : 2 * x + 4 * x = 6 * x := by ring
        rw [h₃]
        have h₄ : (6 * x : ℤ) / 2 = 3 * x := by
          have h₅ : (6 * x : ℤ) = 2 * (3 * x) := by ring
          rw [h₅]
          -- Use the property that (2 * y) / 2 = y for any integer y
          have h₆ : (2 * (3 * x : ℤ)) / 2 = 3 * x := by
            apply Int.ediv_eq_of_eq_mul_right (show (2 : ℤ) ≠ 0 by norm_num)
            <;> ring_nf
            <;> linarith
          exact h₆
        exact h₄
      rw [h₂]
    · -- Case: x ≥ 18
      have h₁ : Triple (x) h_precond = x + 2 * x := by
        dsimp [Triple, Triple_precond, h]
        <;> simp_all [Int.add_assoc]
        <;> ring_nf
        <;> norm_num
        <;> linarith
      rw [h₁]
      have h₂ : x + 2 * x = 3 * x := by ring
      rw [h₂]
      <;> simp [h]
      <;> ring_nf
      <;> linarith

  have h_main : Triple_postcond (x) (Triple (x) h_precond) h_precond := by
    rw [h_triple]
    constructor
    · -- Prove that (3 * x) / 3 = x
      have h₁ : (3 * x : ℤ) / 3 = x := by
        have h₂ : (3 * x : ℤ) = 3 * x := by ring
        rw [h₂]
        have h₃ : (3 * x : ℤ) / 3 = x := by
          have h₄ : (3 * x : ℤ) = 3 * x := by ring
          rw [h₄]
          -- Use the property that (3 * y) / 3 = y for any integer y
          have h₅ : (3 * x : ℤ) / 3 = x := by
            apply Int.ediv_eq_of_eq_mul_right (show (3 : ℤ) ≠ 0 by norm_num)
            <;> ring_nf
            <;> linarith
          exact h₅
        exact h₃
      exact h₁
    · -- Prove that ((3 * x) / 3) * 3 = 3 * x
      have h₁ : ((3 * x : ℤ) / 3) * 3 = 3 * x := by
        have h₂ : (3 * x : ℤ) / 3 = x := by
          have h₃ : (3 * x : ℤ) = 3 * x := by ring
          rw [h₃]
          have h₄ : (3 * x : ℤ) / 3 = x := by
            have h₅ : (3 * x : ℤ) = 3 * x := by ring
            rw [h₅]
            -- Use the property that (3 * y) / 3 = y for any integer y
            have h₆ : (3 * x : ℤ) / 3 = x := by
              apply Int.ediv_eq_of_eq_mul_right (show (3 : ℤ) ≠ 0 by norm_num)
              <;> ring_nf
              <;> linarith
            exact h₆
          exact h₄
        rw [h₂]
        <;> ring_nf
        <;> linarith
      exact h₁

  exact h_main
","
",2578,77,72,81,0,False,3,2,True,False,12,21,9,3,0,1,0,0,0,1,0,0,0,0,0,5,7,True,6,0,False,False,True,False,have,apply=3;by_cases=1;constructor=1;dsimp=2;exact=9;have=21;linarith=7;norm_num=5;ring=7;ring_nf=7;rw=12;show=3;simp=1;simp_all=2
verina_basic_99,model,goedel-prover-v2-8b__avoid_unfold,1.0,model,[],23544f22ac6ccb90d3f1eb271c20effdbe5a55d9e678a92b1eadb5b54569801b,"  by_cases h : x < 18
  · -- Case: x < 18
    have h₁ : Triple (x) h_precond = 3 * x := by
      have h₂ : Triple (x) h_precond = (2 * x + 4 * x) / 2 := by
        rw [Triple]
        <;> simp_all [h, Triple_precond]
        <;> norm_num
        <;> omega
      rw [h₂]
      have h₃ : (2 * x + 4 * x : ℤ) / 2 = 3 * x := by
        have h₄ : (2 * x + 4 * x : ℤ) = 6 * x := by ring
        rw [h₄]
        have h₅ : (6 * x : ℤ) / 2 = 3 * x := by
          have h₆ : (6 : ℤ) * x / 2 = 3 * x := by
            have h₇ : x % 2 = 0 ∨ x % 2 = 1 ∨ x % 2 = -1 := by
              omega
            rcases h₇ with (h₇ | h₇ | h₇)
            · -- Case: x % 2 = 0
              have h₈ : x % 2 = 0 := h₇
              have h₉ : (6 : ℤ) * x / 2 = 3 * x := by
                have h₁₀ : (6 : ℤ) * x = 2 * (3 * x) := by ring
                rw [h₁₀]
                have h₁₁ : (2 : ℤ) * (3 * x) / 2 = 3 * x := by
                  have h₁₂ : (2 : ℤ) * (3 * x) / 2 = 3 * x := by
                    omega
                  exact h₁₂
                exact h₁₁
              exact h₉
            · -- Case: x % 2 = 1
              have h₈ : x % 2 = 1 := h₇
              have h₉ : (6 : ℤ) * x / 2 = 3 * x := by
                have h₁₀ : (6 : ℤ) * x = 2 * (3 * x) + 0 := by
                  omega
                rw [h₁₀]
                have h₁₁ : (2 : ℤ) * (3 * x) / 2 = 3 * x := by
                  omega
                omega
              exact h₉
            · -- Case: x % 2 = -1
              have h₈ : x % 2 = -1 := h₇
              have h₉ : (6 : ℤ) * x / 2 = 3 * x := by
                have h₁₀ : (6 : ℤ) * x = 2 * (3 * x) + 0 := by
                  omega
                rw [h₁₀]
                have h₁₁ : (2 : ℤ) * (3 * x) / 2 = 3 * x := by
                  omega
                omega
              exact h₉
          exact h₆
        exact h₅
      rw [h₃]
    have h₂ : Triple_postcond (x) (3 * x) h_precond := by
      constructor
      · -- Prove (3 * x) / 3 = x
        have h₃ : (3 * x : ℤ) / 3 = x := by
          have h₄ : (3 * x : ℤ) / 3 = x := by
            omega
          exact h₄
        exact h₃
      · -- Prove (3 * x) / 3 * 3 = 3 * x
        have h₃ : (3 * x : ℤ) / 3 * 3 = 3 * x := by
          have h₄ : (3 * x : ℤ) / 3 = x := by
            omega
          rw [h₄]
          <;> ring
          <;> omega
        exact h₃
    rw [h₁] at *
    exact h₂
  · -- Case: x ≥ 18
    have h₁ : Triple (x) h_precond = 3 * x := by
      have h₂ : Triple (x) h_precond = x + 2 * x := by
        rw [Triple]
        <;> simp_all [h, Triple_precond]
        <;> norm_num
        <;> omega
      rw [h₂]
      <;> ring
      <;> omega
    have h₂ : Triple_postcond (x) (3 * x) h_precond := by
      constructor
      · -- Prove (3 * x) / 3 = x
        have h₃ : (3 * x : ℤ) / 3 = x := by
          have h₄ : (3 * x : ℤ) / 3 = x := by
            omega
          exact h₄
        exact h₃
      · -- Prove (3 * x) / 3 * 3 = 3 * x
        have h₃ : (3 * x : ℤ) / 3 * 3 = 3 * x := by
          have h₄ : (3 * x : ℤ) / 3 = x := by
            omega
          rw [h₄]
          <;> ring
          <;> omega
        exact h₃
    rw [h₁] at *
    exact h₂
","
",3158,97,97,90,0,False,0,2,False,False,13,32,15,0,0,2,1,0,0,1,17,0,0,0,0,2,0,True,6,0,False,False,True,False,by_cases,by_cases=1;constructor=2;exact=15;have=32;norm_num=2;omega=17;rcases=1;ring=5;rw=13;simp_all=2
verina_basic_99,model,goedel-prover-v2-8b__hard_unfold,1.0,model,[],38487f470df90a94c922a5440f3b0c210c5aa64469b81f07d13d5159a4961c7b,"  unfold Triple Triple_postcond
  have h_main : Triple x h_precond = 3 * x := by
    by_cases hx : x < 18
    · -- Case: x < 18
      have h₁ : Triple x h_precond = (2 * x + 4 * x) / 2 := by
        simp [hx, Triple, Int.mul_add, Int.add_mul]
        <;>
        (try decide) <;>
        (try omega) <;>
        (try ring_nf at * <;> omega)
      rw [h₁]
      have h₂ : (2 * x + 4 * x : ℤ) / 2 = 3 * x := by
        have h₃ : (2 * x + 4 * x : ℤ) = 6 * x := by ring
        rw [h₃]
        have h₄ : (6 * x : ℤ) / 2 = 3 * x := by
          have h₅ : (6 * x : ℤ) = 2 * (3 * x) := by ring
          rw [h₅]
          have h₆ : (2 * (3 * x) : ℤ) / 2 = 3 * x := by
            have h₇ : (2 * (3 * x) : ℤ) = 3 * x * 2 := by ring
            rw [h₇]
            have h₈ : (3 * x * 2 : ℤ) / 2 = 3 * x := by
              have h₉ : (3 * x * 2 : ℤ) = 2 * (3 * x) := by ring
              rw [h₉]
              have h₁₀ : (2 * (3 * x) : ℤ) / 2 = 3 * x := by
                -- Use the fact that 2 * (3 * x) is even
                have h₁₁ : (2 * (3 * x) : ℤ) / 2 = 3 * x := by
                  apply Int.ediv_eq_of_eq_mul_right (by norm_num : (2 : ℤ) ≠ 0)
                  <;> ring_nf <;> omega
                exact h₁₁
              exact h₁₀
            exact h₈
          exact h₆
        exact h₄
      rw [h₂]
    · -- Case: x ≥ 18
      have h₁ : Triple x h_precond = x + 2 * x := by
        have h₂ : ¬x < 18 := hx
        have h₃ : x ≥ 18 := by linarith
        simp [h₂, Triple]
        <;>
        (try decide) <;>
        (try omega) <;>
        (try ring_nf at * <;> omega)
      rw [h₁]
      ring_nf
      <;>
      (try decide) <;>
      (try omega) <;>
      (try ring_nf at * <;> omega)

  have h_final : Triple_postcond x (Triple x h_precond) h_precond := by
    rw [h_main]
    constructor
    · -- Prove that (3 * x) / 3 = x
      have h₁ : (3 * x : ℤ) / 3 = x := by
        have h₂ : (3 * x : ℤ) = 3 * x := by ring
        rw [h₂]
        have h₃ : (3 * x : ℤ) / 3 = x := by
          have h₄ : (3 * x : ℤ) = 3 * x := by ring
          rw [h₄]
          have h₅ : (3 * x : ℤ) / 3 = x := by
            -- Use the fact that 3 * x is divisible by 3
            have h₆ : (3 * x : ℤ) / 3 = x := by
              apply Int.ediv_eq_of_eq_mul_right (by norm_num : (3 : ℤ) ≠ 0)
              <;> ring_nf <;> omega
            exact h₆
          exact h₅
        exact h₃
      exact h₁
    · -- Prove that ((3 * x) / 3) * 3 = 3 * x
      have h₁ : ((3 * x : ℤ) / 3 : ℤ) * 3 = 3 * x := by
        have h₂ : (3 * x : ℤ) / 3 = x := by
          have h₃ : (3 * x : ℤ) = 3 * x := by ring
          rw [h₃]
          have h₄ : (3 * x : ℤ) / 3 = x := by
            -- Use the fact that 3 * x is divisible by 3
            have h₅ : (3 * x : ℤ) / 3 = x := by
              apply Int.ediv_eq_of_eq_mul_right (by norm_num : (3 : ℤ) ≠ 0)
              <;> ring_nf <;> omega
            exact h₅
          exact h₄
        rw [h₂]
        <;> ring_nf
        <;> omega
      exact h₁

  exact h_final
","
",2998,87,82,101,1,True,2,0,True,False,12,27,13,3,0,1,0,0,0,1,10,3,0,0,0,3,1,True,7,0,False,False,True,False,unfold,apply=3;by_cases=1;constructor=1;decide=3;exact=13;have=27;linarith=1;norm_num=3;omega=10;ring=7;ring_nf=8;rw=12;simp=2;try=9;unfold=1
